id,label
941ffe73059292e0effd4e81ca9363c117afc2f4,0
43b6acadb31161c9281460efa3fad0b992a92837,0
64cfb56ddf41e2a871ac5164d61e50b238b9ed1b,0
9464cf403653088420cdb78acacd8cf7fa2255e4,0
346bc5b2d383d70dfccb8fe9102c7f55687f5f52,0
399e132f63c613e0c0cf9a8ddcf64fa42c0c6071,0
4546848a12fb86ef4d6eee8ebd70b9509f302d52,0
fa302108e226a39e547d851744074bf88d2f17e7,0
8e0eb50ad12cf7f7e428dc5c8b556d58135649a7,0
633504daef86b64f4a97e7d176b25a6857dd644f,0
962a992ccb1a4dc4563741297bf76ca79401ebcf,0
b85163bb4a94befb417319977b3df2f712759e3c,0
faddb977b1ee5d91fb12c1299f7df8b2fa04a5e0,0
a4d3ee9a748a9b4ac142abca575ef045e495ff31,0
79a60a47a70f03392a886b43389afcab0bd22501,0
ceca46fa4ca912d071f4647d77719f1f3e34520e,0
3c977c29351e9732997d1440f85c0dd32e534ae0,0
a34a14356771427eb2a7f7f536265b70a555646c,0
c91d34e63587c94add0451f79fb428428e7033e9,0
67f494037200a066f8753ad7eca105cb16d32681,0
a07cf67092f1b982ab7da7d9544c9b158556cd62,0
b217de010ddf605b0f4861ab4b7b59d5fb28e3e7,0
b758d2fc385e6694f02053f4ac6dab295bf5b731,0
9a33521a72ed8fb1f04c18584e0a962dbea647f9,0
37f7e0a1de34ac50aad0fdae8b51d74738e700d5,0
743fb83587358b07f9ce208a71d129194c701c88,0
a6e39cb25958b12a87a4da9ace76e74b5188fc6c,0
76cd1e1725edb67398b8b19ddf3b288f84ba0a55,0
89e7e5bac2461e3de7f85c839c774790d19c4406,0
ff783c17dd941c3a4a53e89251f43a05b6718eca,0
b4c31b0b47df20d0d763688ff48cae38918d0241,0
f0fb7f7200ea04b7000b413c58077396bb84232f,0
7b7c2db601c2c3df1aeedde22295579df63e2e8d,0
d9ba5b2c643534e9376e1e7593783f9f7b8dd5d4,0
1ddc07ec521c25c171270e402f0753b453e07460,0
a247f8d713532a65d556d826dec5d456189ff41a,0
8a70adde27f27c6347c3c5bd50219f18af3796fa,0
89c193fb805966b05a47458a9c073ab7d8dfd78d,0
a97fc41cd4fd2cd0fb9948c8af4799ce4990ef22,0
37a3a7d33e814853fda588da04c9ac657f661984,0
cd5fb05a0f201bfc4d4129f4e0a923e7cdf3cb32,0
49a9a4edfcbbbecf69f8a037ee1c0c7d081569de,0
e2cde9e457117ca4f8d8dbc33311b4227a82582d,0
4b70256312501f4c76572cdd300fc88fda008f3b,0
947d3715ccf3460bee66b7484914674605548c0e,0
364904aff5735c123317346656e1b5e9a365fde1,0
d78ff9e8227829ccf729a07812dd75c9d5ba43fd,0
4714d7550b4eeb38f1ba4c79a465175b43833efb,0
5ada043192ee22db3636685fccbc580be23ea759,0
fe21078bf8bd8ee2b83f0fdf84f8267d6eea72dc,0
43f48441942f9872db2407315286c7e2d086e715,0
0ff832ae0cbe30b59e71ed0689406d029371dd3b,0
baacd649b9f58119b8dc6d73d3129ad91c7b70e0,0
ad256f4cfa95b744a6a3e51d64701f6ad5a48a1c,0
9dffe56b14d6d2592917d3eae905bf1a8fb4d41c,0
caaa5f298171334f0acc5ee12959e722564a4e30,0
ed3589c67cd64d72cfc03d007e03ab73894fe8c2,0
44133ca5b1d087e61d9e77711ac6c462aa923574,0
899237ffc0a786f40efc7db6329c59c978fcbb60,0
058cc1064eef4e019696f722ac0a77458a3421b2,0
14795ed2e697b5f51b6f5d00553b09500b118de9,0
d9fb21c3175687b8bb5f02d464ecbb59cfe6dac5,0
23ef71cd1935a15505fb647359c1ddc688b4cdc8,0
e9b0f0e7eca8e88c1485a88148c1c6bd8de73fdf,0
ff4b9718787291e7bfbcda1398268f39c9e8a8b4,0
424131aae56f1acbb7a99931977f5a54e61ea634,0
9ca5362b54ccab23d1e03b8607b49a974476adff,0
0e16e9222350112b877e82b8a3094e6505a86a9e,0
7a32823b2759dd07486ec9f44d8eeeb1105de4f1,0
88e212b732ffbdc3641e9f5f3ab33dabbf0e5578,0
6b2afdfd3c4c281ee64cef9cd84c083cca97cf4a,0
1792c044d835fb7b97294e7eeba2ce53664d2302,0
6ce096188696971a2b4ea6e13eb0a8e20d483c64,0
2ee619a359988ada5bbe6884359d5429c38c6949,0
972e760872e973a3ef63c0b9cb94a42d166431fd,0
beccf6569c2ff0da34080a61b7490bfbea30b880,0
070e5cd45a4b4535842badbb2366aab42f3eef62,0
92eacd920b2e3a56fdb1f02a6b37c54dc9f840d1,0
dedb22f0b4e9ece27ae7edccac0ceae2f4bdb586,0
bb0fd513952f00887dc0601c2041655f52fa634a,0
1b63c9c8a0208a7ab441740d59b8f4408237ac04,0
239606d92dd1e51492f259896ea5bdbc82725afc,0
848b5c3c00888a9a1263982273216ae8bb59823f,0
5a1a6a7f98526f7479f794d9c7855d57703c516f,0
816a8d3d5eb1249499c402d64a71968d32daa33e,0
738c13d94729df654752d873ca6a1c92305f52bc,0
b44eca78a48cdf0f0438530fdd2dc339ca34eed2,0
991ebcc98ab89ab321589081644985304d90d122,0
36f45e55bbc2bf9b7434ae2d877f3cdd4bb9e537,0
6b87c438043ed228c8cebfde259ccea9e34a0840,0
a09eb2f51706974517354dcc5e0f073a30e59bd7,0
27b2786109b83f50e54a1c116ed8ab60bbf52b2d,0
8938f4cd25df2aaf35a3723ada2253f32eb84a81,0
23dd4348450ddaccbc2509eb5276ed6bb60b163d,0
579f55504d56b64075886b25f22109989cfe1e45,0
f5db717fba1a02cb70ff48929bc99489b5f7367f,0
4369ff82cd742ba4f18388d9a4ea5d9d09bce93c,0
0bd1ad80db9d62f7ce82576df1e97b1ec72afb4a,0
ed989c978d2192428e5c39f55bbd21ec134b58ed,0
033d67c682e72ad44245c7516afdc4803e7492ac,0
66f0b37c2469817f3212fef4490ce8048d1ab70b,0
01c605bf8c5b069ae053b0c66d67de1d4d7e001f,0
9cc464f1972e24e51fc0ae85d160f94077005f4e,0
b6aaf9c5415dd9444e70ff79ade9183e55e2a191,0
28294f75566149d2c78033328bda398cdb934dd6,0
8da09575f16d7ef56bc38e4d3eb2250cf2b762c7,0
44992243ff59c457c4ef040c0afee78a07dcbcb4,0
b7e2bc77f2cf29ab75243fb49834ccdafbce5a7c,0
8636be880710487c68dd658ebeb70441301bdc18,0
b2e15ed83f721ae3fb6c266f883cc82f8137ba7e,0
9241e899dbfc24e54374ec223fb7664e7c2dae6b,0
2b204a35696224e1e4885967f80e4807ec470c36,0
3e165ba3b5594600ef2645f20bee794e0aa968ad,0
d7c41ad2dc86ac6fe4907ffdb35d5b1330cc37ac,0
3d7858c3c12be5ff12ac16f54d3336ca19f6d87b,0
bf10a733afd33e75262d42bd58af431a27000dcb,0
7dca1b13c2035e4be5a974e1dc124709ca0a787f,0
cf607b7e9dd7c553ffd9840e10eb7f5defa7b6b9,0
1955df1aa406ad9b1391d43feaadecbadaf008b7,0
cea95a72c3186f3607f64b797adca343e13294b0,0
06c2ded9c35ca55d406095128cf83cb7b330ef00,0
f04f4bf04a0e91b4f32395c5fcde81014d06baf6,0
f2b599e0e42a5acf47dfd0ff9471effe618e561c,0
6350240f8b20054b03756794b6735c048bbc7c0a,0
30b0a1463f1b794e0d338405671c14077e37d72f,0
8946669e8c60179cee24fb7674a94a06362e7d73,0
a5901b41cb361b8bdb4cfcfd33f076418842dff2,0
f2b827a6b42358dc0e322c1c04e00aa7747e6693,0
a277ab43638c80c4341564be712c2e99b285fdc4,0
9761a2e4112950a0bca2c583834b6dd1bb40d670,0
63d573fc492e4c316b4dac6c38bc8d056b50dfe4,0
79cda52efa6837aaeadee1a849cffb712c4c2b21,0
0d79f1f31c33d130ba0375652930a7d564a62aed,0
de96478833acf1045a94769fcad51a8f8658d42d,0
bb2e9714a8a4086ad5875ecec322085de9eee1f1,0
92ac9085e5a24b43863c2d7575982bde89b265bc,0
7eac2d566024f8c99599bbbad09ab73b8bd678ee,0
8a3d1e3c9cea98ac842961fa476a6bac6f79d4db,0
d9078d39a789e71e4383c4135752e71d71c30f64,0
1b39227b7f144defa0dee78dc58ba5058618ff88,0
6f8bdcf1e80b7299cfafae1bfdb84299252c6f9d,0
29674726d8a81e5583f9263fb926acf36a2c21fd,0
2fa52f5998200c276e30143247579d4f28776dbb,0
0e349811980a9931c205bbe0a0bd2b91828bb86e,0
78caa62081056a28f7442522a7c59ba04d8abba5,0
400a2aafe0e25754e90976e26797fe1f33eac134,0
1ae72bfac44abad222ee4d9b4bddb9f7e844af9d,0
c7cf9e6eca1afba25d80c2c666476b1fafbfd5ac,0
7d09d8a679472fc73c808bf872820198f4555254,0
a8ffb6bd3255a420007e22b97b66c7427c13acf3,0
c22386b1aeb08358d2fb2901253b0d52983165f5,0
a5010fa3e28c8dd23c3dfb19bf61cc9ccdf844c8,0
79a1f0abbfc6d078f51ad22a357fc940bc5454b9,0
a4c266bec6608661a3ad08103c9a91b922e29d36,0
4730c1964e4a76b9bf8171cf9e373ef064953772,0
2b7045851111b9c8ff33e56a08afb82ff8326087,0
f6914bd49fd4e0e01903ef6a252f638786242ae4,0
f25b9092968377665a4932042866a28bb669a10b,0
9df761b61517be59e185bddc3b1d38e524d4e248,0
068a9d66ab0e9d2a24b04d3db0ec478ba4de1165,0
6a16ee546f5e648051d15bc47c948ce1e6e4130d,0
ceafe755f95ae9b2eddbe0649437401a1d0744d3,0
5d88a84b1001fe008645303028466d8330047c27,0
91896aa2b5caa66b0836974a59f299c38a7569ba,0
b37b5aa9e155d6702f2aacdd12a38bacb13b6ff8,0
2f944219a65fa7a7210ced8977ae67075dc5ee1b,0
6caa471f5f167ab21d7cf159e356ffa66efc2a70,0
36f64448a7eb1310b48c5d26e6b28c411a1936fc,0
6091da2499a8f5488660ea454ebfb7db51d0dd03,0
c755f97bd9c8cad15a2d83a6c83cc8ed339d2382,0
c8dd5fb6eb96490bacd9eb7e84789d0b239c63e1,0
13cab70955bb17ba69030386ec61798a50bb21a3,0
0cfcad9bad2600a708ab84f8e42f05e85b365af5,0
34455d023780eb134972c8799dc0bbab40c1df7b,0
95cefc0f4ee449cd10c156c1a7306ca332cbced7,0
fa0872ee246865125fbcf057dabbbaeafd271881,0
6634dd2d3cfa1744dafab00f4fda3a12ed79daec,0
63067e7e22eacb8ca818408940ff61ffc0e77b03,0
ca5c66881a0a45ff05b3acbaac5b87571e1227b7,0
fcfba05b61b969f90347df607b8a3ce81eff70f3,0
a56e63ad038a5130d9e8ab32ebc26f1bbbd47311,0
7357f568758f8d3324efcfe2ab9c2958f61b5e59,0
ca6d68a0e1d2a09c853858a727e25c45f36ab219,0
7a93afed47af842deb537c7f353766ee33bd257c,0
c22ed4df55b2de3aa3a17f4aa9abab8208529817,0
dd5b5d9be5d9161db555281a901f702ebd8b03ee,0
c8cca08a4861ae72de166b5f334c9f887f485a51,0
9ebc11405274d3276e4d164665ab8e684aaada3a,0
0eadb8b30c403c8ee5b6f8aec0feaa5b20915101,0
67faf97efdaccefda0ecfa764b8a671cca594979,0
86b3e88c38f6d949b677da2d66e6e452a6b3b505,0
e14c84b8f03424b89f9fd7cdfa4d3d5fef1ebe87,0
b03ca203136443f3e55904bc65e0535c5d6e9d23,0
eb682e9931d06855b88c35d228b8d305898bfbd3,0
2a3fb7aec88b8b7f3c303a0c6d154406c4eaf02d,0
63b9748d333597114141263f75fe426a29f9155e,0
e8a10e753564bb30ceecb0c6638b878e1822024b,0
13eaf8dc521cb0c37692b5e2f0bc23426bbf8053,0
801ca2da6527730b1c6ce5917996e33748afc577,0
3cb2e70658f14bafe064eacd6ca4cfb01e63d610,0
f3c304be0ffde9641564d8b68ec1f8dd17af71cd,0
9c32b9b0a7dcd06c2591f88ad957cd4ef1d1cbf7,0
0534df53d72cb7d758ac2d9e4989992c87c12d2b,0
026a90867029b4d9aa500a0a8db303d58345a9ad,0
7157705c637092877292e9a4d21e4d67fe138500,0
34e28f05329f9721bce51ce10d9ebc1d9f0a5e5a,0
1b5a77ee9958d1cb20520458827ea41068a7f08b,0
3d891231f2b573514906f97396891978c2b73dd5,0
2b81c3795ddf58a6a3a659a7456739bde494caba,0
7d861b476dcc79f52e065b35a81a04b2aecd442c,0
7f1faabf6923ca22f9cb6a220b12229a74afa583,0
bef935ddbb4fcbbb7d966b893ebb175d098efbc4,0
2adae1de86bcaa43d884121a71bc86b0472a7f12,0
0e8d37df38d129f7f6d77009f823e9466ad51a97,0
d372505f3e994fce916f9b0dca7b95bdae7ec5b4,0
3f961590feeda91113bc52fb73c8eb134f07a032,0
e8c5d61963d3e5fd9a8bd43c0330872fc60a06df,0
e4860874239b64a59a5d435123ca498dfa911f04,0
1c3294e69c4b409dec275cf5e41c4f3f52437504,0
4db6523aec3fda70bd448f259cb9519f329104a6,0
fb61e75eb16ced49e22b41e122a032d30fd7508d,0
add53c19457fec73eb05603ea4b50c269fcc8e1f,0
cd4687a90a7d3e8ce5baebcde417c36dfb82808a,0
192044cf1b440e7c31ec828c04363c58c42d64ac,0
ea814660864be6ccdef8bab41c84adb122c77c2e,0
4de4214fe8cd0859a3b06c005850936a9514013f,0
f6e3ccd1de798e15c932e7a55e07b5acf0e9b965,0
de71ac254737299a5f63d16f85390bc05a62c416,0
55626fb192c1a8edcb011b2f701a908ed29a05dd,0
c2701b507646a7a537e73a5121712fa24f38d4f2,0
526202140870b9b9c35088bd06ee181194abf9d0,0
148fa0e557d3d9986b0fb4bfe11915e7962e6eae,0
a2ac0b1287d4e554f95e6dc4708e09287a49c840,0
f1b9c3b1b29880030e67f30107dac358be9efa0b,0
6942994477c5895049b91d205d8027734f4378fb,0
8cfe13ee876f2e3f1bac3e48293e688349dba37f,0
e66af4b5379323ee39d924532110f375b60cbf4f,0
cb45b6d45fd3e806aa8f03f668d76b64bff05248,0
0e59dcfdaffc1753ba88fbac34a5a6947133d96a,0
f798839e914cef4104b66a768b89e32d8a64506b,0
0f558e19ba8c40d32cd7ab15e04febf27105b80d,0
16a40941e12a02dc22b44ef8dcb7a2b31eacf0be,0
9293e1214bb09d9d1186a823b472667aecd9e6b2,0
b0fafacb614a39c8c89d8ce6c377f3b487bff4f3,0
208d7b4bb89f67b8962bdf3cd02369f98f5357f9,0
6cf5737419f1039908d5a573cf3a968e51721e27,0
4a5702e0c9d39b9da039884ffe17bcfb38d3a584,0
9b35f71881c711607d8a7b77c395f13b8c60d6d2,0
a60a2c710d05e720b4def8a0b6b4eec238882823,0
7815d8817d6c1815190f6ffcbb2682226cb83656,0
8a35624132281d4b8dbb392152794b042ca3e637,0
c516317c7812dd32e5229b44f1d194135e58f045,0
8a908c70d3691f94e7c4b59f8cc6ff0a57557e49,0
fa485412be16f10e20f67897fe27c10858e53a0d,0
74322ee1c07db3353e6df7c6f841b9ea75bb5c9e,0
941815bf86183e71082a592834bcbd266813cd56,0
ecb58472616b3295ee1e1e2208326d9ae8324847,0
9a16e4c76b2b5e84da3fb65f916972b8ee5a999b,0
6f73eceff7b1f8bd3f808c069e58ce636ba67ffc,0
a1287911af9b5ef46a9b0bea5c1000e2b44ae82c,0
285d25ee11fbb5373363c69b3993102dc0e4190c,0
fd46e483aca49129e0fde20486053fa59bdc5294,0
b712cc2eaa5222ecd1964ed1034d785c7ff47da4,0
bcfd4c2b86bab734d9e46d30c5f6bba13b08c2bd,0
9c77ab46fd96eba38759b3651cd719c00f3bbcfd,0
26648bfe7aaec6f99ef25992d2ce46d5e9aa9940,0
d330699879b6e662723399e0822abb9b5504a108,0
4125c9a165571a6d21f9da0e31c94570048fef30,0
948e7e1c3daf88671600a7704bedde19546b9d80,0
842451117a9e057fd8cde12288735351b2379f5e,0
319bffb5e9476414bfa8550a8b8ddf9cf1dc853a,0
f79c5126d0c0fe3b7fdf53e3fe1195a2e723e242,0
e2a2fff05b0402b6c88e0150a3e99bd801e20419,0
8cfe78541070ff0536c4671d728cc299cf8341a7,0
c82bf2d75598a30b80f30acd335d2e9742579621,0
9d43fd2dd0709623850ca2efdc55e136b45e99a2,0
65b031b428d2a1ec2268d3b04c143be6b9e07079,0
f3dafef8b80b207185b6e1e4b95679ae8fc1f052,0
043ba444f3669f0ffe495cc0f26ffad792985d46,0
bb6e1979aa87a04a3b736be17fe66f26f9b29b95,0
458c5aa1fc217c08be8d3dbd7336b5c6b1c5b2dc,0
384e944f64abb9843471079808e2485b3382c3a1,0
bfadf46ddf10542a165d351755d7098cecf44803,0
aecb0c73dcfccb0f968d17c971268456489aa8c5,0
20ba789e0918ffa908ac2d7f599e9771e5f28a45,0
60a6291515bbbdb64196f9aa70c60593c176286e,0
16f2f8b35b5a76014c2c8d618dd19bee36e8a6b4,0
403cb502b5fb60e364d99598326d9a6ea92a2334,0
d8cc55e372c39b34dcfb665e66ea9c0b51588394,0
5380f9b0f86100ffec650bc5cbf1605154f9bfc4,0
a78468db52f5a783de0cfe78309284d9b1fe9859,0
548b8701abda7b4d2b13b9b72b0bbe219d07ff35,0
d7705f79dfa4db4b252ca227bf39e4b07cecb4a0,0
211eb429bf800961a6b96e73fa1c541e8f275757,0
e3d32896b783bba1cd7449640cb5c3d7a749d7a3,0
5f284cb4506e9d39849025da49cbc0df647ac9fd,0
29badac58315e7f18769488186f83617b856691b,0
ac6fe4954c227690504299ab6db36499ceeebe01,0
b90d2de3fc433afb35ce2056f36ed2720e513376,0
3500651debd88a9de5b505df0c4173b18e004022,0
99b2e592647e08e65ec938105945255f15c69866,0
f38919b8f9df663d8529a64fa421be702e820f04,0
8af200b7645025c6bb7974714c98e4d1df2ff0c6,0
ec22f9661d1ab0b27713697c8027f0f584d758ed,0
087a3a7274ff1abbe7334066383da7c991175f29,0
a96009f5c94e79f56907155a948e0edaaaedeb0a,0
d160cd7df257dab79c89adeef2a372ba4c1d152e,0
2f1dfe143e90ae695c4e5536b5c18be929d30804,0
e4990fba6c855beb5d5e997f55d93fd9dab5e216,0
e15db1da9aa0e82841e8ff85d7bc6f27e88c1316,0
458aa61913a1b81dde43398cdd93fed2eed3e054,0
e8a737aec7e51563a25f1ab4459544d6d97c60fa,0
ff0da1b6d6cc49ef66e61ddb1677ec74e128d1f9,0
a5a3d193514f6a880cfcb848b9e1c2f206e44cb9,0
8e83d25c31702bd93fe713d7098bf8d8885cf0e9,0
acb95fdfe0821764332629f43383eba3bf8588e2,0
dccb762cf82a9c2c2ed4e712e213d70408271d4d,0
9ea53fc981eb652e5f6df89f626ef3f3fba0a5e7,0
edc0d46182bae8850f87075799d3366271d86d58,0
8dbb43c77db380f0bad7e9173133ed0211a6e3dd,0
0728059ebfb12b84bee0bb6e3f767cb8f415ee5e,0
ce218efe1614566b352af8ec9623b2389315ace1,0
f6ee1ec2a9f990c84fe762588bf4f68c1b221820,0
56d3d5cc5caa55bd0587d0813c714913dac5d281,0
169f7be45b22ad10c8eabcc9739337eba0a524fb,0
64a032a80c861c35eced11be33a2b212e142514e,0
666f89f8e8638d92a8ca14c4c7be209081f560b4,0
704222ed7f84d837384e8e54ddc15f5c356b855c,0
7dc7480cc9d18278a92ac9c7b7324af67b27fd86,0
66fa89e5f111a9b27e4be39dd80f625198438fec,0
4d408068b74a3f2edd102cb1851481c10eabeb30,0
7541ccb120271b668f0aaa0f1df55e61b57d29be,0
ad5f8350740da73baa13dd2a5343faeb0df77738,0
293d6727292c7dad2ae582673d1ef87d2261db40,0
0c861ab0b7346b1a6139f6eafd3408ee9ba43c2a,0
4386b8fa0cffbcb6aa1fd0bfc2297a329c7a1fb3,0
7478b07c45cad0b17ba6d4a5ec84cd139afa53af,0
d7ce1bcd6eb3547f957a52613c5b72158e1cf354,0
beaec0330a88e7c76597cf631baf19a685947f32,0
39572f5868eef0d1057ad52d89fdd61b272dec74,0
0a6a7b37afebca9f4ce0182be2a061d22d8a788c,0
561051b155dd2021f1d80b8decd040bde6064b1d,0
61961d9a9682351e4cbedd0667136f6798562ae4,0
ba16af9102f69ff0294069b7415691bba9acb327,0
5d0f048f47396a8bf2522f22d440d09ce190d516,0
8965f16dd705a8a430813378f32673e6ea0ae61f,0
2fa5d6e125869d7ab4aa5bf4912e39a874ddee11,0
d8369cbdec89cd3854fca06fa49bb4de96449b06,0
8b5debae591aa6edc20a88e7fff5a4934a13ef3d,0
5571668bed7d38fecc8185212a34a16d3ac806cf,0
d8b7dfb9181e6bac81b731ae44981690d4e7572f,0
3b0418f11283d1f8bdf1080a091c05b8d733c8bb,0
90a0199f7b287d23eb0e21e16663d47f9ab1622b,0
c8c61a85795add6e3f720b203bdd61d2ec32d22e,0
51f2fbf6e3e7bf2529b86638d468a04cd1facc25,0
f04790615c89e92e8d73c990df4cac1311e26321,0
547b2b899a86783429851c92e591cc9ea9c59900,0
182db1a666378eac6fb89ac301ca285cf0ae99f0,0
21d38ea99c007ac7bda6e607919da0994004badd,0
515350cf2ef89b9bcac15cd1e6c5e845171d6ac7,0
63f90f2607a3553a30f6b6fdf3b953e71e3d7ae7,0
8a688746b1f299e62c542e478941aabb9af3f83e,0
40313eedc7e1ca202fc6405027d94385fe20fe43,0
240bdc529ebec15910506018cd10c8f1f313f4f0,0
ed0f0ee39c5b240122efc868ad408dc6fda805f8,0
0ae92e7bf60242c790d56b226f6745c05e9036b4,0
74405e27a28de7c49b7cee46f4a58399c22e4734,0
866418ca030606263a8ce0596aa45c7ea64e0ecc,0
841e9bbd20e43bf66ff2ff5ab92e1ab79fc5b59a,0
7cf6860269d490430be35f7ba3aad9de486afc6d,0
cc4ada2b4f515ec63e8fcc9f01065d6a453a4760,0
8996b3c4fc48262d03b51fa8467f115e979120a6,0
9a97efbeced145df92d8eb5631bc93d2c2be499b,0
1680b9331bf363622e67109c26030efc8eccc420,0
7b35f12926c9b89b904678519449e98ee2628a14,0
f161e6350b42ffdc83165e355eae0d785741bf99,0
c859bf67d3d39da4e1e2df6ee4a7568cf6f25917,0
0f5f4f22617fc086b6ac688b18b64cd49c5130b5,0
833c309c36c57ec2389cf137890ea50ea59e19c0,0
1ff002fc76ed4add585b5eea3580f9c0c5ca3dbd,0
094851ecf62a78c362d8b77378459b8c5a983963,0
b77f2dca4ff6d8a67d32e3fe634164ac35c185ae,0
48754e8f1ea6e01badd043b50212d2be714c86d4,0
637a907eff3c5e8a0b2164b03dd95f588ab56a09,0
4eeb359613e484069bb9beadc6506271211fec63,0
ced3ed11bf9d4aae333ed5ad9d94a75f32ad653c,0
0a47d6fe9aff52683bf96447cc0c7649fa1ab98e,0
6e5c44d899cf76a6a229fa65707ce07950ef2cda,0
1ba55df0a86fbbeb16fe0f677d45f950900bb07b,0
351a3443fe5b103974209cf4993ae1ee185be576,0
aa6deb2ad1d3c2a4dda9da94adaa6abcf5808a30,0
a6cccfb723c6461565de7336a10aeb6e5b0c86e8,0
ddcaa7d92fc8d3dbcfe5a10010a1087c2ec2f7ca,0
38df0613cd0e0937346429eb68397938615c2095,0
637d06479a0a9655850956e9c5f132afef97754d,0
2cf0f1a6a0b72c9f7e432030b77b9927631cef56,0
269143f1d980cabc2331ba65d24ed3036ac3e43f,0
23015b517d3c1d1a2a31e50cd17dc2c8549bdbbe,0
59f481ebc4dea5c893c4d5a815c810c7cf05a0a3,0
317edf0f8ca58b3db10837ee8756eab2362c1d67,0
75f0af50658ea2566916ad5b9f2a1cafe50dee76,0
9fd53f1202f02825db725cfc68300703aa854915,0
ee6c2ccd01fbecd1fe523937cb8aa10804846d48,0
a8b3009353710771ae8410b3dbf12b2a5bf6e70b,0
f67e14230e398e2ef9c53c024af9f73ca5f3c789,0
2fc16fac2ecfb2c8d2489de84f4041170ea77065,0
7694b9af286009aff3fa22b9a4c35530d0f172c9,0
bf42ac76820b9c005ac9cd6574cc9923936d18c1,0
d64f51ede163bddeae813a0eecc066de80ec31e9,0
fff4fbf5b7a8a944c4720d1f7bd094e5047e7e7d,0
8d59cee3733ee85622b29c99a0452de817e51295,0
1d6c4adba843f5ef08351065d06b175ef821f273,0
0edc1eb139218af1b389d91a8b7af7eaf64b38a9,0
23b4a11bbb251b5f72090923699d4da5ee411480,0
021422207bc47aca25f2510cd184464b5cff7a09,0
42321f92b8e46ce79291137f8606561d107f06bd,0
9c14358c5658f23bc1a56c1d7ebfbf82fe01c6e1,0
f4d613c52c5c3c785e05c6d3ab9e5e569ab1aae6,0
adb27298482ecc2623aa1fb27c6a9b484d9e51d0,0
c617b5bc6c323c8a5ec45d1081341867cabd90ac,0
edea6f8a5f4dd5baf75b527fd16e0aacb1545786,0
ed67e867f74b2370c44822e94cc45baed5a82026,0
c5eec8e3dc31298bb166e11d1565987720116a3c,0
b73a98d27fb8b50873ff22d0ff1e6f1caac91dbc,0
bb4274fade437f2497201a6b2803071a3131b41a,0
9c55f0e697d22b98873f4c0386f308756625347a,0
911f483643f641764ae6d27c89021ac0458e2467,0
a4621702744371f7d382e5aca92e6547c7d13948,0
e21f736aade23bc1db362a22bdf3457269c9488b,0
842ad10ebd6632441cd35205a7a14d1337aa7e17,0
4fc9015cbff58a6f8b0a60517b5cf39101a26fe0,0
2cd24f73b80ac23a45d585db7014cbc9c08387cd,0
7408c47303cd8ebc7d628f98f375b0fada51e8af,0
cc31411ffb24e46bbd1626f29cf822a66355de20,0
0da82f507f9690a9183f2a94f2e6fc08805c5631,0
6133f8cfcb47285894f192cad6928b960198a155,0
3623c89f2b5a67beadb5280c1d2efb27f28fa233,0
e4a77e782497f8f58b2066f3b7a97f5fcd38482b,0
2ee265917f45bd920a7f360a98d367efd93eccfc,0
f95416ed7dd02f31fa77793af2dc43bc8f9fd91c,0
c0a7e89d054141693604d055c6efd8c87909a24e,0
fd61d0c085d2b9afa4ea0d51bbdd1371aae3f80e,0
3578144ab1523acaab561b77d536a770e59a888c,0
a3e865e697bd227e0b922c46a95cddd5cba21ba3,0
94ff4f5ce322722db7b93492e702637d0c3aa87f,0
9cd8ddac4d3354fb594f3ce0fb82cdc85ae1c5e0,0
94f414e5ff12a174e929b065502570229f51cb90,0
ac2b480f7338a130d538e66262cf72ac9ed7f21b,0
e4b6d5ac9ce024ed96c9fbf3b8cdf2f90f68ddd3,0
b3c8520a82ef6eb15506ac921746e0677f21b68c,0
89e4a1f188991d68d2a2d1bc685e5736f8c75e22,0
c7041596a428d5d59f6a3de0ef83be604357b173,0
c286f15cffa5ff24d0cf3bce47f431828c5d6fa6,0
7459887ed195e43bb0192ca3032d20750d549d79,0
87b7d34a1f751da5ef88f636f29cdc588324d9fc,0
e341f84ec98f4f9b56e9706b4ec1549633aabe37,0
7bf798b1135205d45d628cf10d8229f2b24f0939,0
f3ac928c7a95e3ea04826c6d39af23b3b956ace3,0
f2eb26aa50d2346243abfa256fdd4a1d88c24397,0
e48cc97be16be04bc8effbf28df4439a1483a4f5,0
60a15aaebd27665f9631418f035715dc55eb6a5b,0
3710f1062ec848da904442e2c2a7e4102643ce16,0
0153c8a280c34e8277103597c017bbb6a71da87b,0
8f1d1972a635052c230f04039719cec01ecd5c8f,0
e5db5431ee9f59e3fd47b7baa52c31836a54b25d,0
8f1ba0dea20c7cafc44d946cbf48cbac49b27015,0
d93f7eb3e885f1e8dd8dcf86ea86e6a7af5bacc1,0
74bbd17e6a214df44e41787d1d53fbfc73a9587f,0
ed4bf6b5286de00d06949a96e5ce008c68e3e1e7,0
e0aa276c89e19f61ba43d31d6eafed10e42ad44a,0
ef8ecba25889e8a5dcfd4aa5a8fc6e10dcd9e41a,0
93c4a4f7963b529bccb20e631cdcee3ee5d19ec6,0
9ddddafb0381cb4032b8ce29ae5db43189dff83a,0
b33d131a5ec1e9324af9e59be3d08daa08f1d01e,0
1b1bda499f5982679136bd7905bf032d9961141f,0
46d696a56d58caab2a0759aa8663d70ecd08d2ee,0
4c742e40b39d5029cabad1772bc892112eabfad9,0
e06aa3334fba9f7c36dee4aca4b579d2e0d10166,0
78ac50ca8ac6517a5ac7afa2224ef1509cb2932b,0
93bda6a6e89229c81fdb25badb2871332c214587,0
81702b5a2317ad9fbdb869bb9f827f4c19ae491e,0
82a50a1cc77e47e444fa37a9122687152efae7f4,0
86daef41b5634d69f941104d53faba72a501e464,0
fcdf822b28260b07448f5665ae8cb0247dcb61a6,0
2ce167a174a6786ce0259159c55e75b98f3d1672,0
b4ff722d947f877aae116999cb6c78586f88d3bb,0
4f95e44bffa6f5d52db8f79153809d882bff8335,0
bb2dc2295df4c677b1d06af9384178bedca4ec41,0
421ee76669b5c8f0fff5be7c1bf4ad0c4d532f73,0
fa872dc604cc83f48189615220dd690d8cc2cdcd,0
747a944d4094a865f8e6f695e48abea7f8fe4a9b,0
6253842003dc3b8ef583a506530994dd997052bf,0
a180e72b3ce2852c3c80cc5f73b5203ce3280db9,0
cd295b6d6b2c8c2fb9a9be9fa6e2d642f61fa3b0,0
7a904a52eea16bd68cc8e93a4f501b2da7562a3f,0
f62150e23600e3f65359c754eca7e01cac95d208,0
2d89bc58a17f5985c4061c3f174e98714a5679fa,0
388a52c26e60a852df201ef31a8cde3a944de095,0
dfdb45dd18a782e2d704df164e170d9de392f648,0
da8fc7107196db3b00530069057f4e9d342e5cb6,0
7a734e139b8b34d2fbe60b49cff1c592808a7660,0
26d2166e5151f4af06d136fb249b43cd4cecac85,0
2214ababe6eca506ec0dc070cd2646d2b430e76d,0
18844e49dfb412e2648f42df25feb1ec8ec7d918,0
9cc8289d5d08f875e841b9e002387e3306450b8e,0
d433f05dd69c765fc51c6a94a8fc57b7d573fe73,0
b4bcf3d82faaa81b9eecc4987f56785d1f244547,0
02a8f746c650a70cf0323c4202c4d64a7efee9d7,0
b49cd2b57de355818b649b85bc6c0b78f71c7c9c,0
a9900f8e7a14f08328e568a515679fa906a05c80,0
ac7ddaa02b889ece51593c84deb14f7f9c1c035c,0
8c6e8ac83fe5fadba6280f70216967793f36af2f,0
7d84a9f349350f576dbf4feed221f9bd190fcd6d,0
150d3d67ddbdf25729e206d4174d7978fcbd92ad,0
4df21b03c4a8ad9f162571f91d7e308a007c736d,0
39c5624887fdd174832e67ce29047e714e269990,0
52462905f2bf3fc9e4ba301205c0b87241efed39,0
f18d1c7c6bb35e30d30672d6e3f183213109be3f,0
ca6ede6017d2fb165b63b3cbf7ffff77c7075225,0
5a90985a7abbd69e904dc971ae03cd52f87e29a2,0
fbd63c9800f9d8c08270464c3ae02ecf8c611155,0
5738f32238f3ca409c41b62d901d90da4b738602,0
123d0c3353be7d56d4b4a8fceb8c22dc3514c335,0
1914b73cec9943a77d17c779d9883767871183e6,0
0b713bd45515d6949713a6f908f1281d23334f90,0
c0f5fdd409865cc40c6e69bc730f1d4d5486316d,0
dc5896e63bc1a530a28f767ac9e842f81d4b2866,0
e15630fcccea7e8db7be908c7eceeb0b7fcc5493,0
a6201d73dee9703d3edfe9e126cc0ea89357541c,0
90535e98de13b74887b346cf9dfae8c45adf4120,0
3302c43be673324fe347371dfb7f1033c81511ac,0
3d3a75f083cc55f4e1ec1a9f287c0444eec4f7ac,0
ac171333fba48b5dcf3ef6481558c4f3950478fc,0
356b405fb7d20a473c04879b3844e027a1efedd5,0
008004ced7e72c23ac2f430a74526e2896775aa3,0
24a5f59c05084f557d00215a2d71bccf2a7d5205,0
6b019143147e04d2d5c99a90bfd5556dcd60e96b,0
933408762897f21de871a56562c967a67d841a1f,0
636c564bd229c659986a19115dd25c54217a66cc,0
20d2fba700d0195537705c0b64b1a4a73a01c435,0
37d220f6f0257acde041937dd778b4cbdbc4f0c7,0
828aceaad46285272ab4d6699679c704780ac674,0
510d9204e6aa4c2a7a46edeced073d43464bca41,0
962f8946c721f38be061c612db3bb23d1e54db0e,0
4ed986bd6882969e80d97a0f42bc637b1810a03a,0
be606c7751269499d9a49d4625989636c1869744,0
cb5296f72ad6d61fadfd311f9bb9909ca3abbfbc,0
440cf10a9195badfe9a8825c3afdac0585e236b4,0
6789a7eee142615d16c85e4577439094dc2004f5,0
ec96e5fd342dbb2b136fe57aae943182d1be7da5,0
868e995fe59f72ef1c44b7266e1a19313c3986ac,0
42148249b71a3b41cabd7c6839684ef7dda54cbf,0
8297da3c4512c4da32f28bf74326a9c200393a3d,0
3b8d4729cbd4744157dbb4d223eca6201ad39b3f,0
5bb7328ef7aed7ca543c1c1014323bdb911a5f59,0
b23069dc204cd0593125fd6543043b3247d2038a,0
afc1fbd6da8bcf42bb0277d729fbc0d6674caf2e,0
1b34eed6b3cb01943e7bd1ea1d2694a8ce5243bb,0
e5013daa1f2fb057e742f527d1623a30fe5669cc,0
7ea3ee0bca795d28cd69c2afbc1f93e136413506,0
03608a7b873775ed0151869255defac587430838,0
ed344706ffda5e1fb6c92ab12300c99553cde219,0
28fc7b98bc79790421516ff43d3984ae0840351f,0
e92f5f93ba677ebc54fe23b8b6b6a606dda7132d,0
d25f92be2b7cfedf46ade41da8d3061a17a6dde2,0
245c04ccb85800474b00d4966f16343a36cfc099,0
95738cb57f59152782231534486525c65769fba7,0
dc9b3547eb97ffde9130876e5b81080cb094d086,0
64b055281c4c648ee5e2de6d102370b267d966c1,0
ae77d4e53204f09c434260b1d09fa3ef6f1b6ed3,0
dfbbed7b46d69014b80cfa4ddf543b61c9652add,0
26f4554fb4fd64dd6f2a41fb26a421e0ca477a5c,0
75232b6ceb9504d88885da6424d7789bd16a9171,0
3f29d978f6d10e0ea8831c8f1841584b606c7392,0
e99244e5f273f0e6e8d80d735e5c8ee7a11fc270,0
277bbe892e7cc0e76fb3ba806a4ad9c4b1bafbb8,0
0c464778a23bba4b1943136a5600fd78816a65ed,0
a4e86865db2276e3fc9583af6510bf943b4cf0a5,0
fe9b83383ba9a375ffb55a84f316305141532380,0
63b887ccbe305b715abb6315e967bbdcfa6a8309,0
394870f8ee6896c11b53c92be6998dc9c4c96887,0
d30187faa480642f0108768c138cea82f55d42fc,0
0f00e64ce3140149e6891500d53d63d6faf13be6,0
a1908656a2c3ce6fa8964b7f2e4eb4bab0dc8eb8,0
70a40243cf0de7bf3c9dcc03c750889e1c1667e6,0
2779c4e06fbe2bd26bae8c1ef1d2a759ee0e829a,0
7b3f54e463be532154b989ae6f4ffaa787f67b20,0
c310fc67655bf0946a006661412de9faab72cc98,0
2793ced9f380a4a7b92617e7eab2ec3d9550ab88,0
fd4d5c1592d2d390c5db482aff8fc5e497de4265,0
3029bf67c0bec3371665ff2aa73f91b7393e900b,0
a22e030841662cc7786fd4be01e8207f661fa488,0
4c2184a8bd4865c0d76fcaa051f87bf110f1ec47,0
a692b77484c1f25cd8becf2cf4e7a5a8c7f0adc8,0
2710c28b4115f238c2ae1bca6e9130a7ebb14df4,0
b88f7a896c6cd1d22ede548c7a2e5b08b5f24a63,0
b00d25b8ee855071e94ba30f3ee6562383328227,0
abc81e58e84db373104adf7f64213a9954ca72dc,0
7418300c1dd457d2f36d8667da38f9ba3ab236af,0
f28187e30e328fbcb49999e1d3abf276972df307,0
9afe0818b0d3a4ca0660f5ba85cb9e5e169cbf98,0
e036a9b74711aa4ea33d863a8804ada75928ecdf,0
044e5b74a1d88647f64ebb9508cdbd061e4d7d43,0
f468ec2f69c5d2f529ff02cfda9cd7432f4a4984,0
9e46b3c0e357766bf939a756c03bc32453969172,0
969f805dc0094656d62ddc48381035f070d4622b,0
08cd8a47895a19fe864e26eff96ec6b663feda45,0
e63f19bea8fd7ec99f36bfd499a65c939fd6c46f,0
0d26dfab294415576f0641d4cd74fe028f486e17,0
650c1d3345d4bdf08de51eb85d9b1bc315f886c2,0
a567b769a8876f0e18b6df9d536ab059cc7ddbef,0
66954997d72c72bd0c0ceff5bf8aa04f8d8b0ea8,0
7b75bc7e089f42a57f6cb7fbca57a800c3dd0fd1,0
29e786571f45a2b29cabcc8865d3a629a4cfee64,0
0be475154e8f51e803dd755fcd374545f335843d,0
6646ebd6c3504ec7e2f154a971c580a686497689,0
6d73ebb69686ec9b2022c4b5fffa40eca6abc9b4,0
412be6ae4d1edbd60adcfea5fbf67ac69f8bb3e9,0
c358dc2eec9a699ba7a13811e0ec542c1c92ad44,0
5327faa9fdc6b234bed16245e8c114e188593606,0
29c92e06f6d72925eb2ac9544415929da918bd1f,0
52fce339e4d07c22b40f295b75385c4f43e37e35,0
4051803ff78c4d8b3844ad29e3e660c4c34dc3e0,0
82181ff2bfdfbda9c3d4342dd9c24029cb00c104,0
6278d1f0a32b131ae3fcd9935b6602c98f4e2077,0
b1e2874a75a99f922ec25db45f2fe35a14da6098,0
13a15aa2f6c0ef8546ee2af95503c0c2790d9617,0
763b9dfe34063e862a38c9576fef26bd1c59720d,0
b8c000d2e3eb89e445938c4a586d1e6cf73e1e47,0
b593554d6091e81f7ef1a6d36030f039eb9591cc,0
d44a302586347557d16a7327090f76805af91db9,0
d82c0d67e18e85dc1533fc617d42a7f2b79a459e,0
8080c0cf033d7ab344163bfd7cd239ad756d3186,0
56112f70542357a53b4cc8077d7ca4d6a4fd1179,0
c17d77e9d0aa68d8ff49b702f5e0bd529e2d28c3,0
abb850b23bb0356f7590673a376683a6f6238716,0
91906aa37995ce1dae0735d63ae0864bff618d5e,0
6e2cd2709de0da6f754ac5b3d1f0f8e75e7ab708,0
64b064ad35491a2a41701d8f5b7790de307d9ff1,0
f0d2d0545a4014e3d19d20b6a617dc41a57290e6,0
1c04881a2ec31a5e73a697d2853830370105ffe6,0
757f4dd5d771c409ce9b1b0b32666be749d0a62b,0
a736c5436455bab0af449b654b18be6ae834182f,0
f94ec4fd13ee34fae1eb2fed896d1f3ee6af21b2,0
18443d0b7c7bf0274fc03de3bb1115ae23ec3dfb,0
e87da9a34304973e340039b19f567a0486f77468,0
f3aeb934373c0b101e243e2673cba3ab84c28db9,0
c6a643573aaad0ea229b5ad1fa2039cbd4682ead,0
f6ead42378f8332a97c30dea038c3c34ef49f5a9,0
41104ceab4234eebeeeeb8cb18164ab80b503b9e,0
b9b15ac3715fe63a9d6376a313ea25c62fa1b725,0
68d750da988befc3b2cba505988494283b3c2e6f,0
1a76e500770b593e8d9c01479f6583b2e824e7b2,0
c89c7ea8f5b0e3036416ade04fc94dd8f54162be,0
8232b4235cf6856c23a0b10f65cee703f5ebac7c,0
4c86382ed214cfce40a9ec1e1dbec46bd36ca2ae,0
3392ae4101c50cdd3eb1af6127eecb2c9ba2dd8f,0
fd5ffacf8a44a08611b04f92127b6afaf99e35f4,0
764309e8c99ebbe872ff74be0486edb76cd2f600,0
52d7e931286d3f7e1b62895a93e78f7146493c58,0
7bbee8df3049dab67995c65a63f5f91652e7d683,0
f992011b383e9fa5a5edbf40926e7e8d50d00f7a,0
6f4c597ec1464018a9eb7345788779799cffc872,0
b956a73dff1ec198bb6b34488a525d13f6de749b,0
febab4151a82f0ae213bcaf8cabc2b6fd1775a9a,0
1ffea4143d405b7c13180808d2fed6fc1651a9fc,0
03f34b2d556a31cfe8dfa23f863679f73cbca3cd,0
3f4e08eab68abaf7eb2a380cc59a80a3e5932567,0
a6de3fa8dc8f12eff6589967b08731e3d1c88c37,0
f17667aee879ae54c6deb3e0a1e5e47857d842b1,0
0494008f20683ce39dcc21573ab7fdc808c6fc20,0
6e410b616f978ba29c99c76ac661e80a5a3c2b8e,0
7e3e07c33804b7c1753dd61ab134986037389559,0
fcd2e00847bf67666e3d9bc93d2d56bef81cd377,0
30955ca2fbb14b18de2c8cc301cb8eb48227c2e7,0
bb30d41a7c8c84e92db7ee4ef6923d8030f27f9a,0
d694da881ff1f744bcad71fd41730b2fc28667b2,0
c60e2e3b58fc9fcb81b48d11d4e5ee1fabe10c49,0
d77fd2e3bebf9dbb16cd58e44cbdffa72829df1e,0
e24a4eb5874be9156c507e2bb2b212730432145e,0
2dbb1f1aa7dccbe19ca52953085e48a1a52b9ab7,0
6da4451001eab830e537817d62f21b8aa73a97fc,0
03858c9234a0583569de7a63a28f6f482b07e50a,0
aec9703d9ec8166c1e3a1e2f3d5ab9079c45a19c,0
eafd7247f69868909706e28dc0d8d30e9247c4ef,0
002598585dada9f22ab35a036d8cb80765e47ec5,0
791ce498f30ed66248e4df7366fd98f02d670fae,0
71102c075a30578d26660fc16fe217d03f1ec3cf,0
0a238375b0e7eb350622dafc5dd0d856744e999f,0
afb823e05a40e0d981d3b15d14769e50f60dbb37,0
cf0be77f53ba15a4ffdf87681140a326a39150db,0
dbdf2607aed2654fbd96121921e8272a31c97efb,0
42d1f7499908d1c3f0c593496c4c3d74baa8e29a,0
e3bd70503c189ff585f907c29487c00e5abd2486,0
16ca5b73685a9e1bd4a7f356cca59cdd0892713f,0
747c6e680ae2f482e7d794362ecf2b367cc76cb1,0
fa897ecbb7942bdc645509c4aa9a89e86a4537d9,0
a7aa2abaa4d52c1adaa10a37829bfa1e6ad9c677,0
ebe87f440cc38137043b915c384acf0e4a008bd4,0
1a58800fab5f1f3ef70292ebf3654f5185da97cb,0
7793c1decdd8f0384651cbbccd847f422faea9f1,0
60385845cd3d7b143923edfa3a44638b5d914bc5,0
1addb4d86a1e38e602ee0e7425a030aebdb33c1e,0
736ed6488deb1256c16fe0c239d4cc0f5c40dba1,0
c8920294e9e77e6a7854f3b90e1161988aeafef4,0
2c90d70fb0f695ea4347f42df1d0681a779447fa,0
1f4666d7db4974b127f61a46bf06445adaac00b5,0
e53adbceecdd1f67f373306f7f3e848ba3dfb6bd,0
2526b22139c65837ad540ad6529df57e714a16eb,0
d55c21a718ec8a67226f4e9b69a9ddd2423842f0,0
69038cf8e11bf5f8a0aedb15609a4efbe1b50a84,0
e6f37ab687df2ed997d2c468a90773ce5afc20c0,0
5ebb93c574c22f6b634772b797d5fb42a3950dc4,0
fb5edb7934639c44f26b4ffc5b8f8e0d0fbb1519,0
4012378ec2d8d72ce12f5eaf9b05cdc8464aeb79,0
9767116e582c698b74408d0b82adcb6409bbb344,0
57f574606fdd3363c17563a18ffb6253bfe95c68,0
b2fc8ee6f56dcd8a1c7ccd5568a05633c0c79729,0
004c9be98d05d0fa156d101c12ead34cb4aae1ee,0
e9d08ce197ad7086388c00606658c457e935a2f1,0
cf34bc9a7f1de6c60cc293c1335167a856107106,0
fc4177d1e9f1951ee08e2c2485173ca1f82a7b7c,0
ae4d012bcbb32acb7e69ca7297e763fca4d9bfd0,0
d63a0e230ddf676ab702810ac3fc97f3416e7d59,0
1d451cc9e5237fd368dbb0126db314223c8ce510,0
9b4fcd811aba75ddcaf6d3b17633360ef78d80b4,0
7bc4480653d4a4f5480ad18653c474b1a988a821,0
92bd33735110b1617594e2c33ea0fdbb7ae424e8,0
3ec5ade70fa5d8dbc3fb08a90046a795b2be6dc1,0
5be95a6e8be864514b1376ef49efcc2460605914,0
3fa7b58e23d7bee16e5b88a856cc2fd07e3904ad,0
c8cb5d71280a4a90a5134fef6d26bb06a485c42d,0
d88e609c596aff3735a9dbf6f63edbc533addb1b,0
4f2dc3193e6ca5b932c6e85c4f167a934e61b757,0
1438041629e61c83015709a2c6b0343a72a28ef4,0
d80d14a53a2430dd794a299852a3d5a29ab15d05,0
3a40cfba245cfb80d586f357d45fab84c4af5ce8,0
80743014f8cc7dd08b740bff39bb8f653f4fe891,0
fe6e396a24285a38bed646e5cf7a2c86df8a57ea,0
2300a3f0d54375bfaedf2cadcb097d3f361cc70d,0
2284d73abfac29a98ed5c7c42686690d48d068fa,0
67bd11ede9e027e4057f68f58d91291aa8f10bb3,0
7d30cca3ac2116dc7c884c21ea1a3344a03d7f2f,0
3571baa4a70c43718be386a27cd1c5b1752c4198,0
ad260d2c9522a9f660d51aae599540ce0fdf13f8,0
d7c00296bb102b90805c93b531870d938b44ba6c,0
1dee53ca538d4c6834550ca55c7574aa846a767a,0
e0fe1b9e11fe76f1df23ddaf62c4a8a7af49c8b5,0
9237013493e60fe70cd3dfa134c3b0cb2438d040,0
7a12991dd8c45a3b14f4cc85ff1c74facf5ce0c0,0
1cff99a4f2f722d0626775ff75ae3556c30f00db,0
4731cd35c47ebc240462a810047448083ac56f9c,0
692ac14ef8fac6cd83e07a12bc5391b5029b2578,0
84cb4409222d7bacf651e003e0ef5c756cd04fff,0
5c9c797c2fa5107f22cc26edba94850751687b94,0
f92ba358ff28916a8a4c9386a3139aa1ad3ba533,0
5a6c04240a177d907dd83632d43af8a3046a97b5,0
a76743eda6739988c8e6a85f15e3d145a119d2a9,0
faf1da5a57548803069ac7f667baa4494fac343c,0
d1873a719936b1acf2f76bbd63b251fd34265b5e,0
c21f3f569c8e713b860c552b372eed766dea7ff7,0
c6c0fc210548aecfbf4d00938feb491fb6f34aa1,0
c17ac60d4769a136c461221f0e93a95576ad3ed3,0
39f4f368120c1eae44fb1efcac4765688d5494e0,0
0e60ca0e43fc8535dd5b07948ac5ba34bd2dbd91,0
f96ae8667ae62c86f7e5f19a3fdb7a0fd6edbe80,0
cc0a9ae5eb27d0271578049f144383a900ccc99c,0
1a9641b818301d7f0dc05f8a181f7a02b0245070,0
88b0192fae218c581aa49d85be71d8a93b445faa,0
3f694c022de2c70ed8db447ceadcb24f9671c197,0
17ef48444cdd7b1365f9df196c8a494deaa1f836,0
565328feb4e5fa960d36f2620394857fa63ade7c,0
0900aa64ebba0467d476205f40205d3fd22bdf7b,0
0298c59aa8dafa0470470f94dccf859c51de3ebf,0
7d1d944574fc73245e91aa407ec7dae6dc552ee7,0
1a2d887d41b02a0d9474a1b2197044a55ef865eb,0
84966b769a0775e896cc1322391719f7f1343ec0,0
5402f943d854f2e702706a24c43cfc8e8964af9f,0
385fab741cd1f040cf1174a67c4c5712a3d1e4a5,0
241295529ae99e35d3d621b6fdd1acda64aa8958,0
c83cd651cc75563e54721c3dedea56baf8dfcd38,0
9b885faff1123f2fdec11013ffe254062257f471,0
5010015e6072d2ff3faac73bda08bde3c35fa41c,0
d4cf0ffcd3a58d97608eaef9ec776bbb1621ee2d,0
63a72bcb3d6fbf159c6f092baea452ad3796c557,0
37cd28744cf562a00d4a6f9d428ae4f8412aec35,0
8906eefae1df8a5f41cf8acb69f8c267dbf9f5be,0
a9f77c15d2c248e89858132bed0524947db37c7d,0
338b1c11e807a8ad0ff7a33454554e3b046ac884,0
de5cc12cc34965bdf748692326d85f209dac0a2a,0
2c2d3f4fe650ffe3742a415706d59c189f17ecce,0
53cdc4378b63c5a15fd8775ca1db85fa87c4d766,0
d6373c7b046d5639d0459cd203defc34dfd725bd,0
88e5c3f31f462c3019b745e43a754a154c65421b,0
b29de42dba673b35c7d168543ebef73f78915cd3,0
0c14c7337b84ce8a77ebee8a2dc2bcb953ba56d0,0
1e97d11dd6d6f54093ee1fe5a1aec18897bbe7d1,0
eb088ffb31b80416d734888561330f759c982121,0
6816cebcf79961bcca55245eb13dc3696477db1e,0
57165dd6964abe7aee74b89833320d60ffeb29af,0
2e89c1911d3008e14c097d5ab975b342508989f9,0
9b1d2fb06bad53f2b89ffc27c50a0cc51dd126c9,0
f09caf853613626123e2439dc85ffa3429bc96a7,0
4c0de840a27279aa08ad62c6c65644262fe99857,0
c5b1e1b322a4614362dfbdfaf8d1bf4bb3b5f99e,0
6e4d5617f272113db41089142701f9e4343e1507,0
770e11292f9769a6054408fe8545d1f377514b5b,0
da149db62c97ea15f5d8f0031316c13d481e197c,0
c93ddf2389514d9aa77f9297e33d5e4989d86327,0
7fbbe841a6ced404f8e1fcee244f12446da6cb6e,0
fabcd85d26b2475866a8e240dbac17703740ea22,0
a7601217288644d2cb3023af7eafc7da917cc68d,0
e1d0c312cc1ccc9827e94d22fc0dfd0e23302122,0
d5362e2e5bbf1399ae5a78b948e4f79b52a49568,0
2957ff1ee6eba01218e5dc6460b9532e4dc241b9,0
77763d52147c735bc182111a2ebd73912a01a06c,0
d59a5777df5ad43c03e444e97766c8982cfc1255,0
a62b56caac3124c3bd89ee7e81b73d3bd9e198fe,0
d069ec871f2d79ae47ddb85dc8b825c972fa18eb,0
884fabed446aa6e9ae5c2ec2e03b2fddfb1e5677,0
09281e4ef8572260869b93d0b9440d5772d50c4c,0
3e73fae95bdd2f2487dfae26951af1bdc32bb584,0
77009b19da71c7a562fe8a27bce92a8ca1957a85,0
35ce3e685591a39d93cf5e5b2ad118a69393c938,0
5672d6e4fc2fe334e999698f4851939a010d3d9b,0
496ba32b8d1803d0b8587e52827ad598bc72a8ef,0
9f4aa42d92d7a91408e9722626dbb9d96ce87952,0
17b43a689d19c19205deb489a33c5cb78f93fcfb,0
d866567afb7aeb214935ba26956b14df31a43535,0
55355f191e20863831ed8fc9ad0560226b6df03e,0
f43166be92b9498bfb477ae477289813064dd970,0
b640000b7a114b335d7a37c5440aa21d5fc206d1,0
8e88639225c9767942bdbab295da55ce182eaa20,0
7299dabe7215d286aabd86ce2b1e785ebfe812cd,0
a5c1dead3cb6736b7a85606608958f4ef6b6c53a,0
28e36d65560ed0253ad9e49026dee840686bf864,0
5c9be5d095b3875149e94b3a4b107e54be7616e1,0
52a0b1ccde48729e9d7f9119b04e84d6b560f90a,0
c704e1588bd8c29cc20789524c29954709b276ac,0
702b901ab13daa191a2f69f2ab48eff7ad8c0536,0
7d3b9939d7e800ff0c9432935c788d64f9c5b67e,0
563f400f06f48ef3f007b1efffc7b536dbc1feb7,0
c3c045d10303c682c14a3b6c516e56ade63b47a5,0
db3d7ee887185f87564c19b90a7e9d6e14787f77,0
1b9630cadd1ab2a5cf0fc7f5c706f8bd488e62fc,0
5e29960dd5d61ad3a4ead3c389112edd0a8d21df,0
afa5e4379e139e234bafc2c4ecc13ac5226f0aaf,0
bbf58fa5fab73cd290426d0be64229eecafe162e,0
d8409ca742b23fd0026ab5306c750b296b6496e1,0
bb561980dcacd09cfeddb8b7a1416cbc2e3d747c,0
b862366968971c29b94a95e391b239deb752f2f0,0
261afc8a6476980d996d58a668a23a0174fde187,0
185d3e7739991cf7f9b2e649d67d4d5850dfc637,0
22e593b9f7652d92ad7d1e0e12ff239a6edbba12,0
5d94c8b0f0645c894c0ffcb292bbceb70393ea20,0
bc5a082672b78c3bd81f1e698a2041cb3e8fab55,0
afbf0590fef7cd9a1e281a2f27ff4c49c10068f4,0
305dd8985802774f58e7bb96364b9791fdcc94b5,0
d433c40e7fcd3eb0fe37ea51a7c8322ebbdd9c1d,0
588cc13a8f54ce0dd0329bc3b52f4cc16da71478,0
e2265fc37fd82f14d97f8a2aca24ae744d1b365f,0
0bd42c828deaa78fa8f6796d02e5535a92925c68,0
112f735e461293e40519021a6ade87b1c182f586,0
729ee9ce6fb7f98e71db13faf1b9b89a08e76c04,0
03de8f4c4f36e87a0bf56ba106798a992951d929,0
7331b9dc4559e87cdb6e952f256845e1b9b9cdbf,0
631c30c934293f0c096366cfcaf76a2ed5985636,0
20f2cf462fa6bd5ba81aeb843484cc0a9e2f255a,0
4250df77bf75d3e6c1c93a9c39a98f5048792479,0
5937a0078efe9890b932bdf86582340b95c551f1,0
908f2ff2a976203550b1faef85059e342fc89f11,0
4092371d3fdc042bb3a8baf5581ab9f9afacf963,0
54e5de0fb96ed6407200a231c7e03ebe24b9fed1,0
b2c337c9c774ceeee04251baff01b212a748550c,0
0d1f1cd36448f5bc3e24da8c331f2a5c6f00656b,0
f7404c517ceb1d1ebcbe64f2ad18aa72dbf346a3,0
9edc91c243c359884bf2ace34f1d3316ac4b9668,0
26dfd402d710ad091e8a81bc4fae77d4908ec412,0
0ef657c5edd6b2cf3f7619f3efa547f7799744f0,0
979b5aea9e1611e83d6351ac2e3834f6c1053653,0
b45f8a12f037711f1f1d916872b92121362db249,0
0ead300dc7549acbf1244cafc127cf9957398528,0
9f111168cb6ac3c62e31acd7737ea9bff82ec1b0,0
8b8ab84cb247c022168921ca21e2452989b4c464,0
5930b7d9bc9561906b6baeb407e1f31fe50c44c4,0
83aeba7c1909b669790d2c6729e9c56c4f1736e3,0
4cf7b7d8e65848f3749588d260915d49970b96c7,0
b3b21293377735dc0c799b5c801cd9778bfa6eeb,0
bc196399356c163ffda8212927512d827d83bc60,0
a8a4db482aaa9c82f8a1a64e105b01f651dfa1c9,0
2608fc098a997a49cd8ec5339613dd7b5aa4ecab,0
ca9d659917caf6e94ab51d5c4a87b13a6e15eb36,0
db8406b16f025300c7e241c51ecb9413a98c00f1,0
ed151000add6a366093903246d9e9b802536e2bc,0
0c4ad8f04f05b6380ea791f6c72ed621a77c8a56,0
d9954ae202a7f55a305343bcc28bb47c2a685d70,0
1f4b69a88d2582ec61777e596357d25c909cfc97,0
f7b3df1c534519b61a9e25d098af4ddac9e31acc,0
ee922dbad4626e0a3bb3f6ed797c05f71aefdce0,0
ee9b5afd4416495087e6bcb5b8c7436425b7e825,0
7e3bad87e2b99748217432f0629d75eae676261f,0
493abc68c0c430b210edd456b8b17c7674e52034,0
96a53c6548117e3caf9179b46849013251c0c509,0
ace7970ed3c57804eae6ad1f1710eb30dca48168,0
7fd1a226c66cf22a63d68888930ee0b0f83cf6d5,0
84d97c93ead5c14ad0166dee920cb7504c20635d,0
cf64d0b38e5c21d8ec838389a88f88b83bd311f7,0
832f61563808e7037c95b662891478d820bcd47a,0
695572cb34b730b33c594700f0521de1705b5711,0
c4c69ec540cd16193980e7bff8ff7bbea5298a39,0
5c9722da79fba7e39ab444e666020ccacb21973a,0
d04c36004e60ef9bd8ca41336dc3507728740e01,0
31445b937570d958ac1397aa73b30457d13b4f64,0
7b69b3d42648eb4b5d811cd6194d6e69b59e57ca,0
731b36085da55cd5523b02b6882300f839d11404,0
6c30da506fb481da480a9b47ea86e36f11f24e14,0
466d4d1d785bf2548b3f9391f51b129dbc4a7484,0
c4780d8ae62e1a709373fe829746a5821da54b34,0
016a57f5782bc30821be7e47f0ac23fa28c5ce3c,0
6219b5e12e2dc93e8319b8b3b5f74a9b9c18be9e,0
5849e61ccbe1dd082793462175c36c3ff83b2547,0
7b17250123a3788050e636c4e88ec681a01ee7d4,0
6f840936d96dcac16e6e99d508dad58896b83fdc,0
5784fe20830b28ee7432f92a654ca7c2f3e05401,0
08275ddc51c00c9e3c38483d6e2274e64202e2af,0
7ea95220ff48939c9e2252a240ce1d38ce6df242,0
f5d3e539975eb4c666c5476ff019dc47fb741394,0
42e1bcfbb57efa38236661795a7ffa1032f40f10,0
66ebd93e4cd4a3866f8745ddcffbb55cac572cb1,0
e992a6c42c9575cd0bf78af6d5e17dd94593877d,0
a9145bb2be54396c0efcd85dafeccdd6c4d3cd31,0
ba2b30880df19c63186c95d8dee4b8bd7e3fb081,0
35ab95e82094633511aafde4a13253dfe68b27e1,0
32552b532aa374922b2082294a85cca97af1d6bb,0
7bfa080d8e010fa4afaec69dfd3eb8ecad770c5d,0
cae88002acb7e5e197063ca0b92bb3f7a9461816,0
4f1d3e7546921f869d918e9174a206ef8797b03d,0
5c84c9de82b18d93b9f14943f5025a4cc41c6f14,0
f7884578a535c6ef24dc981611362a856d654f58,0
9333bf13335d4e7df564b7f4808b2a66c6265497,0
145aabe075b17f78869ba71820a4dc00d8001e0f,0
bf1d5de653bc2bd3b9a114ff1292903673e1c7d0,0
3659b8bea37d511e3b5413e1d0e5bf3275d367b7,0
eba4af8e3a09ff27b0f9f76074a75fe182eee397,0
db11ffcf37f33a231e18802652c779045ee31b19,0
fe0cf9c02f241efa232432959e24742c6e0192fb,0
d8a1008c992e13bbabb91e5c76570f44c4812c76,0
d88ac589258cc7fdb3316c6ebd89ad47baa46281,0
a24c82fe51c2d41799818592a116078c5c92ec64,0
0d4998ec35f3b0416b94c832896ea7fda337eec7,0
2c40ae4d85852d048d64eedee69441b359b173cd,0
659fdba2366518229addd03889489395a15ba24d,0
a40ef38ca3c2fba650b82a6fd4978692c880d01a,0
c637e3796b2daed7fc7a1e4650e8b10583bb49c8,0
22dc4757e265a9f39d132cef6481fe26d1b9e45b,0
76237ae4d3c688685b71e1a8e698706b3311d2dd,0
7cb0b37f7d65269a3c7284f7a9220da268f40b8b,0
4c9627db0126198678e664dd9f48dc186dd67d88,0
9bbcf7423909213093019dbd9e54797907b576a5,0
7a182ff10c28cb20323b1d207eba965251cebbd8,0
eaca82750d7f4e44a33ab1b6f009220edeb977a6,0
64c0dd7a78394c333b40b213302c3d4fba0a2594,0
5e35821968e0fb4fd3e542ac787b780ef8ed5463,0
5ea5e2bad1f602b00e21483210b451f4329646ed,0
e930b07d29fcd6a40df8554ec1d695b44263426b,0
a736cffcbf635e8fc8c8b22a4cff7de88d946699,0
a04a219e4e1a9f847dd544a6d3fb1bc899dfb3af,0
e5d20d7e38f562b4f114385c777334ee7b243162,0
9008a3e74c73331ac2c0b29be07a5cd5bc47bd10,0
d87d52aa65c3ab7f4d8318e92f8940bc2f4c47ca,0
fe6b7a2661c996840b277d9acdc8e47d310e3bef,0
4dc5d1f9d0df84c4214dbd13f567e5a88a187d70,0
a1b527014cc1a409e595773fe2dab9597ded9b40,0
adbdacbb6ffadb86d4c4f9ba6735439a2a78a7b5,0
68f145cb9640db5ad7dd622386d76692556b8709,0
c8a1675b4b392ae54ecb93c78df69f9c9ed0fa09,0
ca6c55a62272ee330b0814447dcc7209c6d43369,0
1bc7f8a52426b7487d82f9910705b7c59c1d234c,0
fa5d44177d1f9cddceca5996c178fe898ee655c0,0
0c6903496579df1e65120a4ec5a5669a3067a6fa,0
7c2bf5fe01740c9927a8a7e2c375b890fabe9984,0
c21647c83519b0e0fd1294307646b6dceabfc39c,0
c050b31f3f8f84fbe75d98a84dac2a10a51c1b82,0
1bd25d0c2fdaafae79411eaacc155205318ac357,0
f29f1da922e16b8d205481906c1d7ea3953a18e6,0
7b154a81dad614b8572d930056b9843eeaff8e16,0
38e2233682669e2d35f6d30b05c879e03d88e3e0,0
86782e80c2045492ad62f166d45d72a9dc5ce88b,0
0d92cda88977fcb8c264e425925f856313e37029,0
7da5e0aa5a452d6867d3c17fe7e95cf770041f24,0
8420fd908509e1eea33fa3545ed5f1c28e5e7e80,0
b1c79dfff37054ce8edd5bb2b70a70035515cdfe,0
a337357e89ca2650e85fec669350c2d03aafe047,0
5c302e09fc6c68b06393058285d15271812c89a9,0
c6cb0c94408385020bb010909de587f604b8a20a,0
cfd8c572e0d99fa026a07228c3d8e0be7dfc4c1d,0
3c3e3cd2fc14953388d7c6d492f19f44692e682e,0
4ad1970ff743e197cfcbc7be62da038fffe90388,0
dfaab2afc24ca2e4d0bd2c34ab6038d4cf18d442,0
2c19bd19cd5737f54ac64886121bad9f33d038a4,0
a4ea72ec8adfb62095bb41fe282d679fc2d13b21,0
d927f33f697cbf298b01b321c7fcd02d56efb4c1,0
31897b0a748c2e26fbb735a2b75ef6928fe79600,0
af6b800da17a553e4e26dcda86e9f04a99bc0482,0
97f0926e4a2a0e3c6cd9d7de4d88d02f155da8d2,0
b9cdd29093253d77f416bc385bc0b056dbcd2780,0
66bbe6b5c3ca60bb83605783e7a41b3948c24822,0
ef95ce9777cf3409a78befcd732e51ccbcc14632,0
94ff75526c6b2d66dba79169253eb7f231355415,0
146059474687f42d976521640caf2f6b5bea938a,0
ee90293c096645aa8657c59697c74222c9cdbcc1,0
4e759960f20beda4ee6f64d41c5886f1a097fc1f,0
65b01e873cf534d3c99e67d480b8f445a795de0b,0
b19b4d50380241131c16228ee8b2fd80b5df6330,0
c80d39fa58b708bcba1bd128d45f43b0954bbf1e,0
da52eb98cd6ab1cba1ee91ad396d240957437ff6,0
607444cfa1c971ca3c549b46632c7361d20174a6,0
887d2b628ac19dd9983cd576f3453f8d6c6c2d8d,0
08c9d24128b8426c25d2668855d2914915243c6a,0
ad3f3acb75c06404d2eb09ac682105b1ab4ae175,0
a0a00753baeddb655a44d0383466cde342933ca1,0
a7a87e66734b25a6ca9fa997c7ec37ce1d8fc76e,0
b3006290c4b7673b7ab4dec27e9478b8ee96b386,0
4425fdc06b3ea56e36567d904aa62ea1c7d28796,0
71f2075736f321295b5690d5a5705f5ee8cfb24c,0
b9b279d8cabf5a4902e2051fa23857cec9c0843c,0
164f31f2b3cc6c7044eab5f2cb9478241996fcef,0
521dbe366bdf59c4df92f7068c56ab01412be964,0
d6a883f00566a0910d988a35cc0ce1e50d6d6492,0
299247ef0d4d59e31326b60703db2c9e2304646c,0
9d276c21dc9439e4d942fef916a23da1ba147ee9,0
0b7ecd374df87f9c6ce2fefbc0256758643cd14c,0
ddfe42a469d90877f44f3ef28536e171d2606e08,0
bdf75a5ab271996dfa2f3bfeb221e3304c039e35,0
ef6bfa524df44670ba95dbb790a47d7f926ac38e,0
e11f54ae12a22753563b8b88eaf604361de3a1b5,0
a8cd038eb0601a312ad700f84bdb37bca3f8c94b,0
23a18fa1c456c614e8530f8c5fbaf0996c434bd1,0
e840bb7aa4b1731e5fb9d3d2483d1087e786f548,0
edc912d835fbd9abc89247f5dee8a9505f4b5879,0
34494c29d7cbb2a40d6c5decce2ad87f30dec486,0
6c4fd794d060cc3d2c20c666c316fb092dce5d81,0
a5147bb22e0431c534271994deeef36db80b9af4,0
d44ba13be1f5d576608a2fa141ecf514ffeda6ee,0
bb81d33a996f61951a4393ea5c63ee1200a4cc59,0
9e5b3ad289edd8c87404a39ee9ab1a768b23286a,0
ed7d9356c6ba3059d2f4d53298c4219f03a780cb,0
ab20e5824a02c3c471d1ddfd7016cb3ed222d7f8,0
de590b6d81eda7079897210c9ff59af20708c743,0
a504a53dd418d86f9b612c0711c247553a4a27e5,0
f509e9c43afb4605702bd322d0229b95e6b1845a,0
15f6b167677ca204c5d2a7192702969364e9540e,0
2e9c18c6a4a1bc64b16ec5a4acc87257765d4f79,0
1a0acecc289e6d980a1b3b1730305b4fce62fef4,0
9419a8ca3487f9fa90aedeec98834430dffde2a8,0
95c721db30da68d39d433917c0e18df4f1d4c1b9,0
b23dd9a289bafee053b51178cd3822b2796aafac,0
1a56cbe7ddfab96f84c0d8484cdc3d96b6741c61,0
10ae2c369e2ae70b510c4c7893b3972fda6fe470,0
cef72d0d801921d0f6c958d27ecf484ab8590711,0
99973d5b4786a13b085cec3972f0b3be0ce675bb,0
66d714c30db6e1eeef1d357117885d34178a9dff,0
dd50cfe662012664dcb3a82fabbb65d7ac061fce,0
17aefb86a10ae4f6f71e259f34bbc34648ed0713,0
3f4f7ab3d538181d817f761f99057089ed2a3797,0
6a510ac15b64d89fbad7a603447766f6961cec20,0
d15bdc0fe2659fd514abe4f7e2ed0073d6a02af8,0
92d6f672554d102a036701d454dca7248a6d2efa,0
de754deb0fc4b966b26b4f65b6f17634ea64a09f,0
2096967f614590f2cdfe7ef9e0d9ac8ee856e9a8,0
4fd917deb7ec70e43e7dea394f4deb08873d6d7b,0
8b5f0b56dd803b513813fbc909942868c27c1a1e,0
f7fefe009515b88c0ef7ea46b0d11d5eb4f27bdd,0
a85966f81f333e93a3c6a7061d836b77c874a1fb,0
926ad1bc9a7d9aa3c042c0357f1463bb3445e89d,0
df2f21635c71461a31422d0ba9fa65e6cbaa2373,0
83b4fb883ef3ec2415a3d27b731f8c2c2ce06180,0
208be1e6ce6cd8638170d39a95f70170cb05997c,0
07ca64b467963041408f6ff0962d940e2922bd66,0
7ca85f12fa9afafbd7233a3780dc750c48d1a82f,0
4df6c09e7be721d3c5626fac0734710eb0434edc,0
6d70f5192dd5a07b719a69677bfd3d4608963340,0
839127283137d6fd3653ca2e468132ce7de15dab,0
9c206aae322f515081b312139de402430f1de755,0
55efc4f0505228715379ef38c0f92c3af1bcb87c,0
6c4f2ca33eeced9e94b36a2b99ba74c41c6fc431,0
6fe39bdfe62d1535dc3e1f0fcb8f171e71adec2c,0
f7e6e00f1f51249aaf14028129936b43233096a1,0
10850c816072477393b4f0e2647404e1d36507d5,0
14c14f9b45bd44ba3e5ad44148bfd0f29b11ec9a,0
07e0420a8975f1f73f501ac76b38b0fe7d782b0b,0
4099c90c149c861ca3fb92871bfbd8437342782a,0
96ceffe0ea83de9c57b05fae657d9b7486472adc,0
be91baeeaca506a69cf195e3b40a3eae4b5e9639,0
e1a080f835f8ea7dca2be14342a774a7c8f81e9a,0
2b3f23fb7ab2162f677d2a857e542a4f1f87220e,0
386715bae76c7a8153c5809b792c0127e169c5c3,0
8d30b13b4679ccce0fb2921299971ee05197a295,0
40c2d680e3c89b4e083b6289565f98ef84c6f2b2,0
a7822a6e9ac6bcb26d46aafc26234f31e80fb243,0
5ac83e068d70dbde130c33fef16d1f9de1ca66cd,0
5f0f0f3d6e1b7cfea80b89f518d0593b4ba6f954,0
387f042390c6d56e38621c548d7804bd2ee224a7,0
7999356f26d1d013ce9a8078e25bd6d54ce3d518,0
afff3544f84dddca2f5e28e65a92042f97bbd3e3,0
0a695e91d5783cd69a3ab48642e42098287c7ab3,0
815eb3342ae230797691cf281b8cad0f89363281,0
e10851b2125e5798ca5c9ca31f7e99f8e88b3f67,0
66b08f6d68cf6c343fcb87c7803f0d68013bb08e,0
926711552c373677290892e870a6e18b2312266f,0
700efdd9b9f250edc8410f057070ffeff3a3d170,0
d2c8e8a727bedce130613115fb92197b10b93ffa,0
d190e1706ef5a88db99eb13f5ad04cbcc007c72b,0
3366455f825f460021d3deb629724ed2eb8fec00,0
c6e1a329a424d57e8d149249964cf35bf2d6253e,0
260e05b7226e7a07a96a2417f270c608d7b54ab4,0
0eb8af063f73c4dd6ce4c9a01d36f4ef2834e312,0
04b046c6a55ff5465eaedf629711ccee92bedd0b,0
6941607d504fc5ba7a90786377dc43fc25eee887,0
a11b1360dbcb4f7f3b5b55d644f7b0b95e0e99e9,0
729ff72b2b07e6cabb716130cc7b2bd0a2441b4f,0
8d6cefdf8ede56f20d35286c222e1bcf1ccac136,0
e5aa23a198243eb56455c94eabe1f0b963e310d3,0
de7d4aa340333ae93ff601849ef9a20bc18b03db,0
27dd34ec556cc01ef0d2f81a46dd2dca45f360f9,0
cf6b59c0724ebd5eb2ecb4b88399166161e4517c,0
a22e5707864b6bbc0be27f7334cbf3b76121981c,0
684d0fe0bc1ffdcde57bdab7c8de8a50576d5bb7,0
eba0604de1a68d58f9959d6d87533bcb95dd8ece,0
d45debf8e506c327993048143509b0c67c6a0cdc,0
9fb4a9d8f4474029a2530efe514a37fa5b8d65cb,0
f170097639c4b6c1d50cafa020d5e48f20af8f3e,0
8882ef12428bd77863f52da27bb9cf51b960c213,0
d5b400f53fc0bed26ec6e92293a2481ea41616b1,0
dce06ba89e152a9d2f88cdf8b27472e8d265c9c7,0
8169ab935e9e977f384e22e74aeb0e79602c5650,0
ae68972fca83b0403ada427a2dada261de2d01a1,0
dd752745021474b0752095c8d6c8af72ea9f40ea,0
ee1f7ff2454c2d4447423598c829c10e1038ff8f,0
09121fb2a449ffa767cbe6367cf969f619b1b8cb,0
9f82dad695c70dc16e1c548132ec25d108e25650,0
2ea909d86aaafaa1169ba8ee82dcc057ebd03d6f,0
98bde227e288e66d9205f5ac50dd633ebcd533f9,0
fac5cb7de84059a0fbb02eaed6d38b464c7f9637,0
22b28336c16212ecedaa7d15ec5e1eb1d0d35892,0
4ffe9d3e887c267651aafb97589bd9581aa51828,0
643607738fac2fbefec41434c125b232ad2bc190,0
8c87b5d40158158affbd74af030c72e24add943a,0
931b3f9f600732a6c9881d58567c224ec92d821e,0
d1662014c7469f8156086f753b58184adb4c28ea,0
a4392b8ac282cb8c9fde6c929d1816ffcec22232,0
95445c63a7a19922fa3ed674191b9b0d223e8f4a,0
f5c67c641efd9e9f57d58776a0831d647df8255c,0
38bd4e6b91364e23c57a49a15a42049cac009ef5,0
70739d074c0f7ae88d3ed21748243a9d34c613e5,0
8e3bb7196bfd7391bd56db1d1678754183097022,0
fb27a4554441884977112723b0546804649a7d6e,0
073f2b15367ab723fc0a4d6018dba6e28e62ea30,0
4d827cbdb05469af63b59192c33029c8f7c8571a,0
a0634cc3512629a490c1e42b31a9129a057ccfad,0
292dce7c1f932e9d4c4c71c99ebb3884e5f5152e,0
3f2d8a3ac8047b9fa5efc1e94ced722a3eb4cec8,0
c3dd6a7c3cb6c44e9392d23d67a781fb883e7768,0
03f9a9f64c9a89b323cacf564cc29a8a25b14b37,0
5329d0061c8da9fcda77066c00766ccdac7713c2,0
8d52084af679bb3cf876af8d72786a6c1f6194e1,0
152fea19c94a4f91432ef902e1f9d2f02894faad,0
c45b12c2d2c5d37b0ca0157c4bc7ba542442e9e5,0
e86462a588e2728ca916b27d67bf9a0c56e2e5d3,0
d12d486201dd1ba78673c01982a4a2ead5974b7b,0
192e62c73a23785060a3921a3003f8bfed8cb149,0
308b6a3474566454717b4e012ec95f4024db7ba9,0
d50eda4adc559be5119c561fe1e1ab2ad0ebc5e6,0
15e76f14c95db427096be24a683c08e7faf10f23,0
81d43334f8f95c377068f91f3972e987b5820a59,0
94961daf98479a0e177dacffd5a92317155b2c26,0
1b033dc8a85e50140aa8a3d181934cc68de1de83,0
6e03150f8944280e1b1deabad4202ccbfd9a388a,0
ad764916b7b7325e076028b043f0f6adedaf76bf,0
337333ea583b985272e492b989d89726d8367560,0
0b30b1fae7934389aeaf7392996a681f789cd975,0
280d875c885f616d2ae63ee3ca579d11f367313f,0
1b7fa5e8ba31235fa5f67bf58ba77a494a27c150,0
18713bc19dbcd924422e7c40d7cb1bc85d3683a2,0
fe0c0b6db886ce4e00ca865279affbf25dea19c6,0
558d87a492860dc8f68f09e8f91cfbc3fdfad67c,0
d58e8c8b42bfbc43632fc796c7941504171b2c2c,0
1f0c21fa55dde8c2c8f442924966b7b795bbae88,0
d7b8b4a12fffd4e1f7113013b2d7c4a992fa702d,0
df13eb2e43f62171b7e32623273e7355a8e27245,0
ce1124fbae1121fa791cc644067e70685c65566a,0
46ed935848f9d2be354f2d52d324462ddb431ad1,0
70c62811b9d752d5bba9d241e08274c37a3b20d4,0
f0da0945712c8ffe7e8215c97996d96e5608da22,0
38caca22e557e7070d7204b5899538a39fc0506b,0
5a99b4a5a42d28fb0f831f0a5e78176d4aa38966,0
ce22ce8d1dcadc8fd7e3263c9ff1062533ec8f57,0
d6fbac6cc2650411a7c427a5514b932782e66826,0
a6b72e17e89a4179c9178bc276ac7fc0113769a1,0
b008f98dd739e2655f18ea1d1afea747fe477744,0
b951a5da05fe3f201b10fa3eefba5670d73bc894,0
0a9c1b253bb6d4c5908390337ca1a34d352f395f,0
5a9b341e0520ce453422d2d124974b0a9eb9debe,0
1a1a7b0ec4f4860f1a556c6fe1bb25da0f54d216,0
f82193332b88223d91ac4c6a03a9fbd912cb591a,0
4d4f26230101baedd16ca70be6c7e00f3adfd66a,0
88c9f2fa46c85a5767ebb566d1070fe059ee3669,0
d94a1424a904d493fef586ce618675ef597e604c,0
643babbcd648508ccf912df3b3ade7705d82af48,0
8e93cb82f606294a8abea99d4cab9507409a2a9a,0
3394fc4907140443711a456419c2a4512e0f0767,0
b0b61f9d6e2947cb4549aaece55eafef06b3f8b0,0
84683073f9c94695f6cf761c1e6874f8a01add06,0
57fac1c85a0fc607ad03a56aa1dc126a2dc8ffa5,0
3a66dd553e226fca6090bd9d88dcf6e16e594a0b,0
60334abe3709c38b87e5b867f45c4b160574038f,0
d16f3f14ab2f18523a36248e1c0bdf0e91d44ef4,0
ec262f69ae2421c6bad0d58a02424283f44e20a2,0
53672e06c9ec979181c7ece3c22453cf9af4b440,0
cbb82e50aad3a55dc07e71927c2c9051d1a316e8,0
6c87ec0c5d15ce23e5d200e394756e4b719f7f03,0
df3fa74a0ac52e1431568faa427798d3ddf34f5e,0
55ebe616ea4e70a2382089ac4e4881d4e8828c1f,0
588d27fb37fde4a6e19d698f474ec8aea5055905,0
254fcc187f60ae31f02cb65a0d1f70f9ea152c1b,0
b738e6f2565f4526325ce95eb8ae09b3319bb7d9,0
26ccf8d61bf72bba5ac32449bd25bfee0b97d289,0
f6bc9ba51e60750d085cb17f30f8fd44b8174d83,0
3a365308ebbbab17bcc168182e19e507fc5bb5de,0
1fe1ab6779bd276d12e595301f29fee2044e6add,0
23e37192259c0233341aa4a190439e1dc8dd034d,0
590ddbfa416509d0802032c8ce1411c68f59d0ea,0
5a76be86ee7247d35a10b7b09896012186ffbcde,0
ba988a252bb0944ce67c61b464524e13a4acb41e,0
23acd632cc0cd3a6a8c8f027587e283b13ccdf1f,0
48e07fbf780775f35cfb30b7e97e8cc3b3567196,0
53a99dc132fc2eccfe68756c58909c960793a839,0
73008b07b69fdc7b4950b105dad390e472641ffa,0
500168ce6d2f9af754dfdb0c065fd107479812f3,0
d42c54af4dda746b725ba215334b5f0c9185c10e,0
26fc385b0cbe6353dd91151692f98cb3213c7a3f,0
9b435db4629dced23a79788649213d3638fbf9ed,0
265569af6b105f26287ba43f66ed7260a4bd5984,0
71717b59b78226e8168280a51233c87e615db6d1,0
cafbe96c903d8d93c663adcad186f38c63f5e8e3,0
f55511fd162cd1f753ad87bf6ce19864894c98e7,0
aa63000740a2d2f35a8446b8648ea5305fe70a20,0
3cbdc78241bb370dcb769b6848eb15aafdf5fe27,0
43fac0f3b14752c3e5af74dfb6662792a0b3b8bb,0
2794e7ddcb053cdf060436cf432166f215d11d4d,0
87aa0a225c020ee9d08efef6b4415a964c0c2c90,0
8f1903e4244d00c32efa0feafaba6c4d22dd64eb,0
5f5b97b70e4f78a28e2326f7099edb3ec0fdabbd,0
8f7187ffc8bc684931d5adba8b9e62d89db44dc9,0
bfd770b90e27c2373e5d546a5b8116e2ffb41ef9,0
02454651af88b88e8bbe5dce4ae5de1aebcd80df,0
30ddb5eba48543c5ed5bab31680b854752e3d586,0
e636877f86befe1e6f8b40183905dfcd89ddfdaa,0
96abf8e4136496134eb7f0e201b79ae93b9112ae,0
5989326cd4418639612bbc8eb5e3ce9cf526ef54,0
76a50ca45300aa0e6f14a33b6d6bf90dac21d240,0
6351e074a7d6645f477591d8112b4fa6ad42585e,0
2886ca991c484a6cda95b15c2ac5fe4a3f59edba,0
8105bb3746ac748ff5f8550333d70bdea30728e8,0
d0240c7dcd8724600c2b1bc1d85145fe9929d171,0
fd98a7bb562add17d413ba3028d97cf7e2e97ee8,0
61549773af287a4747a668d09f67a84a8852acb4,0
476c0f6623196eba9a48a31d242e7a2751e32d10,0
39e138a2b63ac8fbbcc6a51a500316cc51c38a89,0
5121a08edc2df0958dbf8d2de90b1f138944ada7,0
52ed4a92e47b04797607bcd3dec4571c446fbdca,0
9c0b10d971a45c165f839836c497a51f13a36f3c,0
8bc0dbf3fff1b4458281443830006e57774ca215,0
4131deb81559d6f53f9f9d851618d86c52bb31a9,0
ba1cb98c357c8a26e01ad7dbdd81fe852ed1b9f8,0
f649620e833237ce596eae3ef45b931acba8065f,0
aa8979490436491ec6ead42917ccf225a07201c4,0
0990e22684ab78f76a87c7d912503c1b6d673798,0
7d843db8741be1af62334da056f57b52a5ece4dd,0
c6743d4498048eaa53f3af7a8527f8b6bbbdd6e5,0
43923510c50655498214377e90fbe9f4d05defa9,0
758451b1c0048b2f2af0fe36b8df3d0a6eb52c93,0
e0ce774aefc2b9be1826a65a5a3b6a12a99e12dd,0
3aaad859448dcca9c40aef57591606f24f286d5e,0
68214ed190a1f8540710e9a7c140fcccf367e901,0
b961b278dfda21085a291847ebdec8b450053d24,0
ecc063e83c70822e651828890055800c56f3f9a4,0
790d8a7b28e6fd35ca089058312b4f137b28c829,0
cead625ddd088a362b13397c9da7db263fb841f4,0
a27a06c4520f995b321552bdd681a806fb5d549d,0
8c59189f4e7c82c3a25017cce02c5521ee86262d,0
2bd4f2511791b1257262ad7b3f78b514e8782218,0
0afb32afaa6587a3861a98603877961b74470b8b,0
8b376e7a54b02feed93b63f0fe55a56db0080603,0
e7f4d12862e9bd1308e4aee44f955811a9acd49b,0
ff1928438466cf0dcae77698eaca94adc449cc8d,0
a10276f3d9283b43af9f79029810f99644956acd,0
96f2d1fcd20397dcf4af9c1da89b7d71ca2053d2,0
4358a85edc20417f6d13774ad6f19b10b527f6d3,0
9bd87ef8dec999ec0b2f12dcb71bf2c7a8f59d5b,0
6b25c64bbac0cc6e13f71ac72b78bb09776813a8,0
f6bc643d554f57a38d9cdb34e1e930bfc0303960,0
190ac8505e7d410cd4fb9f55ccf5a21567f2be92,0
ab0cc6ac9bc82453fc60ff59e63cc07fcf758dca,0
c57621a92e4876a648f56a5fbbe462a2eb2f3b16,0
c4cc7ef38aa6e8a728e3e3eb278eb30265c71bd7,0
23d18948c44b702f4589756d0db252f303c9e0b0,0
cbd2cd7b598bf730e229aae91496ae65a084ab42,0
65d92ada37b2b8d956589b97890c18da6910b29f,0
62a520cb56e1cdf4e367e22b3f1fea99d1ec1392,0
162faba983ef2456b3755b146e7ab11635c8868b,0
9b6eea95bb03888731e51ce7912887bf7aebf8fa,0
4f5af063b02ad1c0176584846a9d7da5da29d033,0
292d3e98c04631d14d5ff9a5e9985efd0f1a8f0f,0
8af9cce83af1526fcbf15b40ddc55650f811387f,0
15635ff1adf3eceb38787787ae0a7205859aa57c,0
619e7aad5ba52c99e2cda36c94a94bc69d52a7d5,0
c7328714a862ec0000abebb5e76cd05453e4268d,0
d68a36126ddce3e0019e849da18cab78a3245e7f,0
61772045d38faf494e3b28455206339b7489c3b4,0
75f7bd15dfbba83a079ec20519554b29ca6836b1,0
11e8430e0775248169bc862fdb035f81a89fb0ae,0
d4f9c3b1d00396492e4f581fa8ef017c92651dc6,0
2b81beb02c012d81ad2b0274f0b27348500759ed,0
48dac78de778d2e0e30e5ab9a8573ca87e61bef8,0
0957cfd90e10e01a5bfd81dd0cf5d19c045ab0ad,0
18008941c94a7814b2e53e035ce8c799e3e8784a,0
af1c7cd9431bbf564949be2fd1b4f70a2c3d5f0f,0
15713a97c892e7748c3c9893aa5d764cce18082f,0
445edff3cbc96a292744ab85182a7ea725a4c5bf,0
d170c3971537f186746ef8cc3df3d5b4d8e14d39,0
f9797a85642c42c2f06e5807fa084a16a7a4cf46,0
f28d00ed948c290715dba923a72442156fd0082c,0
97e6555fd9ebfa82a244beefb8b2e0789a40c12e,0
ed4f169448da1c86efedfaee07b899e70c0a2531,0
b67e7973df1332e5ac3a690bfffaae3f57fe3506,0
ed470467c9ae004b0d2c2671a209edaedf9494c6,0
63c3e3902343cab349301ccfa0d537727622dadc,0
f13b935f2804b8267eae6b76b857f1e53b0ac9cf,0
992f8c9bd45f26e66b6e7a984de6ab75254a9efc,0
3d2fa21d49faf0e91f3241358efbc934a2fee110,0
69324bcc6705f05603cae337d6ecf284aa826c73,0
0c9f62412dd50f94d6f89b567a713168c4a5175e,0
8c106cd30305e68948cbd4e95d37a7b4527d2c73,0
02236ae9dd5950346f144aeb889f1f9c3df9dc64,0
a623f70c251f80574943e725d19ae1f467e3b9bc,0
94028882b3da263c70c790ef1ac57803a91f6006,0
384ba1469326329e8f4db9ce66303d20b03ab1d3,0
207a3afc30ad7bff9f5ed3d0ce51904034b2584b,0
eca6d543bad4b283b8bb96dfc202aa40a9c3500f,0
9f9bfe2ecc2e028e8ff72d4c5b67d5f9b8234ee0,0
99521c4ae89b8c05d5f182e4282698722f681be4,0
4121e6ad9da93e5d40872057676ed3c25d1605f4,0
f4793b6fafd619269fc251b75ff104329cc623f5,0
87d40d321d5a674bf06e61c6c885810643676f34,0
3ecb592ec7fdd6d145633ccba73c7cec639bcbcd,0
e63af1e1612fc909cb8069f9dfef9134be9cf089,0
eec5f9b2b8e1f5a5d2a8465de10be90bc42d1b98,0
0969e8addb9f81537e254843cc53a055ba74602a,0
08a4184aff5dc2d5286af660a9276a4239f1e52f,0
1e04c9880cb6268fb660887ca935e9b276e2c9bc,0
1abad5defdfe969062de763a99268cecfa4fbc08,0
8371d336f7500b5e000815bcc3f32411f1233888,0
4296a1d749e66fa35576ee966fa5987e5615b746,0
28590cefae21fef5a85e513892e43a89ca9d49a8,0
cac8154412b59aef4743ecc003f0bcaa1fb17063,0
8569eb302ef5c4794be330aa0310103b4be6a7f8,0
ba9b8c65d1aa28dcf05898f14a54849fb4b6077c,0
471c4b8f5abd56f96d3265238621dd208d159dff,0
8f38b8ac95c4fe63deb49241167b0d0ba58bff81,0
582405b401dad995914378642c6013dd2321f398,0
9257902f7f0641f9053f9a0f9d38f60c2cd31098,0
deae3e90fd1573e133f8f04039571d73a312983a,0
a90f3140591402c77249eb3f644c44dab39a7286,0
b4521a58dcde0ae9c5779acb255f8a9994185040,0
a4bfe486a2ddcfa3edd0db2089dd59ffe2e7b9ce,0
6302f99fca26bbffce0262aa171f6edede07f976,0
7e8f6ac4d1b02dfdaef1850e92531cb8f4026ff0,0
6d92ace73a2b9ff5512a4062fe01d54a8acc824c,0
311a7bafcb0dfe4eccf3e26078db56e7e4723922,0
baabd98670175a86b1e1a9950d14283cc6cfb1f8,0
352ae124878ef692c21b0b0b19efc13263d93dbb,0
c5e7d6d84f73152a7163f5a1f911cef295c6978a,0
5d1c334cabd19625728af4acf2309b08e49daaeb,0
b31adb59c929ced0cd0a2007b0556a7ee0924afb,0
2ca466f2ee499c23bb03d1c6ae4976f381db305b,0
7b1b0bdb0a82b2b4e8a7a1b5fe27a0d947ec7658,0
035d285a72ed8454698da6553968b1d24eb16c36,0
7726501304461535eebc6f607c122bf810803461,0
49d6488d25c595b7c0dd9f6d427f0fb9c7751af0,0
6f606e25074633b8d77b6f31847749c9c77198c5,0
0c351358293c1e249b962b33a21ea5828fa5fdcc,0
cf6e757473e7c55d3d1e8d3f63d9061b03418733,0
603c9f925e28b247a0e18f0c32ad372f12695bb2,0
5429b6867faae9986f08fa09dd9e303a8da4992e,0
0ba623e03c8bd585ba318d02cc459f60643793e1,0
79db0861ad84d3acdfd721086d9a756ca62424c2,0
bb19ca7c6517cab0f31a9e67271be7e0ce595056,0
fddb797fc00fe8d39db4d0584889aa41d6e470ea,0
d913fa4028e098c7e63a26cc917a665796c977a9,0
0b312f3b4b3a84cac849fad5417ba71fd5568cd7,0
f7fa42fedcaaf68426087e5b779def4ebf3329b6,0
8464b185a54aeea418d27a9a89a66ca9c20e11d9,0
64e2590b350e4ab87d2a2ca51ae04462a253af28,0
657219d23d4b771c9cdd37c25599a82b174f2ee5,0
381c034a7aeaf76a09affd85d6d6b37a2992e30e,0
8c085ea7433e71dcf4afcf734b259b5a5d726d31,0
c07bc0e94744a3001fd8a7128a7ee4b55842007b,0
b802dcd7af55062fbb83690091ddc80813bdd3b1,0
c81cbf7ef600282d3a701d7779997ab4817606cf,0
4e55ca6ff281bb54d684e4e8a957db742ba70703,0
fecc2032081a55263f43fcf97f15f7b2964583d8,0
740447cf27c70ed272c0f902af0a219e360aea8f,0
82abca3a2427b359561b1c6bc7b77069e454619d,0
1221e9c4efc8027ca38b89252c22765b00127f8e,0
5d1cbb5995f965423be819d7692e24460d0b6220,0
3ecfca9451c2fd9aacd1608efe09edb47f1ee498,0
5e9471502729c59ad163f075f57df5905e4301d5,0
8544dd23e6464c4cefd4b3ee7597da5735d83776,0
051268de09a91469716cbeb65f158fd31592dbcc,0
d81a9ca57f2e142d64487f01faad13cf6af2f51f,0
adb9abde1dd84b458e8fdbb1d8c406bf37ae343b,0
918aa30e52859205b21a5dbb2dbb3a770d69e5e4,0
83468bc539a4800b93aa060bf581dda544fee7b2,0
1473f917e7a51474f984d9dfd8b6dbaa4cd85b73,0
01f645854bf03c77ef4587dd34cc3bd78f836561,0
d329608eb261c9f8742d682ed287a12f55a66919,0
64fe0439bd689ae06d75500996ced95552bb0e35,0
e391dc8b9c13bf68aef17c9bfb657df87b5e75db,0
68f28a156814bfbf6e26620195e483e0c13101ed,0
9e0ebb3fd8af1d45218db9c3b8c6294da070ba67,0
9a7a3bba93bf93659c96b78ff0ab9e6235c49c40,0
a56c76c86d3d0b79305f8c36c85e4d111d0f6c2b,0
038a6ab22b1e1a9f57d4efb3514d912607e84320,0
ae2f8dc46e24ee2b60f736aa462348ba6c45de63,0
c581fd4949412a47d644d668e088df6b488a2e40,0
5b926ad3300b0198cffcff3836a86eff3d5f65cd,0
05aed53e5c1612fd44c838764df2d4f3b2e4c8cd,0
d15d7ff0ddb2c598597d1358e2c15981d80e63c9,0
320eab52ff0fd85ff273aef1928fe887c64a74d1,0
c356031068fdac540f67134440701dcddcde2a20,0
d5bde1fd2411889c09f4501a6acb09b5d493afe9,0
91be5bbd03f8330bc793fde5869ad479699ee114,0
9c1cae550146270574a687fc535f2bceeba6f96c,0
2b4f185bddcc702b4b3f5435363c7524820e9d73,0
221e2ab143e5452e7c32425207e8ca4c4e958878,0
9a3a2d8ad0804d5590aaad01c6d6bcda9919d818,0
816754a27a52fcc75c81741002b5f4ca2736d272,0
6c775933517653f4e23e238264eed77b8a7b5362,0
650fb036027a7cf8ffe5840d1fbf5c5025557638,0
ddc184149d8cc6bfcad2ebcef24b4738442c2ac7,0
601a114bf1ccbdeed82998ceff34c2b790307df3,0
e50e077c76ca86f4d13cc919870e29e4c05ee3b0,0
9c5a06842a8a94ac61706644ca1c358eecbccc45,0
d25b972204236d3a146fa3b6929c38da37261019,0
8a2c035336f0017a9676072314122d76aa49f267,0
6c25dbf49cfdb141b06f90be8ac1c8f191562052,0
4754d3bdaa137f543aafaac935cb4e8970265062,0
d1bcf99f6e2e655fb39f38acc4851bae121762cb,0
bd84655b81f704a351412d5ac8fcf7d9817858e1,0
01f91c7b905240bf541d034b9eedadbc43a7e05a,0
40f882697f4bfc0b5ea2fe72848dcf77ad5c8fbd,0
e0f64b28e30e1d65b27c0585180bc44c30acd7cc,0
32ae73c01ca89b4b8467fd7b9de19f5a7be361a7,0
6e41c90a7934caf641db4ace5f16b698482d65da,0
ee3d99025c8215a76b103f4944643b498b6fcb43,0
a97e732b61750aa180a5b40e9b6c12bf90417831,0
de61fee2c0a4650134630cf3ee90b1f4f1ec5e17,0
d10cb0c8ab42508c141cbbb1aea83775485942e8,0
9c39792a01c9fcfbb3ef3964e9d800424b0d6211,0
fe0b2534d389fd7eaa88d123f383c98bed04ad98,0
cb2eff17817b8aa3dda86d0a2d91336b01e4c9cc,0
471c6f6add7379a06e0d02a8e749b70438c8a7e2,0
f80b13c73cda0ff1fa815a62e5401c88c44d2a1a,0
54afbfa303f7a81acc6a533a5e71dd37cc293230,0
2ffeefa4af9580fc56746fa19ea0dbb7d504124f,0
85fa5e8f4e3d7947adf9021296dcf8322710c149,0
e3f16c08ec6ec464897dc708e65d5d1071984d17,0
28aedb9589877d45421397a549b35c92b2ee6eaa,0
3c0d83c6d1cd12bb021cef25864d1106d32452e4,0
3f0bc1ba810e462061bacd919f93b2de10980391,0
b1be603a3629f19e4dac5c78f7f3abb33a278770,0
394be64ae1269ec2e04d6a19389ce7482241319d,0
b041ea9802e45c9a765764bcfd49db539284bfba,0
5a8f9a81401501f5bcb8e880c89cdac374fb1821,0
93acc419c3ea747a0e14525219fcc0b92e3e6e7d,0
06cbea688deb072fa6a9af1cc5d7c318bf63920e,0
e9e19a5552a8bc052cadd0b1c1045d788cf37403,0
b0736d3457a9144cba6812175eaea1db36bef5c5,0
164b76577407add9844ca3da5bd7fe7eaa2a85ec,0
31d15317ef43e9dc7d71f007274ce182c0e4c933,0
bf935cecec4e16650c5073862db31f4d1193885a,0
0622953a809d7d96a9d0c1b3cd89603da6514ff7,0
d24641ec728d70558ba2a545137c50bde45d263b,0
ff5af3cef4b75b7277fce58273219c74a92788c9,0
08b79cf4694476f8b129c46884b4c25cd5d0392b,0
637d17f54afc845cce0260d290f1cd1617d55d9a,0
17777a3651b4e03b57be8714306cefa72e6b83e4,0
dbc208ee11948bf508b199530df702efe6edd7f1,0
a611ac7774406faaccc5745d0428711559cb2885,0
10e8d0c2e6680315a42028a9caea3558cc027bf3,0
7bc1c388b0c213b13d51dddbc29df7a349fdf059,0
c670f010ea815e91268ebd41e42f5dcb67f0a6f1,0
a1a54438f0463d889a1c38d69a1b8d1e7bb7749f,0
f680bd6dde2b04a207b0442a416360b774727273,0
5e913938d602f596cde5d0d1fa577afc9342c698,0
45b9f4fb4360aa4e49be9c8f5f73297583a5612c,0
7e8428e8ac40c710dcf2e8b6928b19517cb3ab80,0
cbfa4cd0c88a7cbcb3fb6730be1a96826679486f,0
e331f80c6d050a3bd628b52c8c3fbfbe28450f28,0
c76ea0620c862372572dc8e5ce770edaf28450e9,0
b158191cd564c9bf1ed22527d82b43300cb7c6dd,0
817145144f9bebd8c76646da1cb50f75ecd6328b,0
c02d2cc28a7dc7eb13b440c25109c5cf2823a1f8,0
78b50321f388027ef3335e92bbca7c498fae7a61,0
271c43e9760883a3ae06b253434cf5f1373a6ce8,0
70cc5d402df63d979170fb4d81bf58ffc9403119,0
fdd5da51afe2280126d0fbe2ee58dce8531aebce,0
45cf543ad8a6f3919f37ddeb727fa6c96a481178,0
757e1fb786f71005706bdf5da14c501e476aa6aa,0
5f2435c27dd8cd644d8097e384cdc11350001f91,0
4b2c4b3eb4219d4c50ef2c2fcc1164058b84dc08,0
092119c7fc5097adcb68334d5a129afbe206b793,0
ecd108874bdf798e757ea80724724c6e7370af47,0
9a2cab8316b75b09a0a4ad12b91f906d59edc76e,0
f66a8279fbb773ec9a740f62e8a9912565e207ae,0
41f52cc7a1b0f70603e0928e8f167778be1f455d,0
2044d653a32fc0c50bc4f7f9856e443be3af9800,0
019f2792deb77e9005e52420f54a55e8122b6491,0
ad1d7c2166dc9d99cc62346af8f0fc701b92bb0c,0
47b7c9be06b155094ea6eb085d4e5afeece976ee,0
ab14a5f1d3eb3c3081404d621b23c90f3acc62d2,0
6ecf37bab56fe1e3dc0bd7742912392ad0423c02,0
2c75c1584a8cdcd16a5427d89c427e56e6dbc7a5,0
85a716dec367164a40182e8157e40780c51ae8a5,0
e7dce8ee2f01fce0ceefd17848e3fb12299a9e68,0
848ba1cc8192cf394165452c0ae1d0fce500498a,0
c013ce884d6815f2b184b175b894e5c31502d80b,0
a68731e45e8ec1f2c5b2a43b315f94719615b98f,0
e1a7b42746d9e1b4dcbc301b57f721cb00fa8a49,0
e9697736f2a16d0a02924ff2e9e735548f94e943,0
a34c8a8aa7ab9efe851a9609b487f8b1c92d4834,0
b8d55ec9d5520e3f63d33c8088c1c14553f99844,0
68631aca96ecdbc848bd694406e810dd30acfd45,0
d5a5673c2ce7cf0c91732bfd6ae154866c9ec617,0
5b07a8480b4cedc69829ef9bc6d4851df5f93fef,0
28b84f7ed182a2618438bb5e64b84841f574918e,0
003f37ac2cc7ee7c5933ded1299350ada6082a44,0
2558ad654444142743e9ecf325c530329213dcad,0
b5991f4f7648335c9c741e74a843a947bf127531,0
8b1bf6858593bd20b34de9773de3fecfcfead46c,0
3cc4bfa72684862f870b836ffa75c29f20e7d37b,0
7f4cdbe312c4848a9129dffcffbddd21c304952a,0
84c4f202f24f69b040991ca6d9508fc68dafcf07,0
c25e7adb7c20c76b30c928a9092b1c800f2467e0,0
bb06c47fa1f4bacdeb88d0ef75aa30159848209d,0
4832a1c8d8484cf93f0514bfc19f061ad540d13f,0
275e14cafb7503bafba20c124547550e4eac850a,0
920aace09a4d059f5c86350ad779cf310eb22f1f,0
baaf0c7ad03df3d70eed0d83dff405c82d0844e6,0
c0d2e5107dec8e2c902cf68dd6e41f32eeb8065b,0
8e2df53f3344d584bdd486b5fbe9ff616182e4a8,0
71ee63b755c09b202c983e2fee4b0c0dd48c0c2b,0
7090161bdb0794f5cbe95954826906f7499f1f0b,0
ed54f5ef3136e3fd7f919187cca72ce246b1d86e,0
4facd3e1c8cb07302badc4d3ab7d2fc7ea03ca60,0
caf7b85a7e192d3af90d7af2eba77645eb805df1,0
5776641c971c061ff4bf414b6e9f505f4b389299,0
02a5238059a93eb97e38845cc85acdbf27e1490c,0
ddadf52c10a4e5ccb5adb0b8ff51c083447b0e8d,0
15353fe60a30c5e675a7a850cea04895b05b2b76,0
323647205d293f922f6576b3ca987315e4a4f078,0
9fbd7a04ed89c34471896aa5eaf6c37f6620d4dd,0
8e0d65ccac5d23c7a7854db97b5cca75103d1bb6,0
056056dd98ea989ed98e9c32596b749dee0a3796,0
b69831b8835ae3520cad52cd6603f1a27412098a,0
af1cb92a26d3f08d059b89d811bc6830a50d14c3,0
9b931c9615d7effdd87d5ca33e3a467aef0fd328,0
9cb1389bc7447c14b01a0f6c12322a95ec70b535,0
a6553fbb174c5fe013f1008a241109555399ec5c,0
b3209f00b36e9e6b1a0b4d2ed06b286ef543351c,0
4c09138bd7567a25cc9b694e74201c77ba131cb5,0
b6614a4beed09a81445d0498244f2cee00c34b72,0
0f96d132147fad22d178c4aafd1eb110f9f06e5e,0
6d0d83e7ddd55bfa0edb6e2ba05d0dbda0bd240f,0
c8128d52de4f36faa550621a5447fe94fd2162a1,0
8c8cd9f4923b9a4c86cfaca6f890665f9ec85d04,0
770183701d0dfbcc52c22a23481d1a9fae644ada,0
aac43c56ccac25e35e946f938b4f433fe71b3f52,0
178c57c73f53941eb8b801edcd8c52dec8593c95,0
1d187c66f914b11a4ba277566d3009f305f1cb6f,0
444aec0f6a4a667a3b4611e80395dad18347bcf4,0
cbb0477287b7cab201f8b8cc97f95a3ff9126408,0
e21efe3c044adc5991d514c554550a05197760dc,0
e9f808e2cf0b33cfe40939e6780251317cd8c255,0
527c3759e6b23e3df5e49971e5b1b7d1c391755d,0
84975ec0a20486a7725ff1ede64507c3a3a101a7,0
8c0a73ad9a1e31ecfc45ce8a2fd45655a64502e9,0
575628c913c797f02ca3dc0bacfb4ac5fbd11119,0
6d15095da640cc09c3bb97fe5efa1fd5da397c1d,0
6e9b3133c83627474a804243afc871024107b0c6,0
7fca366def3f79015b1622274f42a0a96f020f1f,0
1a3f1111f98cea2815906ecf510656925d97e62b,0
11ce1339a23258ac25e1f16df6ed62c25a097a38,0
29dc369473a3d2327febf93ee4c03a76f16c0832,0
edaf727e2924b0434c81abb5fbeb5690a06e8bd4,0
77b779b7cf60ed4c6c2c80cd53089bb70a4b759b,0
c6ca57fdaf44ce8f86a56b97905093bcefe851ca,0
f6d9a6354bc4236ec1f6fee6b7b36e062d5b0d94,0
813564f68a0d8098f225962e4a2874830d04b72e,0
6a051126d16ec157ae811874ddaf800869e90f9e,0
6919af4088c678bdbfdfbd667cad393c0a2c2046,0
a1274567f9057f113beb847be3613dd8a07a4943,0
ad6e67e6dcb124b22d50ce555c82ff5f05eca739,0
57817b2192aa46cefa1d3bd320a76df5445403fe,0
8c1c2b966bdcbb1eb9dc3815f2dd1884e72f55ae,0
86a5794ca23c5bf168e545086a968490616fd49a,0
785170a209043d31613666bc96590433ff7be519,0
bbdc161bfe71453e269bbbcb42319f6837be93a0,0
9e958ced5458a422d27ebd295da7166e722372e3,0
5abba8ad2772d40925157cc3ce602559031ec034,0
47a407807a275afc4e1bdce2c9f62703ec78cd17,0
0678a723ae9147c3897949f39c57b5577547f5cf,0
12029900d7f728e58d92a1deb672450d0d7fa553,0
5aa59d343537f61b0497458f358a2e77fb0af467,0
21f6ce44751e36e7a5ac6c07ab2f5bba2469b756,0
9bd41cf1d26500fe3bfe5e4c38e7e9e71c25e87c,0
edec69d8389442feb6914ae3e6c29a027a8c6fcb,0
44f25824025824e42e61ba6a8b86f1293ab5fd61,0
5adf6b5ce28b15f585b8d53fc8d3716182026ab4,0
91fa8a3c9d0dd805b3da9709813bc8398ec92eca,0
8c33e036a40535478de1dbe1d021566a30fc67be,0
b1183e5427674edbbe4c55d405bbd5dc87dfea2b,0
e0052001b40775bde487a0c82fc6b3fee066ab19,0
ad435cae5b540d56c48368999f8ce448bc6a06e9,0
528c8ae37ffc027d3a78a84805e3f6b3cca8ff67,0
472302fc444f8d5bbe5190af8b0a64bbbaf5f425,0
5afb5241dfc7582391b6022b92ebc715830ecea8,0
b40dae234a7b372aee1a62255e628992d6d8682a,0
e32cbc88b95469ce1fac7a466b83496cc3c5f0f6,0
e306ae8f46bd1fd7ca3df4fe7ff6dca48ff6dd40,0
f66323b9bfd44237d2290743d17825695f8795f3,0
d2a7a2f37208e7bc49edd6d5f0a782cdabda4e8f,0
14cb275787c920ff3ba98476d9572ab84a71b0ed,0
71a8a24033a6d2d180b1f91bea064cf531da9c52,0
ed0197835f52761937a31fdc64faf68f1ba70a98,0
805d07eaf96993228985f1afe3b0125b3207a03f,0
31bf57a383c05e2e067bcd1b4d1a25d26a638b6f,0
7f080548875945ee03073f43f6ea6beb5fdc54aa,0
c0147d0b0da86670aef586bf5fd504c25359b4b2,0
ac0019b537721de4cee55415161ef5015e7be43e,0
e4e31f051da680b06da2016e7bad6fa2edb03526,0
447acb075351a9ef2e22f0763f83ef5816adf55e,0
322b99f21b9ace496e71cd15ce4d43afddc47581,0
ae65018a2bfc7c10f2d9e1aeb3863b361fd5b761,0
4dfac7def7038adda155b758d700c24c49c0ffaa,0
3755b4eeab53b76bbf982866143f3683417dd848,0
86e4ab0936529351589ef3e218aad1918799fcc4,0
af386d00f13b048c18c31e6dde112f07c30b5848,0
03bb914d896e20fd29ed1db75df0769cd83f3fb0,0
60605abb235f1df2d8126ced422a0d3c6a600714,0
c556f6a2ffedffd6b45cad53ec5f28d736ed84ec,0
9732dc5931d552e4c492d77027a0c31df103671d,0
8c55a0a8f84eaf156ee309f041fe0d4dd3b7b195,0
8507d04b922fe8c3896bce1016d4bc18e85d60bc,0
e27b041be990f099ffc2ed72333719448b34510a,0
126b4608132e2883bc7e892b79b0c8c221f1321d,0
97317053e9be0a8006b3d0a55c8847be054d6e23,0
784d75f02b351341b331caf5562c2cc636fae0c2,0
96ced9365a7e058d37f024b113a358b92c4982a6,0
45ba64a530524e131b28325bf2c5e8d53012838b,0
e8238d1f05c08ba7498243b32382a56fa47a702d,0
5f0b67b524a2b326ace5122215c9dc909dce1ce5,0
2b682b7f9af4e31e9387d27a4130ea19bd1325cc,0
8b59052f1b8104e2d1fe5550a595c41fa3a8e3b3,0
cf1a530667aecfcf2043f72106444c6f53b07a14,0
a58761bc704b1f105ce459733398121258dfc259,0
c0cdb69a219c6977e6e6f1719f20f9de9ae103eb,0
4425dd275ada53f9bf268a9baa1d04618acd15d7,0
12ce02d23fa1e101f85d803d417efa520bc20fca,0
fb3d484fce69fc6bcbcdfc16016505c8279d43b8,0
0dda3dc583e6073ee7f8d3d20c17ac55e663f301,0
f77ba5a0d8ea604e4fd15c92aeceb815963c2fbc,0
cd924484900fb9e7f7626a3f1586b639d176a1a6,0
8ba334cdeded20998a87775840bc5c5ad84abb22,0
464289aab7493d2e9dc31275a323c18d4e7e2cc5,0
dc71ab4d9e651e8cd231999d591bfe4bdb906fd0,0
5972b89fe5c142b30bfee09b38f1d748799f5325,0
87483932cf5f014b285e640ea2d8136cb2fea601,0
7930b499998b35fe0db4df39c7514f5017feb071,0
4ad990d26f62065b4354be6b58d78bfe3de7e646,0
b5a8d878db54624bb4432b5597c76799f2c61949,0
bfbf657ca785e9c29f733e26d21f79b08bbc8174,0
bcdb4cad4697661a7d2ccbd6e03a2ad7e580cad3,0
7a9b5515fd22709567086a94bfc3f98daed12b13,0
37fc0838d49528bbb58e991433e9680bbe8a4c73,0
0e780ca1400b2e24db126b778ff2c99d716c9560,0
58fda981061a9aa827c56d1c98e838706836da1b,0
0f28e1529d73a371a107156ba808c66023712211,0
b14fc3cfe2524f57149afaf940dcfa42a7d32101,0
93602b33765718bb79c90b59fd5ec246bf0e0640,0
ceeeeee1c7bc1b216a12cded4b689c5aa21bdebe,0
61d675c75eeee74a55e5bb0050bb64bfe099f723,0
6a5c7182637e84b987d87c0337b9edb505422f0d,0
fb1281c8ff915ad114f7a0ada44d2cf3ccaf1a60,0
f0d3b6dc31e85477bd5d62bb715cf0b0826449e3,0
d145236a571e31623172ea9eb7f363bfe213200b,0
ad30adfad1d5fb759eef4d14b812ebb32d328971,0
fa2c546059bd262cbe954dfdba24dc0d67f598b0,0
5949cd6dfa70d2b175a1caf3a0efb9a032c29df6,0
e87ca0874d19937ea5ade848c3a63791aa6133a9,0
89692ed7fabf70a11c81489bfdec5361a14aaf72,0
9465f64cc2a522bc977ec87e0d727cb00b3cc54e,0
7093c4a692ce10a6e7c1b26029820fefeb39eb68,0
5bdc29a75e40f0733d92216230e59d033864b2ac,0
d1cbaedda257d2fb7e25b8a17809784c64845eaf,0
147cac77f9aa921eda318c8e49a81ff584b94200,0
8e0dda3405705c9619033b8a57f6dc496276b412,0
667650c9502492fa44937368e916583879c72a12,0
f432d9a984c36c75537472643e9dd51273e5bc05,0
987fab12f3759f5819593db99fbc053c1e6d4428,0
2a16bfa086d0f5cb22a9ebc7d8bc8c50fbcddb81,0
4fb683e1dc15f3f05cc49aa73cfb3cfd8ef9c102,0
f7975987210c4d5658b1e036d29a005a10716e53,0
57ada9e3c791677e5bd50262d660e05738f479b8,0
ed2fbd98c6bd7f7f58464f5f4f8365710f8fd3ae,0
250e7b6ccca66f8967f40d79520660a10431235e,0
e5b1fde5f25ee0168c5b2ae4ecd12134f734d18d,0
8840f66c57e63abc349ef71cd7cc2c47f60d87f1,0
978bdbdd0355aa04c04d7ebc560d7abc4113f8a5,0
3da36d4322b36632f00082130a2318b710b360cc,0
64442cb5270538cb8ab39a020506a9db8280e452,0
324f8088c75db9846345d2ec6a3d765b68b9c811,0
092375efe371844f7724ad5b4be9c4fec87e4706,0
b95ebd8557b22c693168c482f14d2493b822dd9b,0
69fcb48bcf0a5731f58b0b1c8b9d8d64078d5986,0
69f2103ce40632fe7fa1e5adf711d2b6c41f4416,0
0a034070be272a4dd9b0f511e4469a98bd420f59,0
b56c3a047ddb9780f003424bf1e95e6a4bb25b7d,0
c3daf1bbf15fcda67d4e629f4824ebad4d180734,0
1b3103137335805e3e8a9a54b756a760cb79828d,0
ab2373d073aec6bd7cebaeb9960e87b5b231a860,0
e2b671c7cd58b806a26934dc8cfbe2f5c88ecebc,0
4d5fed329ca3a3b4552871d1102972213b749865,0
2c0dab1b7e005b36539a4a089d51ff8fbcefdf52,0
0648eb280996eca10013c2170b9f211d52de7fb4,0
434e3676e41907ce49c0ab4bb0b6ecd00269146d,0
7b115811f1cda5b3d5ab499ea2a16bd4f23cae74,0
64aac7c32214639c95745d223791a7dce2c56489,0
60bca8c7defd0f77f5010617fdd9811b8ed9e94a,0
7918f636108bcddf872ea572922ae0ed2d4a39b7,0
13bd9edc04bce3db73bb9d0f8191ed203c6f2a1f,0
b3cace392d50c84dfdf5ae762d0e5e6b870f734e,0
b2fc2abe015402cb8f32bb70496d49756f6de5bf,0
363612ba9be5e127b340f8b6c5370204414ed4c0,0
368691c80a2f996b7211a0ef28dab12a8289f2e8,0
a8ed2b7fa1a42a28ace75e310ed9e9edba54f014,0
e62d3e38d359ecd0176c2265c320e703117c15e0,0
23ebac277fdfdc1d0cdc56ac97afa1a4c88a5205,0
32b3f769c3ae413a7bdcd312a4f2538614ba2205,0
d154eeb3dd346ca6a0493fc74d5a4789117f2824,0
d48d220d2b81a778bc00f8b6acd9737021564111,0
02ac3177ab3dd850b8485a7f6836c481ad78129a,0
cd87e8fbdb300c6b9261541af8fe1d080ea21da9,0
af06873f88e4173c3d1a82f012dae7ecfb9e4d61,0
5b0a4e96c32ac26310b72fc546c95662abc021f8,0
1873c09770ffd24c44553345b82521594ae4d06a,0
18df7594336ce512df59643f94152a0ef8f0fa7e,0
17e4db2816d1d9dff2d308b9de63dab34feb5986,0
be345a76e3969f51a8e6466ed47a2115b4f9a4fc,0
0f47ded8363161f8ff0911ed717591d96a5ef359,0
b0190f577f2498f61d5a22c1cdbda924bbb3ddf7,0
25b0f124860e7942b8da1aa780c58d8e01e8f272,0
7c3ff49492bef6832ff559e970654f448992b397,0
05afcb247924970d9c7c17ccf956db20f8b626f3,0
d05ef425692d6f7e88cc3a96f26000c5c78eb8da,0
714e6d33e9b7fe17c8f9cf4334064b3348192add,0
e2d24aa5c875df7036e19e9c55740c2a92a7d290,0
110308a6c6a36bc1ca4d4d57dddf9c5d3faf1e34,0
3c6562b4dcf88309ba5d2f4ff337aa73d3bf11b4,0
468ed4193e67ba35eedce80d51367a3d48330055,0
fc82833f222b4cb55ea9f82e73d62da679d2399c,0
fbef18927c6f49c0b29f152fe2f051c7a1846179,0
0b6d5a2a4918ec86384f6e3a5f96abdd0fd7c3a9,0
0bc98112ba0f137fd5651e5a0144cbd964a0c531,0
eebb5faf93ac1a58b25260e8ee1eabafe092e84a,0
d23236c59b51f62445bcd9369c0c0c866660cd00,0
c7bfd2042db5ddf63c6cad3e55ee09c9ad582509,0
871930cd3d0954d2c6539b0d259b4644a9963408,0
6adbebac69a2f95b738bd8a130e95caa0e5e71dc,0
de7ee257fe4b211fdc5b2bb3c2ac881c3ceb6a99,0
b6957c509942b1d6ae9e6093ae71a127637380fa,0
b331c9b937b6e93a60391daa5403b732dc0befba,0
304552192c2389e76d9c1f27329c11d5b8fea9b2,0
a74083406f8d41d4d12f4918799ee7219302a633,0
328d2fb00a5857987dfdd5939bc29f30e14ca813,0
f994da4f9f1a4ff6106fe82d94170ec78012edfe,0
19b59ecc21a37e7dd200dc4508a526b26b6a900d,0
4b9a9ceab5db4fdb70e612109e7c8efb99cfb113,0
abd0d98710b5e6769bdacc340fa0f8e4dbca996f,0
3b67e78e310f07c8016aa1396d45227e368dd63a,0
26eec85e466123f16979beaa7ede344e616a33e9,0
54433bc04cba977bce498a4d07bad3676517d3c2,0
04d2d62c0f9180edf78f6faccb83fd0b081f277d,0
a7859b2435e46f5d00e5c52ee321397d4f5dc542,0
fd7b256e733ae8c56bba42e60501e5f80e73bada,0
9a239ac749ce4157fe96539ccbec2825a2595958,0
9b3e3c24c800906d25320b6bcf8f3bfbf846d492,0
459ff0619a171aaceef193475d148af97919ad6c,0
65893f25fc8755213cd8875f7302d35f483e7024,0
c8045975e5be6cc937985b795b825aead4cfb804,0
da190c6e37781d92ae560c1437e1e1c6f2eb3ae1,0
ec30e241cdef175c048e0938f7b22df3f5486d04,0
add133af3f68bae9c7b05620dec2eeb27d304425,0
186505d3793dccda69f61763ce5c17e3009ca967,0
0f1bff1e2a781e4b38546a83c75a93cf3a2f8761,0
7cd49b2eaf894c4940380e5d7893f5e16541ec9d,0
0bc3eb5b8e29434a2dd1fcb97e3790b7e89fc755,0
2e8b80c287b25b8554882f9ddeadbf560acd6abf,0
2db28761380e04e9b4f4d55dea44fcb3600ac2fe,0
7b106b2488f1608b2d0b8655eef1ff0ab0094309,0
3be8bb467d184e8a845ed1c6371da9d752b2340b,0
a4aee03c6a68a7cbcb54f1fbf76c59d8c0e1676c,0
04e6ae5d6e4133992979705089179c4499b7314c,0
7ffa57c53396bd6bb320424b5c5bd05b470c25d3,0
b759698330e0226e423dfbce14c8598c67cde1f4,0
ccb997d20cb32640aca1a6479dbd2dbc81277d45,0
d8bdb43f8b19a16f854468bfd9320dd4381205ea,0
d156ca8974549f544c71195557a3e211caa9d9a3,0
a0892631d0b5eec83e98bf21f10807edb8c66fd6,0
6af98658996fb10f592e0dac2b0328ab6b418cb1,0
42d55c90f81c3ff89fbe582fcc6ce7150e0136d5,0
5101444b26b92e0cb6eb0db95986579940ea1d05,0
0c940ff32958f7d4a8254e4a87a9390dc6559714,0
305146bde1706ccab54b0d60e210d9ef7ec0df8d,0
b627ea43a5851892edab02bd8f82467feddc6d96,0
3902f7dedb6a897870bd6cbbc3d429bfd39b0717,0
5a8caa5c4b7a7273c321db7647006b6e9170ea63,0
1ba4435eaeca4adf592d9cb1e7766c117b06fb88,0
ec60ced099c7f39f52f9a712558f23dde01fedfd,0
a9c67afc7db020b41629dff3a5cfc49c8fe1a3bc,0
8fb00d60f66c9602abbd73b1ed40d4f41f03714a,0
8a214ee0b1dd9ad5567469b8c8915a4953f5a4a6,0
a8e3b884102b7a7ec77d4a77cadeaee5115a7c6c,0
cd4d7a4911c51a3c036f69f3bacd8bf51b78ed45,0
b27e2870509b4de20725f63d54b0081a04f0dba7,0
72dc4545e33f3255da52c429bf3e2782959e3d75,0
941d86f173716442e999962a3532d5ed252152c6,0
06d09c6a45569d4e9aeabd4e581cbf0ff057fb9b,0
c34d7809eb42bf1d3480f17acef26c97c4d40296,0
a959005d12fff9c7b6b6a3017aff5e4efbea744b,0
78492c3d65cd78249ee24c2e9855dc546f6135cd,0
9d4485facb25a849a21f447f978b5eaabb9ce6a3,0
ddac36c8f373d05b44bde9d9f6c691ff58c04072,0
fdfa9c0a8c1566dcb71aa2765d73a53f12a77ce9,0
a5dc11f4b8ca882820420e93429f8be8afb22b20,0
b09c68f4e9c7faa4b245e00d251f2d42dfc4411a,0
944355df15297ed437eac88744284eecedbc0364,0
401d8405097c608b917b253d7420955db0f0007e,0
95805b851a70f382be9a166b91ed8b7ee54f734c,0
f7145c86f4b0f81b7cbca28d85ab82eddee80e79,0
4424ff5acec934c69421b2b4f96e97e4dd7839c3,0
94151be02f9f3ef501fb49779d2c8f1ee5a42686,0
522e6dbc62d489c23a6381b9f4540e8c69595a3a,0
d4538b942c8fc58f87e9d1e2b2e0770f2aa07d3e,0
3b0fc074a5117d2c49f14b9450ef32f41741ae3b,0
0a56c0197773ece348c9e315aa3c195864ca3d5d,0
27dd0c23cca5a7097ddf73804b917297cf614247,0
77592720b219448763e01ad4003a300faaeed1f9,0
09cf23da0ba5ccdeb1eb10c8f36a26b6ddc7799e,0
8aea1c5f692bb3f2d9af92224f22513c6750ed38,0
54eb9d7de59109fd46c643d06030c4974e4e6f48,0
43f597961edd10173595cdf54b7a0b399594da42,0
86e7654cc7d030792d7443e9e8e8948e2b08d0ed,0
f505547a300a67931767a41e5d5743420cde3332,0
fc04dfbd73650829e15a5dff190fc18703619db2,0
0a638e4f2af479067fdac127cbc3cd136d1dda4f,0
d323d47d95a1c44dae3c15d9c4ddb741a03dd070,0
1825b27c1211678a2677859a1627e3f2746e8624,0
be64b4366b169f7db0806d31ffc6913078b38e46,0
4b1a38047bd417c02a5259bfda26aff7df31261d,0
b0eea12caca7e9ef69f1e6c0f11231116ccccfa5,0
62b38e9274866302543b51ec093471fcc5653a88,0
c8551471c2e19695459e269ae9150af6e9d2f604,0
bc9e3b441c515192a24fe508f1cb04a2c07188fa,0
33a3c13c45b0dc6a1922efab21c77b5e0aa5e33e,0
67447d081e4d8884a15bb0a1e06d6fa4d6b6943e,0
0dfc6a6c367497c0ea3f3d2b3337dc033f638d8b,0
afc24588cf20f2a1dada34d6dc94cc58e858f8cf,0
1a51a2aa1504cae710de806d303115f7601c1293,0
724828088f5892d1582e69a22fc8c070bffc3ada,0
937f771ca4e96691d4dd424b5a3f3600f62331b7,0
66cfb024b86fd3d852c9d6c6396c0ab8fd995aa4,0
660aaeb16483f0b10b80252bad20afba45be1852,0
3ca26d5b976ce517a1fe4d47717ad9bf1995ab43,0
0fa0ba83e5b06a45289f88485ae9c7883c134002,0
f0f8c76481242f2b803dd4d18e4902517b3cf759,0
e70512b05e66248ff005df1b9bce81dfead5ef41,0
048658fc8bbc913646b5f6c6d7e887a581ffa2f5,0
1dc543fd5321a6f084c163401a95a543126187ae,0
66fd2a5b4d69d1880720ea5f6d5b7655aae93353,0
8713bb7e1a4834db283637dc79055068394d765d,0
8c240075ce3efe2076ebb59f29babccc6c032d07,0
23078d75cc41cf171a2da79f2f311a78eba27e93,0
72143a1629bf4a6a2055d7df31e89e6db08c2b9e,0
af246b68eaebb18a4317c9716b1688144a78ce83,0
c3ae45c0cfb679175cbc94973968c0cc2165f8b3,0
289755ee75df50fdff65e4bb07729f1e1c099417,0
6aaaa2d72293366b9168a1f61d99b7b1811a99cb,0
aa34eba49dbee10e6df2221eb1ae69a9d51d6c05,0
0a24f8b8b6725f9eefc96e7836263eb313c2d16e,0
8a3584dbb2b13ce519cc15d6902539bd88106e28,0
1a8966fd5fb705eae47cd19c816d0e0edad6ba51,0
d15166d535c46fdc8c4e00ce61ffafb5613d8d47,0
7b1a37fadcd9dc4e095aced1859cff4fbb534c7b,0
694f70bdf6524824426acb48b2200b2476a744b2,0
87edbe11f8d893519a5ad6daab675e83d371c3e6,0
fee06414407187d831b7487335cc4974d7cc5934,0
7bf470e26e472abb2ce57cc763d8458a4b69f8fa,0
393f8569b53db809cbf2f1641ca68e32c982417c,0
443280d27f93a1c280de876411fc2d245cdf3e4f,0
e947257f7cb27cee6787915d11910e635862a5b3,0
ac6eb09ae4fe94a3ccfd0ac3b57eb97250bee6f6,0
340b52d3feecb63606ab8938bbec4399065c0582,0
5020bf471ee550bb4aa722a9aeeb77f25f96acd2,0
38c6db2a69a484dfa3e73bb3948ac7f0ed5e63cc,0
dfdd463eb3e0b9992a35df3d63ef1d36a93cb21d,0
d58aff9859bb30bd0ec9798c81686caf8a0db77b,0
25d0d8e7304d82ee151af656cdebb3bd4c9ca110,0
5640ccf269dfbe67547e391ab583f395dd97dade,0
e91c88c154cc8903986e7b0489920f940256a6f1,0
637151c6db0c3e5326658d072c9836fd25eccd9e,0
041e1ef77cfe5dd50bcc222992bb12345ccefc09,0
6615eccaaa1a21fdb14c6920f7736fed6148e19d,0
9b502e194aa414dcfe855fa29a190b8dcb46a8cf,0
86e874899285b849ef0e943da66ca6f8227b1bff,0
daf5be2f9a8113f634d50154430dc96404c08eea,0
18d288bd0997d081f67f1effe6e709009e670b86,0
1f847eef74865c5bbb73b51433b8df3bc21490e7,0
6de221e7d5499e27fb18c5bf9eac5d21e9dbeca8,0
735d944ee45a926e1f2fec1653e047e201e194a9,0
b37666ecb387ed2a37f5f85927a9784cfa2cb9a5,0
ae154ff4f4d1bc20b22d5a8da992463d2f8cdc10,0
85a66156dded4d36aae7006cfdcc375b0d5ad56c,0
535271889c7b4af85403f08801ae585c431890b4,0
3dc4bb03c05ce6b04deffa88f8f79c7452740ccb,0
f92063b56830229f70f3b743c961eaca74b9055c,0
21dfe2f74ebc5f3334a13d8d18d1a8735eecc1bb,0
2251c7974619c29de9e6f64817abac7cf1c8851d,0
e4715194e40e8272c1ba820b7dc1b864f8de3122,0
691d3900bdfd04de82e2f1f9e4a9de135029f954,0
676514b42e0a511ec24d6610b0037ea19ba6fa2f,0
19849c84c1f3706c609d44f5c7f6a925b18c2292,0
38f9e55f11355e572d7aac2fb788873ac618e573,0
3c3e165ed55256165fd2d57613405a7aac951458,0
5c09d81b429a5fec97b5a73c40428a9b67d7d553,0
aba890842061c7bf74a949c3f2e1453e0370ea87,0
863b42b04f53d50467ded91528477e44ba87b635,0
ccca40aa51a51201fa02b82af56263be4697a6e3,0
80b1fa81473fbdb9ca038ec695c203bff8c1347d,0
095f3ebf4f27ee0bcf886357c5413b947f4f20f4,0
66a6b97c3f2c5ad2550aca3efcc55510f382c45d,0
519becd856926b6972131493f2480c376a62f2cc,0
084772381fd80a7ec65f76154de9f23b00146d09,0
2c1d5a831b4487b7bb5173ec08c4e40adc50f88c,0
9c9d9005df3fea94f60b0ac4642e7a4495a50b4e,0
4a1de67abb11f1a8966c36aa76180ed2f99bfa20,0
aa7da673e1be90abe2b3277c0b202f8871b47abd,0
24b2e9582b5681a6e2c91fc74316f25c6ae38b81,0
524c91315b840804d88773452c50945c05cfdc39,0
a47634f03f94d1a101cd5ae115cb8915f072104d,0
2da54c8f8957be5e1460702ef64cacb226fab926,0
8e9686c7d13147456245ffc0354f9bf739eac56d,0
eb2655cd823c3d64339325b3bba37fdb5fcd5dea,0
037326162b6203b6b09d45e917167582c88d5a74,0
c22a4d4e053bb65aad000842107d3dd066f80b5a,0
0e45a94e6cf6c8957bc19c77f9eedbc94c6a7a59,0
e63f4edaa24f8c19acb126538f5c51bd47031db9,0
8355a5bf4bc95633b18adda9d389ab8f4530c682,0
2e80250f93dd0032140283992179711cf39eff0a,0
7858e2a622baefb0473caeff435ab11901da2060,0
71f77dacb21dc1d8846fcb902457446ba5d4ab80,0
b2ecf83411c894609700c2130444ae20abe11bdc,0
d42a73ceff36cc8e27379fe94284b8a72fce392b,0
1650d9e0aa506e8adaee294865bac7930538b929,0
7c5b60a43ac08f8d2e2a339a1301c0e1d9fd1db1,0
24ae8028b4b3bfda58e7788366e15ba7ec6c9a15,0
22e1e584dada6121ce0b96ba17fca02a0f41cb3e,0
9643548b24c43efaacee1673a9e4d7235478e3e4,0
870cbbcf2fbcca0dc923a7ecb143334020dadbb5,0
b5b0ac8912cd973d388cead693a3fde6bce7a115,0
9ddaac4178b35f27df0f0b40b4dd753b275c81d1,0
b32d3b31d171d7815a8afb205b97642506a4c36d,0
1d280ac4660ee0e805e116691bb8b358562da2a5,0
fd2d8714d076910e00a214fdd2dc4ce777e5a272,0
46cd6d733635762074e3ff163252a0b87bcc8d31,0
217adc00a6aacb8c9ed2ad3d7c820f02d0e4c566,0
ab90dad91f5cd1564b7fafb14d608d0ab33ad1da,0
b871835e48596bcecaf1c587644b2303bb708759,0
1492dc6f74b009b18ff4312e98d61a183658c2d5,0
4723b104e46f5a43c1bf744ad16246afc0bc9bbe,0
d6c766a60494f37b16857d660b4edc86517ab9ee,0
d7062ca5d101a108cf5ce376506ff45b8c2cedc4,0
bb0c1b66068f9a533018f3c7fe282785ec3dff12,0
4b38a6b647315b13b77a37360cbf8787998dd4ab,0
99a7c40eb384db114bdb9a1bfdd011fe89d366a4,0
8b8ee56f27bf1013ff1868435fe6501a28240d59,0
ca96b53fa25d7fa945e2cbdac9aa392294637a49,0
89639c1bf1282eb7629494a193fdd6c42ad24053,0
6630d892a976fefc2baa59f26ae538c44bfc1021,0
e3ddd3e2bdcb742cb18eb6be1d6d304aa408dd85,0
9375c74ebfae2c4c202750640b692f976555fb5c,0
490bfccf0c24d923a1e8729e0b8b18d52d61386e,0
002efbb86c22ee7257287405c1632dfbfe5d2148,0
e3924d5a9ab75e9b22bc2f3c239fcdd2892ca790,0
851cba14a2c167ade97dea282d06d2e58da836c3,0
400408de1f4bef7c804e2c9cef2599a5204be6e0,0
3d2fd19346d2cff94725d25813c19fc654b219e7,0
60929726bdb4f272178b99a3c11caaacddcd1c71,0
9a4cf3fb5c15a90ae82e1909409c9c050639e31d,0
a4b260b9e5d0e2ba6b3380b049f0a9c218c178a2,0
f1bfeab277a551ca67e8692083f052d2ad73af3a,0
564d6e26f89a3b910c8de6f2ea859877df5fc3d8,0
b648d7677fd77719d0b782e25cf6a5a63fd73b59,0
00a9155e2a10692ea1c2c23dab86b3629bc7d4d6,0
99cd980c11504778726ea9ab2fce930cd52f256c,0
68a6918650bd172e9e2c4ab1e1334914796e1ab7,0
33a9f4082fdbe259b0600aa8ef57c5edf0c9dbfb,0
3672bf9b7c2da4fc13cc398f70bccb0f1567f6a6,0
4c575ee7f3b06405eefb3c2a546ca74a8f99e50e,0
29444307a298fe9ddb00e0b896c08bda10853ad6,0
5f1ab65e1b2b8bdecc85be6107e41c4e41c928f7,0
646bea5d8b9673f07fa34f0ab45c8ab4974c8c01,0
25d118c7f143c99e6b409f7ec7b055ee5dc5412d,0
79e20f275c5b72258c2c586ce0583df8f175adde,0
ce6e6b942fb97dfc84ca174a52c726c2e318db2e,0
e68f9e8d529722d1ef2d67cd42945b269a9cc7ec,0
4e7ded7ae80699023e004fd00311191575bc8fe8,0
bd2d26565718035807fef891a9e9ea67eea51041,0
1dcaedb69ff6049b611d0d26c2e20cb6a9b4a532,0
45164fc5afdb869299b98197a0f94b2fff909cbe,0
d0a75b77cf7079ecba15ae87195796c942f33536,0
06394feb55aae2d1cc38c9e434d03572a91d6469,0
9a2eef952208b6d8e4399489e233d4dc089da62f,0
a419100561a857759e4419df3931c858beebf075,0
e03d83103d3530afd6a5c1edb85cbe60643766dc,0
9700f41be6bedaba8a4d33e1d32a413735ba1267,0
879a73fd16fd2b6e8792e98e0c3e2f7b960acf82,0
99a124e5694441f20c1a8f72ee2c62886335632e,0
158bd7c4691c56b391a7f9bebb40733479d33111,0
d749f02d07e2aaf32ab2775a23b023d1e782c5e8,0
8b87e47f4661224efccb18ecbd352270177d7856,0
6646b14417eb69cedf401ee74f6da0a1b26c0f96,0
76eb6203309efcc5e13883616c4b31d616966e27,0
98d40aafb792b5774831d0787a6de1d6be875e68,0
f398e37681bebeecb5134e28a17dd0fa5c814cac,0
2169a90571dc976c2a28eb317cdf1569bcd3ff8a,0
cc2d5af31c875405014a65ae8c506375d8f71e8f,0
642b70f358bf0c038ca0d0230cf7bbf8ab074973,0
f6654f3a370a8d2f1648a6211ba075c46e22c8bb,0
cb4a78c50820daa943863cad349ece88d303ce0f,0
63ca7aafde847065d314654cc334a366c69fc0cd,0
feb01bf49a14d3c4c6c9e894a2616e5513f6c2c9,0
e3bb22e618117ed4a39b734cff8804f762bc500e,0
6d733c1143143372978df1d4c0705930ad568550,0
d319055f619ee40d55f482d5293cf21ad6cfb82d,0
27500cb475f2f1d47d13ff6e574be16915d87221,0
d32750ff2531a1cf4294ae76e1d5f5b55aff748b,0
33bf95cf96e7a5574351f22d069c884237d6b9a6,0
d4e9223e387a8aaf20b6d0cb2ee57830134d2be6,0
63c4e130faeb3d0642c55929bd619f542375b627,0
442f34f869689971d879f86d507a0faf1c7eab8e,0
1567cd284b166e9d428b25d61ace7da7991a3244,0
44a976fe3fd1fa11ee2f4f20965da668f2f4ad52,0
b978a9cc3850720bb0ba099189164faa3405ba96,0
ebd9206353246a945a33bfe213c4f49fc213500b,0
407c77383eab6d582872481f970c6461b46c4172,0
5e42da4adc47a9aa0b1e2873b44c41d3647442fc,0
2decf5ea99e13cf5064b17563725e4254b76c8b0,0
48c1111d63c066434d0e7033006781d52bbb5acb,0
70cb6bd03b792a9a3e95d63357804b217fee8f84,0
274069d66d047ad26a28ef1912eec16fac637a74,0
d6820d0567f5aea4a56c83fb36649764c14bdb21,0
b6172a06b65fcbbfc8d71c5c5e34228f050248ba,0
1213b194f215114c8a60094851c1e0bc29a2b330,0
0c1b613924cd79f0937019edbc2796c49509662d,0
8ca530574280ff412f78338a8211a2717f3906b1,0
502ece91d72b8832026e11fb9b4eafb116bf55a6,0
5fa63881b36835255039177d5a8d90a52d8cc8f4,0
2ce35eb7799440b28e636fc62569d26328fdfe97,0
0fed5c21798ca29dbbfc8eb5ad3c3a582ff9b72d,0
cb914f18295eaa90db40aca361466c343e2c4e2e,0
febf7633484652d1f174a02e85256f4fdabfe4ed,0
002016a8fbd6fbfa0d7b8bb7ff8c8c713cb6430a,0
389f1cb0e20e7281e2425ed5861bf1043c5d5b97,0
56fa8a9ad9aa89c2c4e360d7ec87c8b7233b1954,0
12d93c3be1b8dd1369dbb2b281b642126d9cc80c,0
eb41ed9009190379c27068cbaf41ba31538fd620,0
89983b0117bc51c73878aa0da9848ab64d7784c9,0
1c5e8e858af407100bdd7859dff12aea6131982f,0
032413e4c1dabdd103579464dbcae1644db33a18,0
0c900567bf64e6852fdb6c03a502cf7897f6aae6,0
d063b9b6764cb715443e23ccc7ade1e39edc53f2,0
3d2d4257c04e6110118ba36872853852fd1003d5,0
59bf346c8f25fd408982d6b36590872f9cb08368,0
3b70f174cdec5f1b41da9ffb35fcc4aa5e59e050,0
bf4e934731e0550657f1b0b970e7225b96e2b3b8,0
4036e6b2de405b29c432a2bda26d5cf47d20362d,0
954650d9b4a52c66de46246c9387c68b7f07fb86,0
347cb8ee1d3675672aa6b0aff12a7122aa184123,0
7766605633ccc0e1858499e6934704dfe5bd16a6,0
0b68982129960f546f1e681557a6df4601b03f80,0
fc57f6abf5942f4a0dd9b1660254c8136308fa9d,0
9a5345d6a72e906e27c8e785d2f0641b98a07d32,0
c588df4e96ee84aea267e257aaa6248280d991f0,0
db7c35d4bcc5455d1f09bb1ced414830e014f31e,0
f4a7ef493bbe98e9bb1c33661f5a2e0904603052,0
69acd8ed7e1329f400a46e8a70bfd7271b19e45b,0
e1e090bca22a06b4104f20e263090dd201aeeeea,0
2ff3078cacbf59dab293d665f66faa9f70cbe90a,0
b5e99ebd1e45ac8e71c92057857c26799cf28a70,0
a9bbf4392db28703ce4107669bb660e9d58cdfd2,0
5e25177c3f27eeda3a924463ad4e5c4baea4d64f,0
bb0e213eff074fc3c493c4e4d3cd84a0baa95b92,0
f2deb1b61dcca4acf36436f445729ae4db49cc72,0
ab942b3dc4a06d3982f13f457c5914c039945d96,0
40e2df9e8043227939230d161b5c032dc489bf4c,0
d3612b7ae4d230269bf7d6373d222951c5027804,0
fba34d313bc83bb638ea907d2e5e3195399c56a6,0
cdcab51b8f105bf237efa656c81f8d96ac9dce77,0
d2fa60baf4e2344fa57b28a955859b41f109fccc,0
45fa2e3b4aafc2da4114ac4a540f0a7c67088c6f,0
639469b1faac8730348743418cad1bd08924608e,0
aa47441f11ede199c9e5672a781d22e5fb55da93,0
5958179463984d19604286e362b70ca8d5f5f74e,0
6ecf9d71a2e23db6d8fd686856b59bb4b4eec683,0
79fe770c1dcfb1f407cd0c81b2a066973c80fbfd,0
3a52e720cb85acb95efd59fa99ca93ff3f199052,0
8d8c8a5c2928f0583b1ee0da774032370d2eb4bc,0
04e39027f5409529e7afffaef06c721561485c76,0
387318a9b5f197e891abda7e1e6a17d9a42b01c8,0
de1c7c3288d8f7b9b0a5cd6acc7063440698d861,0
21409daf458c1a5ed19fab953999c4cbb0d66147,0
33db4ef0d5cf34f4e0658893bbd665fa917e5286,0
0161c1a0a58bd3d2f4100774393b976fe8163d7a,0
88c70c38be733041becfb610fec0639df2148fff,0
bfc79dcc4c2418af7e204f11167d8d57726a00b1,0
f124ff91c3618d4d388dd31f36d694b0dae4dcf9,0
025e6ef59de46fb9224a9af4587fcde92b8327df,0
e81cc884d3df899b06478492208924ef3cf89eab,0
ac05fedc38b9b738cbf3a675fdc3542afb17a76d,0
f03b3d897c06bc952afff8c8014c362d4773f1e6,0
1bb1ecfc7490e00d0352f37c4ae735676bd66d1f,0
a9faa3bde2ddeda458fed586f1c5fdc762db3eec,0
41e4331735a50f61d3535232aa8dc8e1c89e8a7a,0
6dd5615feea05dd9a6ec5f8455a8aa856ca307b9,0
fbc0f4940b455c6c87232682453a398525299dca,0
8a1ca94532f1ba53bbf465437f2d0f4773eaf87f,0
73b977dd5c2417dbfaac8019ddb7b7effa0e3b0e,0
e59c57cac64a7de0933a6e7b7dbd1e827e57c20d,0
1314c33660a2e4e84872ea59a84545cd319a989a,0
b530f24cf03e85f2a96ee79750ee464fc3a0584b,0
407e901a9a6aedd3b5da55f8fab88af9543b99b6,0
7b624d3233b8149c0aaf83673dbb9d80468364cf,0
e45eddf90aef7bfc4e2c90aeaeba633c828bbb26,0
39f2cd895977c42481391a1a7395bbad2882de96,0
3f9fc7fbe3d213b541c94178cf22cefb0f7d6134,0
b4531e7ad3cf9d76b6b0d57f6c91946a722e87b3,0
1077ea6144195e137c203d66b89010e99339ebf8,0
4b4ceb48126648a7746e350175c2f47b334b2cf1,0
1728c28977154201970a85f7bb0225a3dffdc05d,0
1b0bb8cd0ad53f9c185fc4fb095c97305d43b9be,0
80d1256948c06ff17758b99217cd59c5a95b4678,0
be95b93163b171bbb7041f44ea25bf4ab3579399,0
fd3581ca6e9f29ee446bf052a020e0c052704d4a,0
9497be74c09524ebbec17980d05b534896104e0b,0
698d2111ab3305a912b74cb539e8ea887ddef44e,0
12624dcee839143b8e6a761036a6655dbc53e916,0
b5e70b08cdcbcbe5131ede9c68a39509ae8d263c,0
852ab5da25b075935d5ca2272e4cc42bc1022c13,0
61fff2e6aa7cb57267e77b19c6c9a7179134cc10,0
14817715039b6a37c814c43b02d7558c619f1c8f,0
ae07f92afea663919719230ccf52d5de35518b78,0
004a83e2cb3f7908723a46642989192e2d5143a5,0
a04d4d87d8d91bb012a3276a72aec95868a9519c,0
4208f4456e45b136f54455ad9eb9b1644733b288,0
97d88c4102e4d9fb16f589b84a2d08517e1caadc,0
1846e537d84fa997fbda56fb52d9222a685ef5af,0
f46063c46650a7edc6bbc6f365b38c97373b94ca,0
a6f5bee4ff624a9a99183328646795a093a01048,0
2586dac742eeb1f4ada6112f25771e74c2773776,0
a6fd79310a1995a249c3c80beb02e3352e75a467,0
6e908e15cf0e5a8340e3f984d14530c9d879fdcb,0
8758d497bdd9b17d2b250b6e735823fb87e656cf,0
4a2e22a9dffc81e3faf64d395b11a9f99708e8dd,0
db30cae61f19ec7a4efba6be3f9b7877d68b4a2c,0
a01f8adfc96c5bf03c756b1ae47736aa681f0506,0
77d1f064a6ca2c8983bd37edf761c505b4fecace,0
b865e77b3eefa5c2df50a05c6bbf32340ce0b9cb,0
09aa4852d1317991bb50affd123b159fcdd39df2,0
2fa92bcd55828514297dfc798996b8b4d83c18b7,0
71dcebec1102fc9d69c81d8997061d94daa9b2a5,0
23d95618184f0c340a4c7338eb6158034ca4d237,0
81fbc78cff33ab3c8260e8e842c2547d749657b3,0
5f2666b38a562e3e0e8d20562aabef6e1a108f91,0
93ad79d43361e81fea359db536c981986b0d149a,0
fa6c94895efc32800b65fead12790c3d3bb32d14,0
7313fd731d8b5bfedc818ba7b078265d7895009c,0
a8743b9b46ac71173f56b285c9eed7cc5545133a,0
e0a6496f46da64d51b8bded4d5f63c105648774a,0
6ba52d857f98f5dac5e311b90e9783daaf940fb3,0
8cfafb4f49050b0b50395595d6a0f76cc2e9b52f,0
44d56d07933a5289f03fb3fcf9cc8e4699c6c8ff,0
005ecb5b5e901427775fc0dccb9f0832c0abeecf,0
c86f84fb5315f5d1a5e050b9192f9006f17083bf,0
26f14ce8ee6885a0bc3659036fd000eb42093d9b,0
91f656283c4625a76601b5d95f43f3979d1e39d2,0
768a9c1253b210b936bca970d4a03c22357d9f4e,0
9855df9ef00bf4a8758688c8654a6a752671126f,0
7e4af06646a5dcb69ff9b6b667d9b1bd24f96049,0
d5a336a263399766ee11c8935b99c75ca291380b,0
bddda5d9a00d13959f3f39068dc30b9551b7171f,0
d42e5ee200a4baf4b9cc45d6234d2006a2777bb8,0
f4ee4333912a067cd09e77eaa3edcbd53a5773b7,0
cd544e01b749cd9e5b32eb7649c0019ac96c9a7d,0
e69e42bc997eb0c9cef72ff27648a39f3b4f7209,0
410cf7216f65c3de850c5f733aa44a895e8ed0b1,0
4bba96a5ea3083ce9a21fbc5ab72b8eb682cf327,0
1b6979f7d954e351ccf01969a3bd24b07e77caff,0
bef281e57294dc3785638fb50368953e148e1b42,0
1895a87fc85a1e085b48a398b83e50e1fe9190af,0
2419798a65d7fb07535c212177d937b5f0f1df56,0
f89563f3f478943f8f3e0aaf480df2ed93053c6e,0
98380e953c17c7a73a28fe2cd9938c5b60230663,0
c4cf7b02cb52727673521d5ff28a8935e76a3802,0
4b9670799f5f55be364ca89093e91c7b523323ab,0
c2adad3e314d25a637abf1e0dcdac6c3f59204d6,0
ca1f4159d3d54f5b92aab54eaa5f44287e8a5325,0
aaca6f1a6c2dff7538566e5a0b1ec3dffc3ddded,0
4bc1a0bae827fc6a27090361b3490f5bb0f6fea2,0
17d4e7518df51cbf7d458fcebf2b31cd4082101c,0
75e9ddc3e67963595492195a0a6938251ac8da36,0
17bda10015c7d5e704ddb22eefd0195d382bbe7c,0
046eb33bf7f460b372e6ace932793ad74db5021d,0
bdecc3296a595ad9e403d9f5070c2da97fcd5a2c,0
de9f780954012dfb57fa7c4e119b76b0574b44d9,0
24d870b9230121e6624bdd0962ead0a7190a488e,0
41155bc89badc6d7534474d4684e0fd547b8f4c9,0
c29279fcf341f1365d3237d21b260b80b54bb443,0
bc5687b268d8202464e2aa638aa5e6ad0a89c75d,0
594ad18e54165e6936c2973e36493adac378963f,0
f277ebaaebc654af277ab3d34f3310587a4bda33,0
24a699309e332b0b80a0ddcf32ee60d41efb44f0,0
4541e197e544c37bb24aeeabf451bfa935178b6a,0
b9fe93d714a8bef7597095367934d173ac2d5576,0
a73fd78290273a03ace62dcdd2dfc758b450ecd1,0
2c04112b7768a18175066a3044c70c7ee1280473,0
84a3fc80800f1cecf6a355793795a95434eb24c7,0
d830c383da9a5f4d334d1566911b46ad5510ed67,0
600f4a3d47539b1bf0c5b398abe37b3934e126f2,0
c7f07015afb446314c9382cc28c97efebff1a7f6,0
fc51095202acad822eb9ac8ad3d22c6c306b4f7d,0
db2c72f28e793a76528e90717fb5b4904835d7ba,0
f8af2c8fb585be4b748f37271ffa8506979c9104,0
cb44be1af98f97bd25c8ee0d1482751cba894201,0
01793cff914871d0aba364f16d2eac1ecee3e691,0
ae6be028357aeda3e8cc60baa435f8127af8033e,0
f1cc5bba5e1a4e2cba5c247af8e42aa30abab599,0
382d88cc3eb3579d89ababbfbd19b91114e11304,0
e069c3aff72d439635b8381a830a099412097647,0
e5518f018f70d89c05de78071f9c5cf9f3241fd1,0
ac44ea8f216866c40f3d1afa961ebf6916046736,0
64127b2cee046e51a60c8ca8e16b7504d8a0b367,0
b00daf4d69cc356136a8ea458376d343013e13c8,0
d42f1cfce1503bd79c277c6c6eb5767241382f5d,0
7d1db014a857b84e0abf879a013300a03a798b8f,0
790ec00a2a2dc87ca7b9b441d4656a8f906ccd84,0
98882405bde85bd546e3250452e451040fc3859c,0
e7facd4ed2d6973bdedc937fe1571333b4c4542d,0
687dc501fbd7684878551e7fae13cc96fc5d8423,0
78786466cc3dd2dcda1b40556bde80117d12ec67,0
d891c452edab81c1da440bd5845b1253990494f2,0
405f508276f1b511f62b1274591cda0a35e9bae4,0
0859271d526f3833c3f115f0d47417f9f2a71e74,0
e6b0d79fc62f93ebb37ccb76bc449f45842948c9,0
1cf3c621d5603aecdd66c688e9504bed59ab91d2,0
e72e42846b74402ac82a3110ecad2de403b083bf,0
43121b661430bf9a958435c7eb8d599b24915603,0
d6a4fc7dae59fa45e350487edb9f587804c7edcf,0
9db248a00b6b95439a74a85be1b16f94a5b94450,0
4a29b3231c18fa6f0d3217fdfc52176583e78bd3,0
729e7aa522b508e50bce1ec351544d8e7badefee,0
8fc8bbdf69deb5103d485ef2c8e8442f27cc08f7,0
105bdd94ee03782ea0b59ec30731b5ea17028541,0
b2f73b92cd9ccadcdcb3895d77fef26beb7f6126,0
c5e87f5eb630a230bd9e8a391c2efe68386b7e15,0
479507736a84e0c55d190f7d0d95cf882380b503,0
189af7dae67a17235bb9917748cf91cdf73631e4,0
c486aa76b266dac5c885318cc01be42ccc24a8cb,0
f758ef32a88b4fe08f91dcb23120f9ab1e9da586,0
321adfe7816a197670abb366a5d5d1e7b5f53f5e,0
75fe7727d6730bd9c35ab5cd3213ee229fda1276,0
cbd30f40208c4b5dcf48294fff277254ca27162a,0
236064e482ee1a5a35b539b7c53f559ee3b94f4b,0
f7213b20ba0b9f357b82296b5b54a6b3110cc90f,0
7ec6f2756dd097e43457401c6bb55a9e8b5a6e63,0
779310480c781f2e55f86b95a58f2821d9ab3d8d,0
fe3b2e49048252fb35694db68ed4cc1ea84e6874,0
bdb3a66441a5603a23108913b7bccfacbd5a4409,0
40d2a62f4673c5f8fddcddd23b02c06538236c92,0
334d8403a98b33c34475b2f8eb8930e3ae1cb68a,0
e42e9298ae7ed9fa8507572de042c9080cc965da,0
80a107480eddbfc1075c7e09aeeea541af8d4b37,0
169d13549c04b25c624d326f0f997a4b8877c2b2,0
99be02f5df63b2bd740ec3407bf2f4bd22bd17fe,0
4f5964e0ca25c35ee4bb6d75347d708eb78911fc,0
a92369d6cd4e265136eef0f974313ca0ba63e30b,0
b3accb13d512693462d5ed8b2cdc30cde966b35a,0
7cdffa9a0de11481b6682a742d995adf66ebf8a4,0
427417417e6f2e7e87bb43eb5d9ddf81d6ea90cc,0
ae924abb963c06bb323039058cb49f3ae19d7a81,0
f9eea141d8276e314a045decfae7d39e4a0a730a,0
fdaef1cbf9eeb7a2f23a59542fa901fd9dbb52a0,0
941e993f13b2cf37ed810d9eefbcdccf1fc1163f,0
6a3f0a404a29e1a391f30dc303919d9eba845778,0
fc2bedbf2b65713edcaec7d19fc09c19734ea3c0,0
9f6dfab9799e52917dd13b10de5314b2f833b993,0
8352cf214b977455627b18cf13de280a470971db,0
3c5639bef49c70ebd901efd3d4db486faecfda73,0
365a7068a642d419c09fd846a25553d60872257e,0
4ba01100dafa9e5d5b3571e74fad789f52c25d98,0
98fb72b1def91c4ae71d6ebbb019698a342ac37a,0
bc793dc198198c5a42e1c81bb75289d1618d3e3a,0
f802157f13f1924bc5d3545e89670ce1ece6304b,0
5b7aeabc0e9fa0b6f1bec08c2c2f37f476058e70,0
1445653071e09e198a5dffade0d5abd7bb0efcef,0
ed18dd1af4b437b402508e2667a841c788f5fe54,0
3b9f580f33a3246016088d889d12ecc1dac78f67,0
c6fe6929e18c281e3f017be0237987a6b5a1716e,0
8cd7964e3d73a40fbac3fdf6040f23337130603c,0
4d264e316b8b202acb06325b04a83fd6d04699d7,0
b7d3098c443fe8e9e084e1d6e3e23b2e4a719e02,0
5f3e67999e9642ad7cef39982973f6f5e51104c3,0
a064e0e3706423d112c41b276d5fd62a5b0bfd85,0
bdcb87baa9920df395c60170b74d3546ed325fdd,0
aef9f9cc6f52a615837c24ce23fa6da243b16e37,0
1ca228a03c346de11de4b5a42010403e05a0eb4a,0
110228f7d2dce5e2d4fa2c0e3975b27e9bbfe9fc,0
857b6227e0ea655b761d2eebf18d66ec99896830,0
2d315a4745834de9749a45a440443d605e840d7c,0
672f59c97068e66e491bab806386e2949a3ec0b8,0
3be970626b85b8710fd2489f6f8e2002d5560b07,0
1b03161b78845650f2e82eaa6f64aecc3ac380e8,0
9ac269c9e0897b265be97b168ebb1f63091e11ef,0
bdb62b8bf45dfef35171c5892f698cabe107faf6,0
faa8058edaa33383980df527f2fda16e60910a56,0
c1fa939315451645f174c515e77f26ad9315dc45,0
b0d02e3ba8a7a7294b1e7c71fc2d47bf2c3c802b,0
109d5bc9a5e6a1cb225f51c4c83f7da95d00c258,0
8a977ef89af15013116179a6bb3327bfd85c89bc,0
60b7e8a07221ad63d127182057d70ffb45797bc7,0
671b782aadd1a35728cd7bd884d19dffa6d45525,0
3b6d0acc89d1bfb58a4a3e962c53ee9d38632e58,0
ec011744640a333189801a9b7d6b85e1e10bacf7,0
3b3b392576a5f3eb74755137b751bd1276405047,0
8f2c0a2246ff6261d83eccaa4f8e58e7478ee5b7,0
9b7b853cdf06cf150976be224a12857e10d12620,0
649fa9e5337b5b271cb25d39c8de4ae6e1e6c04b,0
30ac86e36a0e4230efcb6805232d2639176da618,0
5248aa1deb537e4a66e01a0ed5769c51f6582fe1,0
e379457ed8c16ca99fdbbaddb326097eccf7bb58,0
b691d310c26d50d57c25af94426e9c1cc0ed6a64,0
ca41525839d217e469d7818e99f8ae489f3434a1,0
376c64f9b2d0fab6392a61b9b7a1f31336b7e134,0
9c5bb9b4a93570e69c0652d6d12242acb36ba992,0
4177439608aea07876d09e9f86763d49d184cd1d,0
3aa81f8741b6cbf118029ed4aa8a1d90ab9312bd,0
713e7b07778bc05630f65a491e88403b2cbdab02,0
d5382405a9bfde30a58620a6d1ddc3b81900f916,0
39024e1181979d3e39468462faf6e0e167061176,0
957c45645f1f30a4a936809a88f4e6ade12b8a59,0
545178fb632ad0dafe368a7306c4ebb8396a31e3,0
ecf43e99bae8187df05bbfe2104a88a51160b329,0
998c217744145e7ae01714eaf261acf9241a36fd,0
7d4d20859846ec5c6d2eef275ec6cc85c9029731,0
cfee261ead303a807304877eeb0c2e7838c2fba6,0
d60a3cafcf5b1e4bd40fbee3b72c39497e5197b6,0
b25b0d88cd306235198d420069a6e5d7682ce516,0
da03edbd5ead1354f6b200646935521379ded989,0
87422f18845b786c5a64ec29f47dd294c47290cf,0
5727e86e32935325de2e36bc219ecdfdf59d534f,0
a2717a104e4ce1a66018eb5ebe2764e245ec9440,0
df5bab48df9c7c947a8da2305d0ecd208e200b2a,0
a00b323b3d8f795e322e94232bb0f785c6bd3fb6,0
bcd587379baa9a8e7305e246944fd99ff4112d47,0
980fa63443b3625a4ce17e4a58ea350d0899ef41,0
b2e95eb9d0a8c349880b0bf7e3f7a01b536149c9,0
b546291762ab2536dbc7fd58a22e89a2971138cc,0
b2ac04ffea85e6dbaef6ab06ed0c46ff3a66d54d,0
f98281ca2cca4fc2b7b9b8428750f1b5bd3a1a9f,0
a05d0f6e83848f448d718b09606992e65334c2ac,0
60acf3613a6a22f2a618c913ab8d7dc7abd69ee3,0
408ab90de049bd29bd7b873412a34d665bca3db6,0
f92c7248dce6a634fe999c7875a88ff093374cbe,0
a71d6f6d0113ca86fa594ccacb599ae7ea779d72,0
df5b987756df3ec0030fea115bf161eb26362b6a,0
c95cd759dcef810b8de839e2b47c8386d58dba66,0
e19af3f0d169c39cead02771667381ec2e97b60e,0
47e571f56105547909a30994dbc9dacf6e72b9ef,0
e6e8c20cac935ea83d2779b2d417f2920febb657,0
d9519c0d9dacb88a786f9ada3910b35bde94c33d,0
76b3aa161e424585cbad0293d6746cd743b97928,0
3ed3c4fcbf81b10501b78ebe4d23f7dccf3a2210,0
7eb833ebc5a958120b6b59173d1e0874d9b244e9,0
e3e76e4d15b2dd29e68e7f45821795be43183e01,0
7e30b36d16db106ae58e58dc165c08201b04a9ce,0
6587535a0b2a66bb96e89fd2e321a13fc181e737,0
bbe5867784e45388c9ee70650f35b33b0409c1c1,0
834e66aa87f235e4e615b5c887d339b4747c81dc,0
82c27534bed73dcf05ab85e2313847181c44dacd,0
eb58b6f05d2b1c9b1c432badef76894b74dfd141,0
566e2887835e51593f524569f8621155e3a7121a,0
4c9ffcd33862bedc8d1375a1599ba38190994ef8,0
047b11b201050fb50fc46aefc6fee652f3527a70,0
cdefb12afb6cdc9fadab7a9a86c6f87086f88795,0
410dd866640cb8c86b86a0e0c7fed8f4bb0cfc24,0
bd52c591267757054313898ac6de21d66e462b3d,0
701b8fc274d141f030c3b06c9c3befd75b57f01f,0
fc43add0c5a3d85120a64fd49d464c4c4e6e2ae2,0
cafa0a9a9c77fe2dafdceb5aea31634d78681434,0
bafac3a50eaad9b715152121fcd0b673b2811221,0
5368e31fcbbe9f532c2447136d06dae2efd303b9,0
76f53a060ab4d4b56c8071a362a8708e07648740,0
bb95d0787fb1fb7eb5f93321745d70aa3f8de640,0
fff4f0d59fa79c706ee26d2b63664c15a0dad551,0
8f59d59b318d038cbe5599c000026ad3798713ea,0
4adfbfe6e5bc33929e02727aaa532a4598d106ba,0
5c14a55437e6cc25c683fcaad010214450dbfba2,0
58428842a34579c8886784927fc20617b0bc33d5,0
56dce18e854bbcc700224366612d8dd054c13d0d,0
885622274629e69972b2da1e78bb0777c822d158,0
2824e3d3d1eb43bf804627a5ca4936fcabcb9dd0,0
476494fd220481d27f38381134640d465a74fe9c,0
8023d2e3e1421b8fd89dabc7b9cc3e4b46b1ed2e,0
bc347c8b31163346775ac5770055a76de520caa5,0
4fa31b8af057536e3626f8fa6a68b6244fa93498,0
ce76b6b1812a5ddcdb0327a0c96912ff3ecb25f1,0
7379babd6b75467ab0b9ae26fd15262b8ae459f5,0
c45419e33a478c25d06bd1efe5c24d05d1b0e613,0
810a18000274363491435d17a26d3da843b49c2c,0
89218e72c721230e35546fa2b461b797c5b45ce9,0
a0a6f9698f12cb015db48e6e00797fc8546fc058,0
f315c492a2712dd6f76477e1c958eda70bf58cc7,0
62b6efa1edb4cb1b82086c4717872ff06efa61f8,0
cd6f48d33b9cbd44586b491bead1a0bf9846e895,0
f9b1026dc65fdfa6c91c535f53eec52d382fc572,0
4ae9d748d7fde7685b2a034737840447f3049dd9,0
ea0e3f64dcabf8c267eb5b413b2e280f93ac854c,0
634eab4e24b32df29fbb74722beb2505d9fdc196,0
87382434ecf2f1a96cb9c3332a67e13c0f95b39c,0
a248d34e033d95c287c9366987fb37034a079977,0
06664667e317c66e28479910b3b8b2eedc99c008,0
2a8a7a24626ec7ea2345620e5350d0f95e3a6513,0
8ed92b5f4c91e96fe5168f0ff122320ed2c8df9f,0
7b1278f5d5dea9ed9e9435dccbe9f8eaf7458ca6,0
838ffd8360b83d5596280ce53bb8455b91b5aad8,0
235817e65736326b3d7f9771a5e427e606f3bf4c,0
402ca4eccdf378e8f5233873bbc08b38ea8993f2,0
44e531647c9befb20256dd99d0cccba379a45a5c,0
34aa88dd042a4c586563655de8ec9cd0d6089728,0
ac13580a3022912f57ee9f1f42303cc696edbd96,0
32f2a087521f7d75df5aa4a5a7c3553308a7e18b,0
719abd0f4ed5f24a020102e00f0cb298e86f174f,0
8066d7bece48b1f04de23fbe89841557536768fb,0
65ebc17e72e0808630f44bb399986089b02de9ce,0
375ff066375dd6772c2a466380111f3696cbe44a,0
28db8a41a37a764e5f8e81a2b9ea114288803cdc,0
bea32d9a32aed0bd3ab0f387954b9408298f69f1,0
4c1a86c9d7b4c9920ca062bd5727d417b9271b77,0
88e15b32ccd33869eb450383fc159dfe273dcb5d,0
0d0d4dbcdb7402d3701728d252cccaaeb1d17131,0
e04408ffebe9c85fda5a93956e5149b51c503895,0
63a7fc9d1d7212243939a1f6f4ed8f45608f0709,0
9a97e72b2d5fae87e33f7270b0b53d4523154ce6,0
42c153e9f714ae4abff49d900ecf66462cd4df26,0
eef6530a97099cc0f44b2d268bf29fec278e046e,0
4bbfb0ddb89f635a4147202ddbd52bf3943cf912,0
420e5cecd2f2e12e8e73f8e09510847bacbf39db,0
29f12b27a59d5344d9aaed9d3aee523801e11043,0
0da7f3a658405e9656d167e3660026110a2f641f,0
68b29082ebaa742f0fd65b0dedf3b009b94fa027,0
bf60a1339b60ed281061b198544e14ae70cd3d6a,0
76097f73bdc14b5baadfdedcd0654d016d7cac2d,0
56a763f5d7e7e0fc2d782a5adf6717388f98fd3c,0
417e8b4d3c33177cd7c62f5cda07c80966751e6a,0
ad917960c8506e04b08da3ae697b19c189ce1f1b,0
6175676db373236970dd1bcbebef984628f696ca,0
0568a0602cd2b18565b0b95d3e1f9ef2d37cc189,0
8cf10898783e6c9a1cfdb48b6c56dd82677eef8e,0
ebd296a57820723c0a0e0e4c67075b8592d5a179,0
e5e42b288e19b96365ef1f08ec177720123afd07,0
3ddc4148170f021f81db2569a11c5bfb118da822,0
549973f73b501ec9a3146b69d74422db585affdd,0
d5d00562895ba3d4e689e0649c2b680f514babe7,0
56f40d186f43c6391a14216ae921ecee5f340ed6,0
2fceb7644b934a9e44ef2c9f4fbac364313c09ba,0
a18b73bf9a84fb69a8b65e9ea6822b9567b23a9d,0
a05fbebb156db4ddaf3f5c1e21962710454831f7,0
3506cc40bb976734c31af479f45673cc977220af,0
a9e4013b440451b54f4f003c54fe4dc923762d07,0
0e829e03583ca3d4c095793f7647ccd6b8aa312a,0
1cae181ad92b4d67f830e4a92f5979f74b25d2ac,0
eeea01a41e0923e873fc62a1190b29183de5b30e,0
0005b379f09025d6a505756ff95ed2d875e39cd5,0
411bcd732cd4c0dc05cc052ca263214a2bb57f77,0
41d3c46c38b1c4fe5030789700493657f07981fe,0
caa1e8e71833dbdc2d8a2bf1b62972afc90edea0,0
5cf444c20eec386f830300a1498072da15f8526c,0
e586a1f5150a861f26ace122551287088c43a129,0
e0b86d66a79ee5fa0c1bdfef8f4fcc414244b63c,0
1b79cf373d855905a3e93f41cde5e34b33863a8f,0
7bed4e130151c64035f0937a8826b605a98a3bce,0
7973d90b8fbc5cebb9cea0cbe4b5221e5945e261,0
b275ed0b41be9162faf9058af9e78182e22038d9,0
6c85cef1a8fdc45763b86908beec69da443507ea,0
aec0ba914297131a2904393a359e9b1fa7ca75ac,0
bcaa44f900dfbbfba00b9f4a4c9e781764c826fc,0
f41157ac85264577a7920c0cd77c24176741c5c7,0
37090e7ad40967b9078120b0e66da4c596869a45,0
f0856c0f84c3894583efc03f988fd991e40a98d9,0
0a4caa56d850773f0ef52dbf87454b11c7f5ce78,0
9d32fe943417e114eff089b90b1bd4ea9470621c,0
041e8d4d18b820ee14beee5cc2d24d16cb4dda9a,0
a87360ee949b3f1437123d0a2902311b15b9ffb7,0
04d4d0271d4280e7782801bb8ec3b92cfcbd065b,0
50eba07a1cce0e86adce7097b64b41353a4f6914,0
0312bb13608fd0cc0b10b112264bb5495da89d97,0
fad6f380d9fa5bb4d91abf8f228e10c4f5a0e9cc,0
6de2f614ea36f54e908c2395c773c1a5c312c569,0
6c7f4efdd5cb4cfc88f5e55b2fe6884e7dc99921,0
d87f4e930909a637f54ed7845f9883ecc307cbdc,0
fc13b92883aae150e214540a22a4b1318a5c927c,0
2cb96e0802ec22b95d8737ffb20e7a4a981be33e,0
ab89769da33e3ba2f6249e5213df2934d2d8180a,0
3a7160cf56863bd9705ed371035df4167b60218a,0
56de381045e3f6f6c39848f44229622879e0542e,0
6ebf056c3bd410075eb4c9b73eb4e864f18b2bf0,0
92d958bd27a25e1f879525d75996d413a71352f7,0
a85a2e3eec40bd51fabcd8da8e2573d41cbd34a2,0
197ea9ae0e92cbb0740c1d02183219d8484c358e,0
3357b4593ccbdbb747023f00e77988592ab936f6,0
060e23ac0d42a8db501e4e2f1d95163ec70d225b,0
ce8c480597226672c7a9b62fc466a880174beb14,0
a4c65bb2a0f5c8d804cb295c20dee0e0592a63d5,0
16f6c0c02bea42aae8c588099eae119c8d65a63f,0
116fc96d28994a778b43e1c44f2253c953e5f051,0
7395cb50eb2a1966946604b3869e21bdd6a36c33,0
4bc0f53a59c5a473acb80b6bdf26f8d7009665bd,0
acdca9709b44e75924e2a2f2fd51ca59dfe1281b,0
a0bb67601021f400b30e8b4c359dbf216c56203d,0
b5a8b36ad61e11b65ce38802e8d60bbbea44923d,0
07f23b126f2b4684f35147be1ef784b9c4132b0a,0
2c4cf32da6775e6dfbd009fb76bba7807f169bf9,0
3087cc107722e3a212b7535eac91b01000a4ff82,0
a2c0696606a68ed57aee16f18a545093b68ae0a1,0
a927494d0c9965afb0b38ed77fe418645467da03,0
12d0fcf5fd78b36ee4d74092b8212ea1622aee4e,0
8f4fdbaf83a4f47e0b3121f4f6eee954d70e9214,0
53221af2c9b00d8501b50282021acc8df88ad5ea,0
ad82cf167467330aa96444f1c32e071de6f4fa92,0
54d67ebcf19b8d9810caa3280da595d4417d7bc2,0
e13a3ddb97a3f50480dc549d803eaac2f68c0b6f,0
9a5d9910cec9ad67da4b1936db014ebbabace612,0
3d172e0a369de282cae23df02c6c3d5020874029,0
0b8236975316b16df25bde821a88fa7a171448fb,0
4113d63a7b81d2f44c5053fc0dbae8142f6b36d7,0
c68833477f9a23fd4e1278d01030b31dcdf120c7,0
a50f2e7ad081a4ed66eb403147582452e65dc204,0
c226236bc5ecee10c4a966fd375d1b87b25ec0a5,0
d552e87bb177ab369d87650d8b0d9f9b0a1db686,0
5ff569596db06ce00aa37946e6abad16feb1e2e8,0
d10570de881eb31fb1386049f3f886534ecd5dc2,0
8ab2e856dae6e3e22edd794b91d9393674ba3e10,0
a328627071a976f89384c7d24b97fc9f60298b61,0
070a3936235524bae62ab6e07bd45a16414fc058,0
3aa592e7fa4f64dad03bb2563b1557cf2f3b45b2,0
9c3c0add9409448f9e38a39a7d3a95a5edfc6b8d,0
fcbaf6ed9884b5a57984626ead97c0978802d059,0
db749c2bbd392240bc60bba5cfe860d4dfc535a5,0
2393b8d11bcb13cab7923176971fd4f2b7e5f323,0
792756e5fb3a33da2888139f016460a2995be864,0
62c4a9ec2cfed127e2a0b36ec0d972b216c69124,0
f5bbfc7d219f6fbd8eeca3264928ceb7bdd92f33,0
92f38fc0579f26d77cd1a607085d15b21b8276a2,0
44e582a440bfe1d706b31e9ea3ebc7e68d4f0015,0
d505c8b4fc7d65596ff3a8e6197b3a2474b68371,0
2c9e57bfadb15a8c850b9ed1a4a4edc7192415a9,0
921595bbc0f311aea1145e6a21f7efabb3505ca6,0
40e3bb71d16acdc2f5468b25b4e9bc604689cff1,0
b6bef1d402eab9ed1e2e84213c2a3f297f2a047f,0
a40e9cab7e2ac8c42fcc21c183d4ff97b36ef6e5,0
ab11aab7a0c0196e3346803720137b863a9192c7,0
578414add78d927f4bf6a762b86792d42a454649,0
5af96e7bfa7cec53d94f8839c1c7e32b496636b1,0
a1a929961a85b84c4d97bc152d9c92ad76ff89da,0
52b798d5620f281898381f70558308bfb9967082,0
5179064a93bfd5db13ad3b35b8123f5c0d8c1811,0
a699caba285b453f7decdc2b85ac6e15831fb3d8,0
984dc71a04c01f08349b7f815d9dd4b4efcfd135,0
f101f319d44d73b91fb515b3a216621031355c74,0
1f85dffdaed537d2380d38c0a066a757c4c86b83,0
a0117cc235b70054f05839c29085c4b5fcb9a8aa,0
32785dc3cd4c5a50f40066b32281fff0a66a850c,0
bf848c0d10104ff6c1926b14f6349192d2ed9559,0
5eb5562ded555c107a502ee764216bb2601a8dea,0
45f773fedf7c858966227ac3e3aa98dfaf5cd1d2,0
6b16117181243e326681607163c68b009296001a,0
5d1056afd0aff4c8e2f788666fb18ed57ad0328b,0
c7e39f2c661f7878c4b856876a82509decda01cb,0
921566d2d2d7320887d3a41be22a8d60393cc1a5,0
10cb6ebb07ae182e3bebbc836478c2ad58f0cfb0,0
3dbd0e811f9cff3d8c529cf849f9d75460ff16f9,0
9eeaf45481420f32068275b716db3915c2709f6b,0
b93ad31f050d663ec73e048c12f1dd9570f41eb2,0
37adc66c425272b58c4d172820ee546a914aec64,0
4da146941acfe502417746fda7e277b96abfe7e6,0
f59bdb99ae0ffa58c23ff9bb939d47f57f1fee8a,0
81af7176924342301b943b9848bcc7e93c824760,0
d3697e66ba51623f6a6cda5e6707653e8bc9aa47,0
15c6ab60503e8350138870e8b35e87420bc8e088,0
59abe9579b74389a6a6df6018f876bc0af5d71f5,0
54458d53d141ea8142b5c057907f9096b57cd76b,0
85f5cfe7f6ce373140321a80de3ea1675c98873a,0
dce3a4fb4207e96c49c15b5e78817989b02fa2b5,0
a7549143ad6a9c782576f0ab9baa54256bf947e1,0
332cd7b30572727f28f1354a6a0932acbca77d30,0
c0801c14cf523590fa8f47339b2b4a30f3a52c98,0
b8db6d2458c5ff1760765019c4df83b66492affa,0
38f17ee78c1af203fe3e57cd48322d191a2acc9d,0
3b72fc0a61ecca994c5c23bd32ab1eaafe0c23a6,0
49fc0b63a77d043c1091e3aae1599fc3559d960c,0
aea28739f3d4e6c553951c30a10ec3566df2674d,0
5e9500b3c2564350bf6b49f1ffe7e81c03ad718d,0
2be21a70640b4c6714595e93850d6675b3e54a1e,0
5034c8432972a82b1d04eb14899a419133f3d2fb,0
d0b003c69ee7307d7899cde8d37bce4ca99fb78f,0
f1a29a8d7aa430766ed0daa2df378fc272ff2524,0
7bab73fafe16ef7b2d3b94d5ea9e47117fe43963,0
a50f4c03b507fe715f663db038f4a26ba2bd9cb4,0
1a523d8591107138bf56aafb5eef174060c575c9,0
1c5c0afdc2047b5380fd5d50aeca4af403583f59,0
5a8807062d56e6adfd97c4aa8a6361087b488660,0
db8f272e3830d8266e7180b01df0c90ab4838370,0
7f8ebc1e65a5a0f8375d71481d52a494b9ade945,0
7f7798f60a4b232619ed661afe15986495c668f4,0
ef2e1bcfc907e864ca8cf983123c576414e370d0,0
8876a044c3d4d109b02a75d144a1b75740ca9498,0
60d14f210b3ba3301d4142d2e8a3db11e0c0329a,0
e6a70a09479c44d77981cf790ef25c5e4253257a,0
dfd682b940ee728162254b17e3113d7671cf523e,0
c925fd058247a2780927dc61b8de6e617733ba6b,0
5d007ca17346421254e2b6eb61eaf28f094c9019,0
b816d24df5099315a86b188ac17e3c5ec49e3911,0
b7d5b5302e309de5b5f3451a85728f46a6f3d2ce,0
03a6609606e63a67242108374146d18d1de66b2e,0
c919f88830a1716da987e0c40cd32bb32609b070,0
fe5f3a2131e5fd1cae8fa9f17777be98b23d973c,0
80ef9d5e3e06c361b3348072826a4879dc671930,0
0c2430234b144a1902967c29dbade6a4ed0d6c18,0
11135749421bb53c93f86a4bf1e1b4a2e2d47e08,0
d3ca5fb2767de60371e2f06c5fc90a64958ae188,0
a755bbdbbeda6c9f0b038a69622ac874cbb426da,0
0d11acbea9a64b34c9ececfb4c21c51d4693864c,0
9a250844f0dc202dcd52e6938d829dbbde942b0f,0
7b72a5b7a4a08f950e3bf1270b03a9df803d1e13,0
c87459d21631763c28eb42503e89987ca76b7e52,0
ae31d694901eefb5c01bb44c6fd6455e58bda319,0
f7585959434ac8c3162eb892074d5ed0e9a0a7c0,0
84bbca6b3bd3ceba11af21a3162ea20fd1fee230,0
7591a9552bcc33650da90ffd84112236597f6ff8,0
f628a7f305147ab4c67e3a7e37afd5f4717ec166,0
1f473034eea2e112ab817e9d0c71a1bf52213a30,0
2073112aae88c5830102aad720bdf9b209229b5d,0
9aa55ec7c24943cc8047d826131935ece7f48700,0
860eaf4cf458fbd7c5fc676c20043612605b987f,0
90f0f2ca2e5eedca53708084c141dd363ed44f46,0
550c9bc4b80b1d367c6200cde52588e658e5d7a0,0
45241f0f49ad7c2b8e91975ce7efc6489374d501,0
0080d743e3266a7fd0f383a250c7fab34d61a31c,0
52526d9a57bc3d422d70960bd722d057f7ee6585,0
418930f003e3ae4aa3776bf8374c72c82166a977,0
c32f061d4c23f46001ca94c0ab67db1ee756f653,0
e20c9c66f003dd01ef24ab8e650a67233fe0383e,0
37c091a496c0227006d1850b01aa8f82611d025b,0
2638071d18702776256002ed29e20e43e7d39349,0
b7d843b4da028e6db3a5ca12972ad466dc1f5df1,0
5fae07e07a04e8102caefc2fe9c620cf7a7c65d9,0
7205c935e11c07425aa6a31bf6b339238980d2e5,0
e18656f19f0854b930f461542e5315c74c5fe2c0,0
92ae7d67e86488e3dce11e5e25c2d141d7e92f5d,0
38b43518624633161cd146e6773da0a0c5112086,0
b4c16d81b4aa60a7248fc3a3dbfa93fa656ddc06,0
0952c089fb302b26379bfbf7c739c9ddde123fa7,0
b6a5f2577ee3316af88d57c34c4944fd9ff7c001,0
e0ad345905b71cc1b197b7fb81bbbb7f4f8afaba,0
35023c6d5e4f6ba98aa3f54b42b70965987a97a3,0
36dda3aa5a490c13124c7e3d02e1f7c49d147d98,0
ea8118671c382c334e0003e436f4cf97d471b694,0
e60d63d6b58d088b3abbbbb4570db1c9d41e4dd8,0
6bd23720f13a20fb3709e5c2417484fd9cee510e,0
6f4fae59cb8e14b1763f7b8f9fcc9a2d2304cfba,0
76f6ef11eac987fb09db9d8c6f5605c029d95b82,0
34f7c2ce86d863822517034d41c48d168f550f56,0
6e04221e231c31dc010bc87eeac40cadeaf06652,0
cae9e4a97e66b686836e266c33cadef188e9cd23,0
6b2c1fd4c9d66a3d47e1150f6ecfe56b4b73cdbb,0
1a50e1650462c2d4ec542391209f1918411d9f9e,0
c145ac8a78573a8010cae7773a4638dce230b27e,0
3ef72edde5d9b4c8198819f86a199def5924de54,0
55bf68a859bef31b0bb14a784369876d591b9590,0
875ba16845d89f4f876c7ba052ebfa689b6ea298,0
6a1bc8f373b75eb006906e9ad271212f9f5a24aa,0
be5474baecef914b090fb6c22ff7691ca8d2671b,0
95ce52475a98e942227e95706f54b45a696fd2b1,0
4e27ba04854651bcaaafd8a7fec54c7289746f77,0
bcf6b621cbcc52c0dab59ad695e8dfa0d049e5fe,0
da60010b40dc0c9e8cba3c15b50797edf4531627,0
1337a23faff11f3ac76b8c749b9f34a5cd42a790,0
ca03e228484390c5c5e8b11553fc0fef64c9f935,0
aa7c0bc994d813bf15d3508b6ec0155923f99439,0
81643b6b988005bd7d3a5746ed14566dfce80997,0
fb23a96fcef8f7ead71e65ea475f886cdb421f38,0
1da9dbed8e1369621fbc7961fadf0983c8be902a,0
3dace325166c5f4464137fb0a2a39c7b9a2669ad,0
7d7951a85a9e0c8f3c739bbbb0f1cf786f39620f,0
fc8a16c976a271d8ff100d10061c232282bda841,0
80088800771e0ff2af4a04f169c7537584f1f30c,0
19334c5e4300dc2a919451039e2960f3e118e271,0
839fd0c37ab705d68d35d68f042e5392ae0cff76,0
80d09d1e5cc15d88b81f1eb5c84a781592e0e4ac,0
740c62f4ad0f8c174f9d43706fd7259ad0a83023,0
e0f34b9cc2c6b7ac4382935f74881ef02e5a84dd,0
5f52818404a99e475292a1773fbbe71badb8ba5b,0
3dfe86d6a29d612766fef087d9988491124b6219,0
42bdd4f11b7f3873ebc49b2e54d37bca5392cff1,0
2174daa032fec024e92f29a4f7a42449d15488cc,0
20dcc3cbb53d845991be7f3c410cf61495b127b0,0
f2d85e9e203bb316f83b78f81b8065f4425d02ba,0
4c55a27be1411afca38ef8e32e5835ea253f6d81,0
79282501b532498f18803e188b4dd3a6ac8aef93,0
3a6814df1643a4e4a5690d05d6ba540bae0a8200,0
c212898be156c16f275d9ea89480d5ac093b8e50,0
c465ee542f2aff9932a7a9b512a06cc18125004c,0
aed331c468762111206fa03c47e7d5614a3cd8bc,0
95951326765211795ae8eaefe0fbc215d9303b16,0
2bc5bd9e1172b1f1227b1ad1e217c3703c518e76,0
c038ec96e4ef49faf4a74c5dc37dbb0e23976ab0,0
1a0ca02a379acde51e17060bef3573f0f481a897,0
127231905cdf3ed45570419ad625f5c110088ffe,0
1c36429d8ad9a06a625ffe9b70a0d4823ce21465,0
a45cad1b74117bed1ef5366fed4edc99ee2c304d,0
21b39986168d52f1e416d035622bc3fcf29cbd58,0
e69bfba4214364cd005b5040423a38153d98c004,0
1ac319e9a04ad2c646aa78475da5dba6e6c022aa,0
1c838a020527273d9fab5e2a886e538781836cfb,0
e729a249f861abce25adafb5a96bf313983d80ef,0
78fb256522bc962292bbd1b1894f2f50f0125de9,0
af164c07002c32864d18edf68b72ed5a74ce3310,0
226aa47d1e7d33bf26c1a4e7f014f14143935b09,0
7d77934a77871b4d7e07e45ccfe59d59f747532b,0
5c847d75149e7e522e9fccda84dd8372a61c152c,0
8db7c667830a9eee46a2f32a1c573fe393f85ab8,0
5bc6bb4740266139a465ae565a3be9a64e9e3fb5,0
9967371dd60c32be8179a5766006aba276e11b2d,0
791ad8403d78aa37f280cf3ebe4555f79551e11e,0
20f9a127d97ed7946b985a6002ee39ddca7ceb18,0
5e0ff625f0c7c4e1541f23eb3c6ac6142668fccc,0
f2a7f1be47e119c14d9c60ba3aca8d69ab7dbcf7,0
37aa1f35b909f2eb889c2ef53938d23a816bb2c9,0
bafc75a09bf1acc5972f86d874770dede65d9d67,0
1076523b12779be5bf93cd3e6585d03f087a38a7,0
47e749f126cc7f7d04cc4594bc5ce84253f8dfaf,0
14b13f6eb0549b842563669c21bb9ca07b002647,0
621a4ed303e09717c61e0408ad638209046e26eb,0
7d1ad91ae717eae7b8e921b34f29874f7b873067,0
85fe2ca3963534fa41bf6dd545c9b377adc2bcfd,0
9818a38cda5b9e01ca25cd6dfee574f134174a05,0
bf9b95acadc0b967207cd3d8936a6143a1757cc6,0
30ce82b3baaafd0c78fb27bd8289d70a19844f6c,0
bc551f29b2ae65ee97ffd56b66de1a00b9af1535,0
18d3c24b4726bca24c2427b0d41bb1e40bd7355a,0
a3a560b0dd3be0d0074d644b9fdb3032df48a5ab,0
a78947b2592026e992e6afe0230eb4dbdd08b2f6,0
7cd1831dc8859c9f64f6ec46f49b1b774c429906,0
dd27c592e795986d7eeb8e6506fcc0be660e4257,0
ebcbe81a47f58474c714506f2732396b42f8b0dc,0
b53aacd71ff7e5966caf645f216af033784afc63,0
36adf948a2c971197e5f1f0bd4adee2af97fb7c6,0
58bb7a4dc565e1aa46a0b11f2b623782d884f53a,0
2c1f84c9bc31a4b2b5fa47e2036aaa17b5769434,0
9ef6bc0380b5866bd29449a26e003a67b139cf2d,0
1e21783a317a475a38a6d7a04224ffc3458ae374,0
beb80fe0f7937a8b5125d73271c2a2715ad0e935,0
722b8b56bb7c934bf7bebe0fd991bf8a3bbaa7f1,0
fb876b21679f12529337e2b870c224fe6f9894c8,0
193ca1c9539c4588f4cb2d9bb998e987c0ed7388,0
99565d9c09a6acc41b58b61cdb0f561fb7d14282,0
02add6112e5f7ce4e4642934886eca8bc9b30f25,0
07e3bcdc27cf68615b167733e7dc5a5acf380720,0
309f2e764c11837d47e43ce898b276a14fab58d1,0
3fe969f3bb09fb6761c0b343b7d07c1d7a77db02,0
c6a32b30b9ab19663b7fa3b26039dd45d6fafa2b,0
94e5f5b89b0698d3440a6a42011e5c7dd9b2c87d,0
a6c6caf907c3fcdde34fc61e590ca99bf000a676,0
45fac5ec12030cec01a029005169aef1146b91aa,0
a242a7636f6fdae98b3852d89bec63afe0ca369e,0
06f7098dfab0e6fa64b819c2112f29bab71f141b,0
808c5094bf4d1a72ae998f66edb06c689deb68b6,0
991ca7255cfce6e7847eafca0fcab6e7ea9374c6,0
1218ec562ee00fa23feb25e086b688556089b542,0
78694928ddf96e347af4a826931e0593055b04aa,0
dffa7f9e6f6454c52d2b716eff1e7decdbd844ef,0
ac2b760ed833892dbafff8a8ddcf983662f04a98,0
35fa397ec207fbca9511fb116be091f01d210dfb,0
da056a57e371e237e3b732da21044166439d545c,0
6db36e631b91a8e50560c32c84c198a994a43cd8,0
fd4decdc62a8025e9fdbc6aa8a130ae285276d19,0
2e376599801d2e8196a3b7ea737f694a0659099c,0
73649be2a7ee6446c7a14f993aaa3619e482c8dd,0
e6c604fe6af149fd6b13849455eebcb26b6952f1,0
818175d07ab9ddca96dcedd142372d51332ecd17,0
84f0a795f1df42f332ac688dda8dff2715248c4e,0
07bda18dd3db7fbfbe900636401ee402e575d050,0
94bb98b4aa51cca02a268c4369432568f40fb79c,0
94702afa3626297e55ae89bf44da270b3beddd37,0
24dda003a9f03a0cc819ae9c30b8ccee93a0e047,0
3fd09fc675b4226d102a04b7687d18b05719b0be,0
a7f1c650f13226fa2384785b2ff06aa1e31998a8,0
a311bbc7c24060796c1ce35f16113a03f66f9c27,0
ebf66d770c94350deeb4fa69c2716478722ad2a1,0
f28b9897e1b19780762866e07b6751b980100475,0
e3fbe994a12c89c9892beb8413b31a9a3e248d26,0
9d4249611ad1225352d3db32e0da404fef7d9a6c,0
c8c1d23faf317ea6304ef6eb7628f7e9a70fc699,0
a42159d574974484b2834c8e8c5d0c19fa1af079,0
499421de1b33ded048ce562f59c34903f02ddf82,0
dfae7aa8f0e3baa5f97597331470be44af67c950,0
c1c4416c82ec8ec875d305dd0059449c51eb8314,0
ad15f51130502b41387a55e86ed90f394bce6d97,0
31d0d74b24162d90f79519eabcfc617885dee9ad,0
99a5cbb1d715c02fd6e9da598ef43fd96527b8e6,0
1f1f03f0d95e1c11d3136f3edb68db3aa0b64bde,0
f50e8d6d9d51c397dcb2d7b259bb9b6e20be7af5,0
dcdd21c5324c9261a182546402198fff5767e859,0
21ac49331611121bdac0fe3f051e6916be39aea4,0
073cfd7d9fae81f2b491c39bae5a41930ef13a84,0
1d4434f36f4068a95df114b09b87299a026ea780,0
a1ca5934b11f93aeef33dae3e3514f2b12d99090,0
624c96573b4b001e6c9361d760c670f21092899e,0
3b556bcea15e5447a2b8cb6610913efeea6b31c1,0
b6528941cbd6d078e5fd2d6e538afb6f34336a28,0
cd56f608b7682afee962660c879988640696bafa,0
8ff460fe5f48cbc6e17a5e5e74f5b3b8a8adf0aa,0
240d44edb652fc44c4f8c8fe57f16dd71ac624a5,0
ae66ab4458c905f4956b5061d42bc32f0ea4bc7f,0
bf1ac5170fab6c4291c5e2dc752a54d5d1a08af8,0
741523dceec7181dcf225ec0938b9f680b4b0f7c,0
ef8085e7c5d234ab6bf15eb17efec3dd2c7aa8ee,0
6fbcf91e9fc96ca0f0aa474c0872ad200b710c3b,0
ce41d7e130b1f2b92b76518b5d6c84739288d459,0
c243ed94c5eb773dbcd25e24fd1d2bf90f08122a,0
f7021489d945541dcd172094a54646cbfdb70e2a,0
7384b9ef46a91ba96d126fc9a86ccad509334224,0
2a7c527fb715d30d7b10b155f9e7add92d5becc2,0
db7a283943d046476f27109c498df56913f3da63,0
b458c736d0d7dbd2c95197f3245cc845cb68d994,0
3fa8520acf9ebf0e98736336269bc1f52a26b0e0,0
8bea588c4011e3c9759d80cc2e1532637489126c,0
98eb1860329e8e91bc0b7073a0f67023a04827a4,0
947a34c170c717cd8b6dcdb965c5dd50301bfe60,0
0cb744a3fd5b79e9a62ef59c42c9f54a50c58a23,0
e863ffa6e15cc2d3ef75bec14f98b405ed17f741,0
27cb360b9d0bec51d079ded157832c821d2255a5,0
637b83898f22a78cbe41ef8d6100922e4291ab09,0
3227583953b4fb49bb59a8f7519c106af5180225,0
7ae01cd9a14df6f3a63474920064ad55fc81bc03,0
9fa6e9c44f3fd25f45fa495157fd4e3e4d622db9,0
7e94befb2d7903da48c53cdff3c7e144e97a1e93,0
6697bc1fdd2c0ca33d4322faaf90a9efa56f814e,0
607581627823cd232019f3973a30d929e56fd045,0
1944f35be356f9193d01e63a02615f61b15c2a0b,0
c85e17a587c856ec9569c249e632913b881c7097,0
9236d85a05ebdfff78aa296a33f1f632f3b3d4eb,0
3cebd964786fb61250df5f02b7c6169d8c248c94,0
d7fb43cbdd08da65d935f032114cd0d550fe4e90,0
272f2309677a9a24a993b3c9c1a15f0801a725dd,0
1892d9f871d89a5fc417016efe1f782008697a6a,0
9d2a47273557426f5f4ed9cc9aa47223d28d3ecd,0
87b87b0ddd3d4c1bd922132acacf73c3b65eef7b,0
5fda44f0737cdcace90ece8ce908bdf7b81d4955,0
c9ff3cf5ecbfca6ad1ef8d7e64e685f7b87a09e1,0
4f36cb863ea0c1147ed19d7be1af3c63f145837f,0
9e4103b2e3c049d1b291e8b700d7db37748a6a6f,0
40fd5289bee9aac29f23139352e409ae5f77a5d7,0
1c3392b59bcf57deb33a17aefa487cdc2ac64b85,0
4a38db2740f227a4bf88ca1739656787e122a340,0
4e3ad178b40ce2a5070a5f2e42aa92ee69f7b33f,0
22e79d9c04212b7a3a650ba55d679b79f2a7033a,0
193caa3f479f2d8a517b31960a21fd2fe0312f6f,0
ec56fe63502f8aa0467b8d5378fb5ddba0e6ae6e,0
46a80db2f060d450cda3900c4acd78149c9a3f67,0
3011e96e0cbc1d16a07b179d9aa627f19ff0482e,0
486f3108a0ebc42593fc35f43d18cd5d4cf0979b,0
80168738b3961e1eb83dc1d1c7c4ff7f2b2a89ac,0
6f6ed45a71596921c66e26a00b7cdcf8d37a8207,0
7a22ee7a80ebab61742a092e3e4643513031a3a2,0
33f4fab36e43f82e58e86c160d42945a224d28bb,0
0566c786706f53fe442cf61a21ba4520b9e2ee5d,0
5eaa58c140589aaaa54b8583ccacbe303bb68836,0
53b515cbcce7d5100e0dcd54a777f780b256482d,0
20fdb3bff0dcd41930b8b892287ec409f6c4a2bb,0
c6c77d10834dda781578fced01ef2693e3874c78,0
6924b756779a4ebd60e17a265e86fd75a91112ca,0
17ae0effbc068fef1d3422bc87eace0164c7e2b8,0
3ddcae5c4d78375be6ba233ce83499ddd90b7880,0
7b42477a56a0a108a70a7cdbe614cc7426c6405e,0
cddff6da122f2106f19a2535b27d731d0d9820f7,0
5213ef58ae1f4a857f237e4663f66dac461c3401,0
cccdc71343cc46dbe5d73c2b0d029de4b8674877,0
d77f715509651c5b9bbe45035c0adce7b6d2867b,0
c0dadf3bf37d7a3911dcef38d947125cba29ea4e,0
6eb2ebe16199af03718e582b2ea12f2d1d3b4c4f,0
64d94d980025470aad095fdb1ec5de19a6c0f494,0
f72a0d9ba3c75c23267d574502a4b582fde2f69e,0
786f6847a62d59f05622467ce416ccc5a2dc9c4d,0
a7ff77474298300870cd4a41245d07c94caa0354,0
e66ba26e7de2fe46e4c15cd90d040c76ebc4c6f3,0
b439c98feef56848e919016515f4ad027d5766e4,0
777b798ad19c1f3ae91b1bdb904a7364409fcd11,0
cdabc54bef7a162728309acd218e7b1a33d636c5,0
a4e6ad75441a8ec59fc704a828517d42577c8231,0
441faca650ead8b9497fcf4d537db388a8e6a58b,0
9824c7377ddeeaa2c2a7764d757da83ffbd51e14,0
d4b8e2a79bdcd61a7c135d58c558467acb1c8662,0
36c112b61af420afa29c30663d835f17250c4532,0
888bb2942bb2b2a8d51d86e68f3357f5a243e3d2,0
6aeeb485e4665c5beb6cf264f875cc5c04cb73cf,0
9c49ccc381f9600fea659839b08c3a43ebc5a101,0
9526eca067a61e26a3367f21d61997c9d7a6eecd,0
77d7481f36c040cdae1e68b0b814a17ea4ffaa2f,0
b6dc023106b4336f748420dd4667a6278e1642c0,0
767c4ca4db55e13b8dc7cfd66b19db537d2df78b,0
bac5c7f6cb148d820c1e847d790b1433c3e4eab9,0
9c8b14e50caf16e00d19ac33690970e217bacc1a,0
36a02241f24417daa42a676142d93275df13cc0e,0
494244845746637d54526d31f1a766de3dede5ea,0
61e97965f7e5c5e5e55fa5d5f2e8fd6cc2bdefe5,0
56c193426305a917d311f75ae40c6729633e003f,0
ba4acde348542032c826275d8c17d8dd78bd0055,0
f426182ff0e88594e6b62a57f7ea23c6d722f782,0
f8b9ece263883cc3a6c03f6785d9dce897ea099d,0
b47dd13be133f3f01a936ff472fc6f92dc5e6c77,0
8eace13cebd32ed8aab120477cce88d389acfa92,0
31084ad217157097a1d4359ee7e9fad7dd2a0b92,0
4fed45bd5cff5762c748885b3791876524b9cdac,0
0a285489ac841ddd7a56d72881c941606bf0feeb,0
e2594d084dcf7c161b0ca28565423f4dc1cddf61,0
80feb44da2e1f71589f4670af0b6464391bf7cab,0
79643e3222bb17273177496ecc41ed837b015b91,0
2ee3fba521e193ab3a8ed83d04a277f04aa3920f,0
07f65416d66c7f1f726371d8e2c252197976df7e,0
29fcf57e7d7f4eba7ee4a6f203be650672f7dcf1,0
9d271cec14d436b0b5d12a4a47ac2b42333ce529,0
950cdd1c86f117d8b8b9bd2d613a90a5ee451d8c,0
c842b5f4df9325ecaf3f52dae8935d465dcd678f,0
2c0679dffedb3bc20558f4c09d1b2ca9ffba23ed,0
f404a867f9226971d6a5461efe015da71f8c83c5,0
a7f88d8cd15c33c2261e54f2479a921cffd29a75,0
f1efb3d8a77418dc8aadb3951d2d346e9a13723b,0
ca8b39c8fdda8ca25a98fac7584209abbf9c969c,0
8b8717595483edbc82552b388dff4f26ceace885,0
8305b5aa78da75b504a540ef45c282619a21e748,0
669d44b5366ddebec6b46b8691051125cfa0bdd5,0
527a29eeac5a8a34fd132498653669bcd3270bf7,0
5a3024476310925179c10e0b84349358acb79f5a,0
5a765725195c4f287c7f31acbfc82944b11cc3da,0
b287e8fac9a57fbd0c53c6370050469a6dd30f5e,0
04638a8897d4d09198311cc91611ff5a8ce9e5de,0
39e678fff2151cb254f21d459afe2a1259c3d7fa,0
caf2aebb600fcdd032805ea83fd61d48ea2b6d6c,0
d9c1b4a96eb012d64ef92f404f47f84638b5e5e7,0
5024de552033ac1a2f823c5758a920e498815e7f,0
04efd9a41cb6605ee3abc62021f97ce3c9b8c5a1,0
6e134bea73ed5bef31433ca6fd0bd94154ef8a62,0
8c55058c7f91fabf62fb0ae67d5fcdeb8e6e555b,0
ab5a57a94478177c9b8478404417ce6b55da3e86,0
e492d69f7addaf7694aa044207a670c38ef308a1,0
1e644ada024ea95eb216631b1c7c3794fb3006f4,0
dd1d3f0a8464bb4544943e9534af2216ba5c2e3b,0
f84864708b9e8fcfce0081fb503a5dff0a16f2fe,0
64e0c05c90e0ebe5191b2c77870247aacaf36d4e,0
ad702d0a572db4f93f9fbdfc0a13f32196583cd4,0
78e44ecee8ed036da386333bb710677fb22accc0,0
4e87b92e74ad6e6cb5b91abf3d04f4d274db12fb,0
d96401ab9ec474bc730ae4612a5fee8dcc7f4854,0
58d70cb2ce1e4359dd425b9c90978ae5298d6206,0
781c65400a5854d37636a21aa007698789e78649,0
8281c56cb323a1a20fca14f4b63058675a74ffcf,0
7067283ae204be48be2554907e526d549d7dd2f7,0
535993f821ecef60e9707ae55f50ef40b2f8a9fb,0
64dfc816c0d0ba4661d1ff40e2c747f8312ece9c,0
efc1cb3d848ebb38064e9b9c71cfd4d2de088c09,0
f3a993190ff0530725ded52a4660f41e7f40afa6,0
1ad833de8e090028a0ca5bd7fa0c7c592353fdc7,0
db0f1f323ee5b4ad7fae81d013c63210130e230a,0
621f5707c4ffeb63c44eae7bc9a6de413d7c4e18,0
55a526f38ef7fe897178710785cb409a3b21c677,0
8e28324d9eec4fe1c796274e06be60112508ec4d,0
20dd697fc844724761f3a495bf3cf7373081ca10,0
8d12927e388b5cdce3b3e5db6fbca78392887c55,0
e504948d1ea593c59a78ef86a07636d11578efb1,0
9349c6c199692bce6c703386a63eb1baa2c3734d,0
c45f6857ef628cd141beb75727c486cf55691d79,0
c3336cc4c42cdb41a8257b29f6d647f31b457190,0
9f28938d7dcc7c0863d7037a623346d5aa11587b,0
ee174e37f5915f298b74df25ebaaa43eae2b3e1e,0
29eb31122163676a9b97167e95107467c8bf6ee7,0
c6784945b63033218b3e9c2df575fcd075a55315,0
8e9877aa6e1d077decdf56c7e4387ae382a01dac,0
18b243432554dca4c45afd49f0194465e2400fb6,0
157b2f991febd031dd4db442769a75e298f062ff,0
8652cf6be5f59ec98a00c5ebbe5417037cc5ce5c,0
90e177f49fcdc4723e3459c7d18c1404ac4c5265,0
24f3c8ad150ac7f5ae8fa86b2874eb03d25bead4,0
65caa1d357c3e614586c10a67f8c69001323cd33,0
e6fe2e0755614ec50e3208d57d4c2fd2ba130d74,0
14dbc8fd65c869df11918c8a8f11018002db0a35,0
e6b772c7dbc73760022a5c9c0954bc9168533445,0
5d6ae82b19785f273946c1c4466ec869897f922f,0
933c5c086f66fe5739866133ad7f594f50bca9ea,0
cc13491adf397f58c09d6d90dd64b973bfc96cb7,0
2481e6f3b84b7cab28a162e13b666174d66091cf,0
5108f7bd389046275a09ef4c1466493cf88de387,0
f9498164622b3c0c3d8d614b465c9d0a1daf41a1,0
fe16e985099c49ae877cb203420020b6626717bd,0
4d57dfa4e1a2a429060c376119c386bf6dc77c09,0
266fd5812453d71e8a80ee7913c3e242cd2f2126,0
14c5b500a7bb549d3b529fe7b9108c43c6d70281,0
1c0f729a2ad6c810aac17eac3c752c8779e5e75e,0
b813c7bfccb048b269ae991d6fd7e0dbe3e841dd,0
9c4d550dab8ed55c96583db505f168bc8a17aceb,0
fc517cf6b43d46ca8ad489a7109015a3e26a4dfe,0
e2f883bcf3c8d0a8e92e16bc5cb16b6f50514123,0
2d4449df2b0c9d473c7f6eec9a397c60c32a8bfb,0
d412dbbafdebdb6308591d3c183a327fba67c8ee,0
58e7871509ca984d310c67d1402a348db7157fc5,0
81a537524729319d817927caadf8b1c6cb2b56d5,0
cb8ed7cf14b7f98ea40b72075133c4c40bc85684,0
c40d9b71fa2a8789ce6306a4faef1ebf3cdf8216,0
923a70bb6f2df5676564e3e6e811f8641eb14867,0
a03bae8dda02e673a31e452f371ffd3a4fadcdd7,0
e3f139a70615299265e7572a1e45904562be69f7,0
4fb7721f2a4f68a35b6726e95df2441a929cb23f,0
026405263ca4c9d96e5042ed197ee8fbc15b7c63,0
fca157312412cd08c7d528497727673ed228226c,0
6f0ff273e17f31462e7c7ccea152a1f0e3634e0f,0
33ed996c5f7a8d2a0665889c1cf22ff0a25f9641,0
180735014e547c3500a8fa2b106c82f245f562c0,0
ecfae2ac1236fc9b95d8b5d2048bb40ecc190366,0
babc190529dae2fa1ae9d10c7dee29f539884564,0
901ad91d6a2c14da9e2332ec42b9b5aa79e635ac,0
06d55083030a4c549af09967d90c354de86fecd1,0
df769c2a3e0e4f2989d8b5c02639d3fcac3a7713,0
d54be8b3e1730edb4daa7f9039207e30c20b5de1,0
3b32c74d3c2c116e376fca5e9f2a1271c6fbf4ca,0
d616fd5f9e248d7d580a74bfae885fc1c307e47a,0
27dc807ae7e05adab70d86511ba1a90c8298b0a7,0
1d20995519b1c0121c8f4803eb90d0bec368c25c,0
93be7042d6520feddcc9fbe9bab34d9439e12608,0
6ce1371f0cfe60ff16d164952cfc085e46811a39,0
bc5611d112805a6e05d73f4446cc144b7fdf9efe,0
0b3f6cb0092e8a2e88743cfc37b8602ebf8533a2,0
98145d7b950f307c12f11c0e06655c065bc44dc8,0
7761b6f077faf3745336aca14884294cbe240732,0
61dd528356784c0564f97463d2b6f093b70e1bd1,0
f006e7c427e133f39886b0c2dfe6d6cc7bd795c6,0
d25ea1e49844b65e726bd3055e8d963d7ab7e2fe,0
b03919e62afafb4f6d558ee6ea44e1dae8dee1fd,0
a934b2b812000147f1ae352e0cb09730722d8367,0
ebdb08916f73a31f8dabcd41cb0944145a472370,0
26ba5f0df9fa95d8d9934ed5f4d6e4d33bcb154f,0
81ec640ee3f4675a3c727f9086394df0223087bb,0
2eb904e28dce554ea5a097bf113b0d65e41ef9fc,0
adc1f8c0fa7e9ab19c0053e736dee2436e8d73a0,0
054c18d090b5e23eae19b47b0220144184fdf73c,0
7414767e253b3967f7b5ae0821fb8e9936e0dca5,0
a6c650197eacdbce3aa504a507ea14398238177b,0
25ae58e5d6fa81d01afc7b4f447e6469b92e7e63,0
2ff9e060ee1498c6ec30d5223023187480ac4c6c,0
57c34866fecfb6ce8c0ff81d6b5647bc66590781,0
807901c2bc78dcdb9bdc0f8abf436f42a37802ca,0
5ab4a4d7da6fe2aa0f650e14fa1698b94d6e83a0,0
426c55f82bc9e1ab0b907b64c5d4879ab53f19f0,0
976e1c6dac2e1c344853f131dae9f5ff9fc89af6,0
ff0d6a68e7d306fc16f42a882c3592bfbbe6f11c,0
ac48301b48f5b4b05f757810c30ca1358c71126b,0
c356ec9919b3d70dbf58d995ac6ae6f7de6299c2,0
f26158e16cc7772b603e34ad2d51f22432521051,0
63a0e187ff7a6bee300cfb93c6bb408ca90e19e9,0
91b14aa52d27433140e31a846054f9f021120126,0
414b615fcd3e160ad6d82bd92bafcfa17cf137c5,0
24388a1c9c74e956b62ec1b9b66f796ad6ee7677,0
029f7fae4c878f441deefec0889a12b53e01f556,0
59740012a2121e6d07aee83d7aaaee9427ddb2b9,0
2bd2ce585b5f5e9e0a4abc080dbef6b4c8eac4b3,0
a691ce817825bf6cfab450d57330910730a32066,0
e28a9ef5b03c12b48cb21b2238bbbe42612330a0,0
7d9f0da0f9c1145aaba83756192397c11c55d2fb,0
99e0a1d578b2af7cfaf24b8c05ac65c8a3bd454f,0
e33f4ddf42c9efb7ea6a4893620e167d99479695,0
b3c203ccdbb47892a68b6d014cec59503571bb1d,0
997c9996ef6a89ed524be6792569be64a4b2cca0,0
8aa1f7ddd248f2f88463239aeedd14fb7ada16fc,0
dc7951097e4e09c288746c9c1d04e5bc2f198a89,0
ad6836aec726887cf52ec5576573de5a1e75998c,0
c616a2bd2964d6fd2408cbd3e7077cd8ffbff2d7,0
d404265fca0c4a76946cb2e0e0940a33501633cd,0
48a7eb2f4cb6380faad19c61c04afa25e57261db,0
4ae2d470cad0726ad14fa743a32340bc8662eac6,0
f94587ea45cd3283fbd33d6b8965727462266320,0
82da86e9e12ac9482b131f4156405f4528a60034,0
f142db2cb2f79748e3d0840900f062c980a674bc,0
684417e668aab1c8d327ed3aaf613af4f9dfd9ce,0
d43d08d4fb641f2356d572f29b52dcad41ef52a5,0
a84a37c92f924eaaa1c663e1004f8ea4d5e718e1,0
dc61ea9f59554afc4cd0daf091a5a54f760a0eb9,0
81f2ca34f27f0ec8efcbe7e810bac1351f516c39,0
eb4c2ab2a60a0e411e57248bbaa9372472a802c8,0
753a1d0b4b786bab1a9d4233befe4a234736216e,0
2b3eedf15a928b0a4a96ef08bea2b42c7f428191,0
4e8c08108b0aeea0ad3433b0393282e7a49bf23a,0
7f755d1496214dafc583f21996bc27aa6a21aa79,0
f5659efa463544fdff921e77fe3284e42939dc14,0
648ef17311de4f0d64c639b9c2d9e2bd9269faec,0
884d8a7c5de3ce4d33e1c02c7fb5cf272347842b,0
cd161c89374ab9e57aa0e0305d786f789ce8f694,0
e82a526729b819c504684c67b5fc6ba66e173405,0
86973a19bd2c861e9f416c96bc7a870bb6680d4a,0
4e86493eba0bcfb957ff4be1e239cc8d506a641f,0
0ab854a3b2a60da708038224c783075117eb0a9e,0
53a4046954453fab73b4c9ff00730808d03783d2,0
ecfe572bbc086bfa1615102067c5bed05897b8d5,0
28082cfacfb2af304cf74344c25ff6753c8ebe1c,0
75b1b85642489f9a565e33a4660ad002c3424c44,0
b2be702b635f8130bfff0cb87178ff6f130e2a9f,0
7acb188f1188fb3726c19ff90ceb318ba5a7ae04,0
4cd52f948fa79255d1d4f8610c23ddfdb23f85b2,0
a0542491ae8c511851150a7a800ffba9da2b6d6f,0
dc6d331048fc0942485171360efff4418da78403,0
c93d015551cc02908e06e337645a3c7e45937d66,0
35bc64f663164e0d92ad7f8a93d452ca4a781c2e,0
0c114f83661b70c815412213cf51ff5345f39b75,0
a31e1090e99711f43aee7bf4cbdb01b71f168961,0
3879ac6e391e2a80f218594035beee0fb60402a9,0
bfd83ae37deb12428e3b645f759d1dfcbc822374,0
d403fe5005f5cce11dcf38a4b849336765d1eac9,0
93b02dd31e949122375d7ab5dad27a374b4a65e7,0
62b443c24a3c02c32cbd06b69d4f0eca4b85ec32,0
13ac3f208f54a69ab0dbf1a82cc058e9c8e89a8b,0
3972bff2151c435b896228a53ab3617a3f793373,0
1d6c233fe3312b32d9d5b2df061c64ec085ead3e,0
1a740fb804569cd27d58e7127157d7dabb5ca5ae,0
8eb3b36387e3cb9ac17d83e824810e32e577a500,0
4482408bfc262330f3c11f5027a165708d1f11f2,0
715248cb9fbd6e13f8aff9eefeb4e4c0b3e2b8e8,0
bb377c0ac181ae6248d332f211a13763470b809a,0
e2329758b1eb01e8604b9876a727c3f2cefc6759,0
f58a5f8479732cea42318f68ed752ddb41c9db58,0
42dddbbf120acc8a1b3d876482c7765e4944cbeb,0
42d158890c3d920a4fbe6c97f0daa97ab633a818,0
57ba153c96a390fbdd1614749409e52bfb39a522,0
84e258c6a6561aeca8feebc901948242ec21a743,0
b0fa6e0f7790f84a8979f269f6d958aef0621bdc,0
78456bfd349377b683f5cdd2645284e52f746a2e,0
cb94250dcb7c1f0b8ba835ca321a8eeea418669e,0
00440e6fecac3f22c5e61d1a842cc59058161f91,0
1c63a80df50531eaa97efb8766fcbd7dff06aa8b,0
175fb23315a6327c16549239fc65a10f0d7b8f80,0
229e5cad25847d08762bda2d1894a0f99b79c20b,0
d1d62fe52264b9c2e63ab283581698b46b174da7,0
bfa3094f8090bc78fd3fb97f2bc053a96a469c3a,0
d0e63f578fb2b967177bc9e409b016eb0c1b3318,0
832055a4c6fe5a48eb5dbb33bc6b3c3579b8edea,0
14fb64b8593a3f8750b9f059ce619c43ea974235,0
d611d8c452eed7279acf6d1eb96e3bf937371f1f,0
5cad975ef8ef1371f42c83176b261405a1bd3dd2,0
830d941c49ef73f2353272711d5761c81d397b6c,0
b834ef55bf1c457e57124d53905623ab5e847b11,0
eb8834876294cae4b49ad84f2f65da0ee717282a,0
b3941090ca51b9bcef321bdff14c16d604de8f31,0
94ab8d0db09da5d47c66c14cd5c9a58e5423c23d,0
150771613c51068276a948557523cce2a854b1ce,0
8a8c2e5e6afd5c29e4f12479dade40dbccc356af,0
b4707c5518f33a1f07455f6ebc255ca853b511b1,0
917f5ad0503200da8390a1968158df8671bfe18f,0
af8ad9f288db30d51ffb13d927f0370e73812719,0
f43d9403cd19432740f08fbaaa14bd426b3b7476,0
3da21bd22e4ebb8e3ebe2f959bf1223c803f6292,0
9c26d7d035efe4f5e83926d92ee7427d5dc9e2ed,0
0a5cb77f00a425fefc5bcf0879253d6ac8d6cde2,0
76397693bec417a4abaa75f7795ef6d9a05b8a9a,0
9e079f09b9707af3325c6d92cc31865c8b40c31d,0
30d83cf2f2edf8e058ccf36757d1d2aebde652b2,0
10464f2cd0a5cbe40d4858355574b7c4de337d40,0
25a0da3231142f7e89e76fa62e0a865201158ae7,0
804a913caf082eed08a4603c98821aff870ed987,0
0efafc1870fdff9729b7a133d7386556d675aab8,0
3538b8ac08929745bd886d2e4c7634925d335ed9,0
245a0f836df8ebc8d5329ed23b4f035023a84a62,0
d43094dfa0c9c60b2c730c15e4b94c1e4395e0e3,0
124f692c554efe590f497bd785e63803ffbc258a,0
9dd98081e4423b4357ade07d5b6cb79d7412c86a,0
fe37195ede9153c1401204c1ab3668524304698a,0
ad8ca3bf4d914115f043c3ff4849cfaa093fb5a2,0
6e22bb89b343c15452c794ad509d4fd8d80fb803,0
6a8e9b1ea1eac818fa0ca9737510db280c5b215b,0
5941f3ae53222e34f768d56e5e4dbd4190c4eae9,0
1e865cff4bb89169152160a15788b6b09b2b5c6f,0
d4f7d0908d7b6430f358783f7f42584e9fbf1f1b,0
e83a463ca01dd34dfacea4aa71379d58de7e64ac,0
7c66efda40ea0e4953d800066bdd4d0037a4dc6b,0
5ce74eb93f2dc2fe02753e7731a591cad363a105,0
e9db62fc33d87bd67be1cff0ce6879b51be83e43,0
3d86436b6133e76a7bfea88faa0bea1154ece681,0
bdcf4a8999ca36a0cdfffc1811d81cd8f0ca1f5e,0
e7d7e04779d38780ef3dc4079892655b495ed463,0
64a7f527b29e75c65a73226a448f018124b2bbc1,0
a41dd1afe2aabacaf616c6d147b929a82a39cc00,0
7e866f46d923502e452dcdaf0f557f62e0a7bfbc,0
845971ef8efe925c0cea707981e4a0fed06d5072,0
0dcaf3e37e758906f47c9b1e6b44c4d880b9aa2c,0
993b73ed004507df674aa1d88ce587c8d2c097fd,0
31b34f1a0c66ae5ecb1945bdb6398a8dac57225e,0
b3b8e0070a29df86c2f6e41fd9c70dd153c88c48,0
25cb1ea65f96fa991a70a3b3ee9fa9b77099a949,0
38ae87a6817c1d806bd38d7bf2d1252c3495fbde,0
4de88a3e1d36b71c74a5f230a0474b9f26a67ab6,0
676a8c46dd0c2661acab810b66c44cdd2fbbdb9c,0
3abbedae75dff47535f60f1255eaf1a4a270f51f,0
4d1e368f78ea17aef7ffb61736b6ba21936cfc22,0
a81d8d1cd19465b110c362b7a74da4679de587a6,0
1aab1098ecbd0d2b943e60d027d8e5882778d818,0
4fcd1b1cd1f265f2cfcea73b40c76337fcf4ade0,0
a191f6cfb82e5e35cdc3ba6756357e26b20e7120,0
87720ab0ea5142ed7b31e4f7c1f44afba7864bbc,0
837943b6e7f224eed286c23c72c1a7b65501e9c7,0
e2d2f9806badd4ae20b726194bf2f4ebf2b17e74,0
25ebec1eb59edf88e5a0deab53fd9f661fe370aa,0
0a5ec5cbb4084f159e87156352cdb029a85420cf,0
24193941bc473655aa9d39318e78dc7516ce06d6,0
8a1df198836d1fb982aba16f2851db59bdfdb57f,0
5ae47ddbf5c6cab9aa82f524c275df0428965e4c,0
fa36adae4b5aa6dac719039af056fec63736fc70,0
3ad2cbcf78ccfc5445aa0368fd832f76b84221f0,0
c13a7ca756b99e3b36c4b7607476f43c652af49e,0
eedc57f727e912bd153cfed3861db7382fa05d4d,0
2ca6b27f7f8469a703e5c67a4b644d798d71c329,0
dabbf3bf7997087e0b00a1e6d26840fa84aaec88,0
34625b8bb600a3951e8b1d984eda5ba0100cfa48,0
d429335e1af8006775a2a2aced4e8612b5a2beec,0
f4e63e5969b6fe481a7531bebd2fea6268a25bd7,0
ea8e0beb329cc8f1ed37c9a86b04f0d4e3cb2268,0
7d31ec3b976855621ee6f27bc6b09895c257079b,0
500ea3d6632afda7636a03e2d96e6ddcb45f98a4,0
21647d6b57467d7788c50922654d5ccb3d08d97b,0
b0824f5a35393ae3611b5095a0c2a1619b41392d,0
35c0c8a8c7930a4b75cae8f02a14d5894d97cd6f,0
59a52ad5bc32a664b87c079f2ce88a90002ceacc,0
b6bbe2643f75f187efcd5e8eb04557efd6aa7642,0
1de2c60ac7b58f6b76643b7efa1f8789b20de8e0,0
c4aa24c921eee506207d01ffcdf980107dbaa183,0
b7e34d29ed1b67a4204599c87a31f8b978a7af31,0
716a8191d9157433ba3a5e389fd431dd2d7711eb,0
e4963fa332196acbd077a7c355ab0db8627a5f0e,0
fa702eae5802e38e27838f1b9235ce5e2f8130b1,0
75bb4211acdbc437db5402949ce440c1ec8c0fc8,0
c52a31b6d3b420b29ea24e102a307c4836320b41,0
7444e17d8ae0804f8cbafcefcb4cb15419e9d3b6,0
d76706d0d07f54491614033d7ee8c71162a9212c,0
7633cd575b9664d2e0845e84c777c76aebd483eb,0
af2889388e0ee0cfdc1c507ff0613fd64b93ab6d,0
3bda09809c89055ca59da302753297396a40d17a,0
f3aded76d80d93388f63e37c29f0236c1645fae7,0
e88bb409d99ca19a457fb747b18bd240c688bf4e,0
8f7a228a4c719eb0b4c5338e23801896e01a615d,0
b81c2520b942eefdf07de894aa66f63ee95561a2,0
f3dc793bc7c024f4626a8ac5aa8c55b447f3c484,0
f83a106376904294a8bc210bb6beccdd3156bff9,0
808a919afe5ab3fead82bc68d0d51598c3ff9aef,0
723203d3e0d18836eda78b8f2264f0829fee831c,0
9b0cd5637d687a2e50e7639bc739bd7ab5dc6000,0
5b64b199b5db7f0b9e3127d3b67f9ea6784c4ffe,0
becd81c91eddf1bc64dcc75e7ae6393e04688bdf,0
d827d74b02d7bd86188d56a74be9e975fdd12be0,0
fcd3d23428bc08adc57d30855ee0dae98e318e10,0
8fffd19c0ed0c736fed00ab255476acfc1aaebb6,0
aea84f95b07bd79974b3a91be2c957d6cf82d1a5,0
9dbb720681ccae2113a8c9f30fa8d967e214822c,0
be57d9c2224ddc220571e07c1e626ba10537562b,0
63f09c9f05e0413d146ac82117d55fe748e2e706,0
d62b6fa4399780e790671938db63cd9e954d593a,0
11ee0b7d9e033d0ebf5c53e3ec847d8b663a1d11,0
60b0ec6a670edc64337fd8f7f84ccb0aa98b978e,0
faa6f1ac3550f77e3f729ef9068b26029396564b,0
f750cc67b0a2faea87a4450b46b21bd2c1d6ded7,0
566e696de32ee228a19583451fec5d010303651c,0
0cff9d1f1b2b7154403b592a8711aea19a451918,0
2a39ee5700413800dde9908ef0c5ec6095e4c3c8,0
c3b000579d8cc0cdae354b384e5050496e1bd2d3,0
05e08f57d0335fa0afb34bf741798c660e22b5ff,0
007296862d967265e2741dd6c1ed277bf5a27102,0
2b947a7bed49d5ef97842e950f9ada387844b2bc,0
62cbf8ba7ab60c30883c791713f1f86641b2a4c1,0
523d44d73fe8dac4028bce960c9cf3babcb3f327,0
2dec2a7e6118d3fbcc68787ab2d318c5abf284dc,0
bb2b8e42c2d2470373d03e466f87e565408bdfe5,0
f29eda8c95de610fa123363168a0e3aff3483d0d,0
b011e7ca52fa2a0e052989013d74091664a9859d,0
1ef573185a03c8e60952ae21b1651ccbda44680b,0
edcc7a8d6f75ef12c295f2ae77841347905295c0,0
c313bd3e56faefb0f1820276ca2f673291f5c725,0
8b143dcf86a815803a89c5dc429c5b1d5b7e8694,0
aca04065b94b8600119c4e4bacfe600d758103b9,0
dc0041338cd53f8951ddc1fb0514f6b081ab9088,0
0aa1fd5c44ff6527c1667a38b6d6b9e6228304ae,0
d3c631b626b1992128bbe0540a950cfb6785f56b,0
441699ac3a0c55bacbdd71d4a656a4faf382bcc0,0
da162732ca1d8b1833a16ea333c620846ceb5672,0
4d7dbb211f28b791be7ae52241c0928f6dcf0a24,0
566535bcac0368593f0090ac3e3f498e7019946c,0
ebf38875341f5a76045b1b6496fa98aec11bebb4,0
36a44ae9fad1a2b50ae0313de9baadaa013ed0c7,0
a5ad9f439fc9f47c1bb0339b9931de923696e9c1,0
a1a6e57761b07ba76c727fe184ed9530a81637c0,0
2f870e8c42719af936d13a692b4ddde91fe8faf0,0
5a759e3b4129c7b11d78129d7cf3e7bf70a8e75e,0
8b2d68fe3a47ea8ded1d8bff58f8846198f8aecc,0
19189d7dac0a4afb3a7f8962d33f470957ccc777,0
154dac30420471459da7cd8046ae22faa70270fb,0
d195f4799605ef8c5499781592d856168c60b055,0
33ef7d1a7fef1112ccf0df1d8addee7bac8e2716,0
e2f292158a98bb23ab290e8a7b0dfc95bbc29bad,0
ebbfc628f83db9c56827e7474196b412ac5e61e9,0
875582d2c24024683d3665877d14d830fce61ae4,0
f33e3b3a939dd68f194ed16d8359965032e98563,0
a75df3989a05bd60aca761b5238fe5796bb9dd9c,0
74c69e03dea6a3c75327440420d489166e5cf936,0
1b28285cc74042aa4bc44520935374d76253fbb5,0
7e7aaafb6671b30394fe3902eda6d1cc6026b07f,0
c7c0da9a829f9b86fd76f3519b07035daafd0e5f,0
fd4972f297ae8365224547bb008bb4f64018e30c,0
8c86ba11dff74ce8c794345a0db3829751e5ff5c,0
d43dffdab634127c17d589801734eca34abcf61e,0
1647734e1a2a67d8ff559cd567a1e37cea02dfa5,0
dc6fb9f8d54642bad4d96ef4df64e0de597c07a7,0
29418b441a6eeaf17f37cba965ac218155e138aa,0
d007e8e9d283b80b9c09f6d1bd70bcbd5b824f83,0
9f8116a705e6cdde7a435a2a7a2a80d5d68bf8aa,0
41968982b1f4084267b9530bfd4275557b40bec4,0
01b7cf1946c26a68e4fd40613cc40a1394fab785,0
b2b4bd1833ace6e898d491880971b92d2a544210,0
e9a95edb10bc8f54142ce01a6485387cf8f46521,0
e8814fe502b8b1a4f5a5208264849f6cc0b59faf,0
a48e67fe7c9b2229d7fbec872dcdc6925e336eb1,0
ffb52c344b41df9ea867d29480f8807f07b6f2f4,0
7644f71a643cc52a1263dd024383c76e9304817a,0
c3b09e75bfe6854d2767f70cbc8560349603a0df,0
b66e6554d714b1296beaa3c5bcb671d8a7b73e77,0
900cccc0d4063cfae76cf2af9c3b14eb901d3397,0
9564e42790b43919ff271fea08289594ff1f5beb,0
9e2bb84236b7adcd4d245dd6ac9d573bea10204b,0
0315b8d723ceb121359c6377a816635998fcc053,0
2bd26bcf71aca92933108aae7dd22e4867e2a599,0
0f966a57aa02069d41bf5bc27064b59dcece8754,0
e311e571cddf2573986b74b92f20fb32bb8b09ba,0
8541d11514c11b4b16c7cdf8ca1f1bbded7ba131,0
2cc791bbe94a80e48b2b9bff825d7f77e1ba0008,0
81791c1898f46278b97f9ab980fd8f5670dadcc8,0
25aa1a5e25793fc08a696730303c78f356dab04a,0
09c316d1000d594f4b94a19ca4752dad20cda560,0
e7ac8764ae6f79a7df84ce2f98b1b9df1482ad50,0
f61361207c141b942798c9e9b8d27806c62d90ce,0
5317ea767bec41b9c1628c494ff77470ff96ccbf,0
8c57181b2197345e7d2a4bee4682f2f240b2ee5f,0
51f8e88e7365b5ce4364b548fa94495702218ca0,0
13c9f6756a1b744e89d57b2485e4099175375cc6,0
6758fc19f97edbbe25d5c745f7d8898f4aedc467,0
fc7ea62adf26d26bd8e2bdb622f583d7a4b1aa20,0
2b9076a9b8d0d9373e934d575ad1584c140b7c78,0
da36f8aa536b1ed78b65e67e0f17baf6487c0c7b,0
4a7b837ae01009ae66807f1288dc3ece0e2efbfa,0
3e8eab635f5259b970af99367e50d5aaa5929622,0
48a5562eb437ce36764fbb8dcf5b9fbd54984463,0
1574ef4a2d1ae87a7e362e8684fc95cf49aafc51,0
e3707426e6c43e321c400be12b247dbd65498f0e,0
f55ad1d557362da19b271b1c6c32f1da30bf663d,0
4d479574adf456bb50b206ef7994e894c27058e2,0
86b7abe14afbe33bc075a960440ff142cb87171d,0
d8d8969b056c12f6c090661d42fff891930638ca,0
72b4281afead5da86d2ce8f43cb8d25491cfa28c,0
68c5d2cbd92a2171abc67be4f8c4bdcad7068040,0
337695d7ed3180a9a0a1765a4257395be6234656,0
0418cc1ca280a1d59a193c05b4937a29061b02fc,0
fd660e426fdc27d0a48ae5b25078bf908c1059a5,0
f2f6c105ffc2e3e7f1cc6e6dc6686d903737f950,0
fec0d15090d306af3b1d19d0a8ff03a82a84fa24,0
21149193d9c2a6c52e7857bdac990f665064ff8b,0
e48b1739330abe2fbc4ee4860fd73458fb3945de,0
613dc9836307c2c3d8754878462776d16d1e3135,0
c4385592d9a8a0a53a4953d73af4894f70c6df2a,0
60ba1fa40e44bb91235760cb5c6f9c2db9b17449,0
9cf70471defa7d231a615fba4a63e078ae162862,0
91e076e66e920f41bfd776d9931fb4bfa5f90967,0
ec887ea03be5704d991614e89e640d6eef1feafb,0
81f28cbe5ae38ac36102169b455db21ed1834378,0
81f6a60e8ff2f8e3491d1867746088e736481c4c,0
f3fe3b7e9d789a94f576c37ceb10b734991107b4,0
7097c90f082184e8e5df3cbc14473cb88bd6f627,0
5a981f34a24b85717cd59a25693af45e02635c93,0
3e282492539998b137c7c0df445559c4213491e1,0
a1b104cd98384c0c5db23631f0c9e63b4b432abf,0
9d1027e357fe6131b774f17947a5326a9cac2de7,0
44dc42f32288556905ede3d99c8ed3f85f7e53ca,0
60ee50c37f4a258d336537acb00c6cdbd8ba3f98,0
41709768d58a7d85ec97b775a4b2c5cd6cc733f3,0
4513f53fe0310721aa6019619a2d475c62bdd7b7,0
5e4e5dd8f1e93ba34d6166e3d151f69638c48749,0
22a9e1167ef899dfb7f91aecc5248fa72b3dc808,0
572f2214c5a6d3b306b332ddca634941b40ffa61,0
3141075b7d1c1c6b2904ecb7b5708be78e90e823,0
d162981ca753c61522336c0a178326bfd6a4654b,0
81326df0e021ea3e58fd3316453edbc21460cdc0,0
1206c73071083c992007d26fea24f98f6a1458f6,0
4d8a88f04f8d30da7ab1f7a789705de230393919,0
ba23e36080b808edd67e0786f536598dbb3293ac,0
31bf083865d43788a8e06ea5c44e5b68411a9a2e,0
46d866cc21b107b71a8ef91d0eaa95a827edb9ab,0
6b07627ed9d346c313a0b801b3d6906b798c75ce,0
72b2dd27abc1f5941da6df0c8cf1c4065b8bcd01,0
ee5fcdff4b7ae674aa4a0a0881a41317045578bb,0
b73f69100f8570172eba5490618b35bd3939333d,0
9db9d440d149160aef2fe1710d87ff97f899fc68,0
238923c99da876b6f0bcadea8908144302424796,0
c24598808e7a5511456c36f68689dff8b2e8e417,0
058d0fdc29436c14b6f3690204deebfc437d5858,0
42106b358c0777a78fc949ff0fda6421b4be5539,0
18acdbf436704b862beae489040c99def7731018,0
40a2d7734c3efc8d72860534a88f0f93f8a727fb,0
115dc1702948b3df499dc2a244dec1532866c2ab,0
592b3f873b3baa090690edef7816ece32f9233ad,0
98077169e8910335c4c40122f570c74702b54f8b,0
00d2829488dd886d1a4b1fe123d69602c5d6e883,0
cdec0b12014c08ebc91bc5ec37895bb31b9ddb9b,0
7aededb571c17591f13d7e2c37f33111e76ae1f1,0
8a098162baf0a0f053056560c49b6e09432931df,0
f997baef75c085bcfda0c163fa906c6ef40ae0c0,0
5915a98bb00ac2bb1ee7e4e3ad965eefc1e1c606,0
c9dc83d261eed454c8b862513ee4a5bad1e978d4,0
614a756bc739f157f6712fdff19fe6461da85481,0
a4d338efbbe272e983a6bd5bd84408ab4c041eb0,0
48b865d05b33a6146f7f65a67b0d6fc010bf3931,0
4da3303415816bc5a9e744a792fc6f7a57351fdf,0
b671afc3ea3efb09f94448529c42c925d1bd5d4f,0
f6d73eb42f77ac6a090290a4e3b14bf17f2d3ccb,0
01a7d6f7b45870d2a76c1a6eed733603a2677db1,0
9834437e04c83e78fb329b82715bdb57c1868495,0
64cb34bb86226489a7378e27cb9f7c28ed342b9c,0
a232239bc91792780fee6e0e63b3864a31c62fd8,0
704ab38aedad2524759bb51b565bf0b58170f8cc,0
abd160c99c18cdae8902ea330f385da63598378f,0
aac2164a9811ae2a4aee18b4e7befab23ee2971b,0
6ab554bc5f7db307612091899d88f3877f144ac8,0
4e7ac7f0ea5a3877e6084de6e8fb858e998d7c12,0
e2618c6d333cf2c54b3b6dbebaae15de7e4a1f4b,0
cf90fbfb16792edb78a886ab0976fba7d812889d,0
252574d0ab0194cecc8c8160b2940988245a897e,0
0d9b28e1b12ce3bc7741977526bb4a221cc393be,0
48921258d68a2fe12cc0b5458bf969b306b5ab8f,0
4d48ee19324bf18f4142393f5a35504c0f97ba4d,0
d8b2bad0935a8d42305a1dab2dbef1a5b19bf35d,0
6258537a7a2948a3f659db06ebf57c043a5d9dcc,0
5b8320c9e8129ada8541d142271599e3ff666397,0
9d22cbd28503fcd84a394dcd0f887d1344e9eb4d,0
0c57f81d98cdd7ee2ce66e8e49aa64e268a359c9,0
269629a1ba39e83fecd60979d57296b343a0fa49,0
14c37db567c561702461241bd2ec4c830fa99bd7,0
6b8ca5161d60959eec124318a5254894ce4367bf,0
91a37278ff295385d30d273dc531337ddad279c6,0
b2a95d39e3257b646f08cfdb52a1f44286c3dff6,0
5db745c114921562dcdd0aa98fe869b5a49f67cf,0
20a132822e1054785580c9f7cdf18c4b1680ab02,0
2e7c168c22217a98ce5cf83e64786d5fe71f07c7,0
e3ba8d42cb8b01716728635a66bcbdc23b6fd7a9,0
8c03802dd205d8e657b48b0d49795c144fb61235,0
321468290cb58c72078b59db55ef2167d339dfbf,0
1c9f4b70c1667095292d45d08ea2274fe30b2616,0
bad95eaee77a082878808fdd6c2817418045696c,0
2809567306aa555a91565d486e023e86e3b2b30c,0
59e626c21589078d4fff03f3ba5eade14aabd320,0
6519e69613ba1df997b6fd3187e8a64639574c81,0
d0ea11b87b01916c030b070583cc5cd48cc5c97e,0
0a9952cd60a7aa23f40164d836a9525e2b9be878,0
71d8db83e12f640d790221786183fa538c6a28f8,0
66f15ec3f8a1afe2f91d39011fc3dbc004625428,0
e8da7bb5bdcca478930afdf3444c70856825f0f1,0
32f97ba67342f91c5154f7940bf1923e35ce3f63,0
a0eb38b83b508986c8b6db693621c97453888b9e,0
d56c61bc3b8c71f117773644444c6aaf08589b47,0
01317dd058866a4faf97033bc11fa72fa4c29860,0
611f2da999ae75ddf497dc482885812b2ccbe52f,0
9a73971e37799b7279709cee9a8f980cba40cf0d,0
5e724ce6d3050269f7c447bd82945a8d753416ad,0
a1bcf9f58e6185d5c99f37492e9b2047b78b7868,0
4c116549561e250ce269dc6faa3e84a1f74596ec,0
b837a29b255fe34c160da030e022dea436cd0ded,0
5d7334d7c18d55da36a03c125a3a54761d32105d,0
293c6ffc93816c67372f8715287f1156a8435f2e,0
46ce30abf4f1af17d17cc46dd6b2cc6722f945d4,0
b3a1921eb82c31ffab6b5312077060082382d16e,0
a82de7146983abbb3aadaa69d060ad49ffd204fc,0
500bafb3e2ba58105565f2d7ce130f4f2f2eae3b,0
57d8dfda8b7a93d9a14dfc198e544bbabac02709,0
09a4ac0a3b61097b93f91cfb817adf96b4ca1d1d,0
1f56d8ca6beb6e734f94627d1e60133d5495b10a,0
69230e371c6bda987669d555c90cea5f8b37ec65,0
81219819707ca6c9edde8a4fe70ec94819552449,0
2d01f5cffd07002cd4231b9d3c57e01c8f3f8e33,0
562e2a182e7f455a1d4b1f11703e754cabcc5bbf,0
7f3918b5f03e4f2e95ae188b70649223b7c3a259,0
86d8128cd039f024b87bb448e1ff619e7cd56d90,0
1c828740f06b1b73108aadbe1b40dd4f028d11ab,0
046a9ede8b6346975e10c3066fabe79871d8f27b,0
fb4cda7598123ab094d0441f20a02ee9590605c7,0
2526c3fb62e1b4a6c8180ae6aec72f431d07a4c4,0
0956cca016b884fc36393ed4a923cbb5b08b5b28,0
ce6e07399b1aeaafab985e2493e5e83f6d6badc9,0
712c9640f91994059e5c17cfcac0c665f5ed0bc2,0
6d7c32149e149908818cc64ffdcdae74f2a0c403,0
679dccf6a7309764521b754855c6818aa60d886b,0
d586851436612091c58374f6e6dc3d18f4fdf151,0
217f9c52bce1d043cae4c47cc88ad8d3d686357b,0
f87719de31bd895f00552c926f45dac856fc68f3,0
13ce38cb38e5bf229b8c145e484596a88996a014,0
96da3e001f6f06b45a70b2ed83226b920f0fc418,0
245843270f45ef647a544e68a7c7339b08fd1cf6,0
29ff4d362439eb3324091c53a0064311e3472009,0
88e539ab6ae6e076a5af654031a27b914dbed4e2,0
cd5f804ef7586240b688deb681632c49ad264f96,0
e43f9c904639989931cfcc8d4215e3c3b315359b,0
06333a653c7e1edc488e652495b0910b0589f7bd,0
1533b51d7c8cc4b90297ec94d7552d1dfba4d3d5,0
3174911e383b84f02e5f209ad89a0238283f3df8,0
d6d233b84493ad1a4276048bbd476ac1b94666ba,0
6adad40a3fae046cdaf391ff6fbf78332575d186,0
4fdd1b9447a43a21debdb744be4ce0437707693d,0
272d0616ab57b9d546c26d1b25d8ead3f76dabbe,0
c089f3ab89c5d81ab970083d3ab4f4beb0675189,0
eb058aa0b60fdb30bd1eaaf40ee0908ef46299cb,0
d3fab137cb39764bc304ece44eb932e6ad4dc757,0
75fe8469befc947b30ac7b443a94067f8e71244c,0
3f62d62c2de90524189252700d85f365dd093731,0
f4a04fe381d93b1241ac0c675a3f28297d850285,0
fa33c32af2c274b6d41cf7a0357691d7e6af2dd1,0
fefa97359b398a3498411cfe68d79ef08043b20c,0
3a7758ba282ad101897b3af1bf9ae4b4eb883187,0
d44b3ffea94de9a47078591ca76eaaf936f69e67,0
cf94deb6c3e44876bbafb2ca632986cd99b17a15,0
1bcdc1e16e9d1805090a3b1c555d841f5999fe9c,0
96cd5e573856507169d6b4e72888a09e23dd7d1d,0
6d83585c8b77b2d00f4788324cee7ea7112c719a,0
8a9ffaa659dae99828f39ab2249834bd9f9160b6,0
55c73cf0c7cf68ac6aa531d6a51434ed1b0a994b,0
fd976dbbd2ec87af81e80c099ef994ee68f12b64,0
1b55660db023d3e22fc9a563d27b7b2d37a01cb8,0
d63cf0aaee4986a9aad968e80a74e26c4a4f188d,0
c5a323728acf8eb3fdaeabb90f73bad70212befd,0
745da78fab71b66764453caa50690dc6eaf603dd,0
5f1f61d859e52bdf6e7aad324e65b86a32104736,0
8b2f6d3aebc285eb51b8a2fd3aaca1134f476118,0
4975adb5748526e2d83bc1c26db594a853714a5d,0
caa0190b4ace49a51111e72028493fe87efdd28c,0
4917b8581ff5764dd6dbd59e537396b638e729ae,0
aa6865cb6b47e5ac6119a90497c8bdc63199b396,0
05372f8d5d8cb6b6a9c5ed8cf79c5a01a456c246,0
ce035bd532f7eea2ac98bbf8f3e559345496b0fd,0
a41f14dd9d33a77bae2978eff038a7945583ba0e,0
be59345e53177592d7ffe1d877cf7101a207a1de,0
695ad7552f186149edc09aa5b5da743a3064855f,0
3621c1ac821948948c6074e766fb32e0d955c638,0
1654cd5ba5c773706cefe436c7118427b5c47958,0
4bd93ad3da305805a1fcdc16002d441d5fd14cb2,0
1dd5f03cd99cec3d27269af91965bb3e51622fc0,0
ef0055a5ff6641bf884df196ed5faf89e8aa3077,0
f73bec3cae08ad4baed20709a457ab02ab414c6a,0
7fdf18470b4dd576c8e34bf534e58dace317a929,0
5615d8140ef495992ef524199e093ae85b722884,0
0d4cbf96c38e35970e946ff92eb0bfc4c3bb4462,0
537c21aafdb8abfafc1c785c358480fd65d17dd4,0
574436bc5a6dde6d5ce539b1e7e9982342826c98,0
8e6f99cfa2212a483043f0d90db3402e06447fb1,0
8abc2ec6aa5d99bf9457a8abc7401e78482c5bb9,0
72a36eba2763c414f563e713a3d7ce2671547289,0
8376cec3c0873b55d013680dc6037caefabcded8,0
79dabbb8f65fe740a708eeba0faaa7fa168b0232,0
932585ad835fd323c26da7b6d98b1e7c09a480e6,0
c79443a2876a7ea5ed276dd5a11e4f96a401eb09,0
95f8cabc14ef3833f4ef016c5bb3026c63fe4351,0
f995cd09f6850513758f1ffe922248fe06436ea7,0
05fecbb71999cb174c8f6fe72281fec43d72ad5f,0
5f9f7df05e9122b1eb488c2e677ce55be264ad0d,0
8d49f89faadbb622687311f769199d6b9fe9ac40,0
a4f14ac4f6ce0cf7b056245891b00c51b00c50a2,0
4c97dc3761e5fd8b0c85d0aa0ea84dfaf54d408f,0
70b0326384683f84b6d51691743fef145e3e1213,0
7e25c0101255e360e98bddad82859b96fde0cc3b,0
cf5499586a1248a3e97d0d7b30bff7f6b1d4a117,0
b3c220cb72d97649359b0c51b0a3c7efa50ecad8,0
41d0e67e7f8788b1e1015daa5631a8aa9bd90532,0
df9e9cc434fc4c16fa38bbfc54922fff17d1767f,0
151e39ce6808336b194c42ddba184ecb16151de5,0
c9286413af5d64315f6ff791b745118e6c686e95,0
7f3ad3029688d330203396552f0cfe1a21f1970d,0
bb28207122019b0910dce4fb9785ad9f9765959f,0
a3e43ba3080ffbd7e5006607d1e04c9d058b8dcf,0
c609d4d6d8120e64a0f27985968f9ea08fd48c8d,0
59709ca453bc0ade031abfd9ec779e46dac55226,0
4c2ea48c2e8c0673500e1d0ebd40a8225f14df9c,0
3a7915ef4ded9fa4fc6be42d7b74d14a3a9cdbf4,0
bcc3e3353eaa7dac4e3677351b81934be84d9ccc,0
a8607ba7c027528b09116d6544f30d3b2b79496d,0
ef310d70fbafb1d8acac91516ae6c4759d46d845,0
c656b2a9b753444316cd1392d101a768253b58bc,0
e1c7c51ac95ac9a13373d9189663d9c28d6e9d08,0
e724fd46a249a102ede707e1760dc5ca804bfd95,0
d5cc5b7a8c6bbdb14391a7cb8cd1c30176685769,0
1afa11d0d4682f205982c69f237f2a5c12ea8e49,0
5f1fe17e1c6f6f4efaaf5d8cff21d47424b106ba,0
e58b3cf5974bc9d2363f2a86aa0706423a782a07,0
a78518af4f04f6da3abae643c4a834ea7c3fac83,0
37fe172ec73c8c5eb62d569df1cfd364db8d2e34,0
8e3fd612e62c37096ce003a7413bcb5c92a3d345,0
a4f495dc804eedf29dda67443861569240fc6612,0
cece141bfd9a8592bbe99f1ff4a8ea075bba77ca,0
f73a79e8fed90baafa05b15025375aa633239926,0
fcf88f248e9a31362c4f10968e889105ea37c18d,0
a5a84d59922454fbc9437ccd4d2261af133da9ce,0
30b8259f3d763beb3b6030450ad9fd8a728eb57e,0
2f3dedf764e036836b1a78b4bd90d323709ab95c,0
b07655019c321a78c0822f24851c7b63a398b1c8,0
f3ee4a5a2bd95d64c239ed7dc53a06eeed0986b9,0
8424aa45bf50a4e61dfc9d98c86ae8e4ad1905e5,0
c2e0ace366635193f56985b290f0487566119aa0,0
f61ae4889874b53748172fcf543fe17fc8b59aa2,0
ef0d032256fc3f6441e44931594e962a67a4779c,0
130935f24a6721f251e7f00c7faff0c5e16039f0,0
f41c1e158c29e864265d954f49176250e98c065a,0
7db0ee3471e3420662a56b49a88b7b99a9ccd592,0
220218da1183af2e691a097e0e35133c780374c2,0
146010ffc52fbf1ce5880c4a7d8bb6440c4dfc82,0
bc8f5fbfb82e70723e11444c0d16d86467d58fa2,0
09038a35402dc4841a432a0169037e5aed25fc6b,0
a728b9187b13a7f46a0f8f58a8132efb146f9168,0
fea46b64457982461ae64a06d5cf53c1c3f06383,0
31d765524edcd2d7b44d7a52922149174964423d,0
cac0308b4056f25e90d9b94b9b214fc35e46311a,0
32a3a71ceec315cfa6543babf73f59010537a554,0
2b397d359654ee53254ec100ad44f52b3ed400fd,0
339510b8edcf1aac50cb194a758f482ef42ce073,0
d2b27fa05da7841bb06616e5a074f90fa03281b6,0
c52f899a09e114d5d26b5dcd268b7cba933a541a,0
385c6fb2bf925781782b2fd5a2921888bea0722b,0
d0ab186f291c9eaef8e0bedc70a1f800227daef1,0
b997b5c92ddd087b77a0c057d167e53b1d6592b8,0
ba8cfa51bee0f214c9665f88281728e5eb17f07f,0
d9892c872f83211be23ac0a96010e1e2f26ddde3,0
686dce644f9e4288942a3f3e13353063ec9676b1,0
be5d93f9becd5da13df105bd10d5f02cc4fb1e0f,0
207212ef3439bcc94af3792090691bbe105b2bb1,0
8ebd4cdc22430f50bcf7cc33266f4f19b679512e,0
adb03e5feaac97fe4fab17f03ec4fced7fa60383,0
b8df33a30cb0ee35eb82cf1233ce689482bcfabb,0
73cd4a0b6dc94131d87025d7e3fcc45d0df8b494,0
89ccbd222f20bb3b3e6987e6e259354381e0c1d7,0
250df7e8162f9eab075d848e079594695a331fef,0
9cb5ee7b5b11020db05fe43ebb9fce4b9a5bbf2b,0
fef8165b292b4d0dcb339995c74a6f1311bfa7f1,0
27bfe384b3a0fab5cdaa64db107f134baba0715d,0
6873da99af9cd0ab1b2b86b2fef7021b88ad1e55,0
084ecef0b2518bf69f15968be3bfc45d77eb3876,0
e2d99f7e3a4a4d6d8a31d0445c52b343d089910b,0
c085ad4bacc49336dbf568d0a3696d99070184c1,0
5b702c73197dcfb56825acd48d75cfe675d1a6b4,0
b7c51ab8f29551f3752ee75037d77a9b4dc32f16,0
e097010df4570c5386069dada5357767e51855d9,0
ac48125205ab6eeba10362114d937cdd35e398c2,0
416c559789d20ed74dc37c6e1419a4d7a03811ed,0
04357e2ec0b5be77463b50f83a95e8e9704a8fb5,0
d56cc1a4c58396683d57683218f822b2c5a82d2a,0
7411c3201130d6b0c02b71f2aea232fb9d1f0bff,0
28cd2e61df6cf6c0a4479bca955a6b4dcab8f562,0
d996456b00564ba395166b4d1cf91dcc3d555085,0
20919562f5c8087c532ffc910e073c46f9767ec4,0
e524990b896ad04fe04e0d8d6fedb8b0a0c73096,0
98a7ad16004d997f2dc5b51d0bf1bb8017b93720,0
5600e1c02855e8d8d50da5b96377195e13e12f4c,0
14b716dc0e230ea29fc1afdcdd88603e249c4edc,0
469f0ec2cccefec331822e9e8461a993fa694bcb,0
3daa47b4b9def41bfbaf53ee9857198b09a4af84,0
d271ef96fd5ec248eb4ab10a8de085c61e93c52b,0
6032819533f5a6257c64856463f5f2565b5a5ec3,0
4b5d93cb95a5194257c601bb57116262dbac8a61,0
f9d6a088f9c160c408ba6d96579ff4d7c94a4fe5,0
5c83567078e079a5ed78470988ee8593776b1ab3,0
64e2d8524852c1f36261c7a76055d2bfd426037c,0
b7035b9f0225979f8e84a03fcd3434549822faa1,0
aecd3c418796c85d63a984b024107d530dae1bbb,0
581fafd2fd076e771a59518c67d708e561a34b00,0
971d5544f2b0920c78566c08c6719c9572df03a0,0
6b2c2fbf90384c969b01e0d775b1cdc346f09a53,0
99e84953e324824da862417bc044f9abe37aa4ec,0
0674399fc116cf369d7943364c7cd7bcf55ed871,0
bc0d15ea78ac758c26e3562ed886f44665b55b1e,0
23ef7619aee3a645a9b46d01d3008132bddf6e6a,0
62dd0a9e0561aaee286d7449f0e99ed77f012d34,0
6f0bd813946c3bc8254a953da9942d8e3474976f,0
47c828d3fa6aa28c16c536dd428505ab17389005,0
e173aaf805dd6f61ed29c9228212fa683a01bf14,0
0b828b9f27d816f9088055f2f3333a416305ab8f,0
8f6441150579cf0ccf8bda950db142ab0b46756b,0
5eabfaeb959c24a33aea95b37b6ffdd16276513c,0
bc0f7bb12a0139a65c3e2af6a7db86af23d11022,0
82e34af5200cabdb77bb2c713549646bc258f2aa,0
d07c3c81fba1300a68b95f171423ff6a1a896415,0
9495376f6e4a3ac53cdcbb05e2b1add44a8111ad,0
89c64a37b2f18b272d8fa503962f89e9f2f8b9d2,0
521ae80fee66ec42a4e4dbe110c3a86fbb58a667,0
6428940bd983a81344bb7efd49671593dc02c4e1,0
99a5d3c92449f14f9fd4fc7f655712af86cc6df6,0
9492fbbb9e5fad1e13da0490b3aa7247cbd4b0d2,0
7ae27960a3d24c5698dcf233762d662f69585ef8,0
4cef5adb37ad274083960400b05587da3acf100f,0
0ffa899da9b411873f13a5f93b09d0a77461fa0e,0
6bdbde263c56d2c79477ede30ca065dd7e7b4c68,0
04d5b990cc89e98588332915f95b4d32b9dad8a6,0
de2bbbeacf3bf039d55c97a842908c0e0876d912,0
87a19d574c86e14ddfd8c358c5ce140e907c2d84,0
cc0e2c98fa58320c954558486648512b41d919e7,0
82e905f1725d1125a19edabf0e36e68ee3d13a95,0
f3afc890693ba6b038c7ac2204847e73cc189158,0
048c9731273f8e754d18bd783c7d123a67c2b2d8,0
8452b4e70752426cab94af720e6cbd9294239ab7,0
2ff5e1a5ed4aec730eeb21e71c3cbdc61fb538e4,0
cc000c2f4adb4faa2fc85a55d061704fa77c21cd,0
b04a284cc3be88d1dfb15a0cfcbc878d4fb68d3f,0
d46b277543494f1a043568e30179cd0c74c035c6,0
4046a7e0bbf887606fc47cbd7d47d1252926d0e6,0
bb2a933e547aff64a08367f7cf1d337c055e94f1,0
969b30e0147eccfd0ca605039eabd826dfe6efbc,0
0b6c79edd663c1ead15865609b5bb6592500bbec,0
b391da14b9c3c7fd961680ced725b729a4b0813d,0
49be6718a0baa576bfe8d317ad73ec587dfc679c,0
61ba3f85204590aad295afac3d31c04d5a17a1b6,0
59b056717b1179c89b8c03cb01fd6fd19b02c7ec,0
b6df31dba4cf2fe3d202daf482bb21512082138f,0
600d1ab8e1e00d4b87debc7c5df068c378508a51,0
3a336bac20817d0846450e6f3af374dee35143ae,0
b2f2d970d01cc3df1ea1e27b6d79c3cc7a3693af,0
b527b03f2ffdee94fb0cd824c605453e462aa009,0
d67f956244b9634aa0befae3874d63b51b9d5978,0
1d197b1056fac7d0126f7dc59e4bfbbbd7a99255,0
c1b1d8b49f56e8cc78b8738170c661839b6136ee,0
bd95f9a8ee848bbb86b2af5d92dfb541ebcb91d4,0
bc15ecfcc3ec55671ac2af6ee5dea6f560beeb65,0
d98728b73b20658bb156cc42ce21a2b151fc7d2d,0
a636df46979b2fd8e1474a3313b7b01a23161a11,0
527564fea0913edff50b529aa8efe9588c4a1826,0
34f1f6148a085a3523ec6be44f2acfcab32c1ed7,0
0a7797bcc9472c506632a187f7c1c322b8e51366,0
390f64bccdc9e60aa4d4639d7c52f768f59f395c,0
c1c430b4ac17172317e60cd2cfd2f2ec6ad8277e,0
20052cb93244ee69d5b1706a5cf0ee208e328b59,0
bf129e2945b33da0d85fa12a4e8a2e00011aa91b,0
7e177e4c8f635ee23adc1b3a7ae7753e1ecca0df,0
688e9fd8ca46f21017f162c69a08e5884f1c6d3c,0
f31d5a26db4ac725939cb3a7a371b1073cdfc34c,0
7d9cd51424d52e7856cf13c1567a46ad405d0076,0
7c8ba80f5c8b25298a428aaf3aa9704c19e5b98a,0
2c2194e5552fceae5350e911339b42145322afda,0
090c093b39e5c2250d413e6f30d775b088e378a3,0
ef1f946b9e2761645d23591f44c20ad714c1ddc8,0
9070350bd529682fd313b21a69377f0207947df1,0
0fd2b877c856889cfda9396f1434235ddbcd67de,0
d586cd4aa505c74f5fe80003858e51132704fc4b,0
87ec2f5f8abfa3a9f042d4c8da0cb573a1462932,0
ba11ce4fe4ad5b7655c861c44ccb66ce456d5e8f,0
342d43bef64d945c7ba307ead809b366cdf38893,0
baa94e2c5316e36d053c1e234a00d943a95f81c0,0
224b17a162f1728d57ab9e447a768a91c6a11686,0
7eafe0c146fdcd15885e8e3ce2d3d991832b1c85,0
edc48ad7b526c230f250f93ef045778d1c9ee628,0
5165d0912fc4d793a659bc7a2fdd59d39feb8029,0
fcce5dc34d443278a3a905e990a2a9a7d572b329,0
00dfc8e9c08b00815431b7e43c37e3d463dfb477,0
0f8043d5f907a766ae6434946dc1a3dea387ba81,0
d22e52d9b94b9294046d074e85f55301a1df20d4,0
8f9ec38121399463efb6c8938f2426f91ed5be75,0
deac002b7a64bf8009af82ce49ebaee3d3192fd5,0
c908f79eaf253910cfc4bb86a5cfb36d55284124,0
0a24c64658a8aaee84ad8365941d055f78ceb2d7,0
3b01f7db565ce5d0f4c88dbaa5f4d8b21e2f0c57,0
13b8373b209226e6b0095d8a9a5c9d2227994774,0
4ba14bc75666a75b56ef1dac33504e8233eaedf7,0
6000a7572cdc88634597c2dc1e2999bb6bb17e2b,0
77719e8df89d5091b9845726de63ca9a6183713e,0
9c59c8b1c17b0fe37a1e4d429cad8b57163ed944,0
7fe6013592f0bc6cf28720468c584006a960230b,0
e3efd5250d2633adf81eface6ed3c93c38b113d8,0
1942a30c22e49d6728f6c857c8b307e5d6b70c68,0
45b5b3b069b998db45bc6ae4d38411e35b9e94eb,0
b3da26db6bb685fd0941316b3e474a703a60ade6,0
c1a3b60896eacc19285b76e66bf419780062c8f3,0
9baf9f7aa2e882137c6dc7c1e0dd50f2290da9b4,0
17214a72788b6ac24074e37c6565f90486a58073,0
ebf4a3e89461ccba1e073bfdbce5b7757f4ba484,0
e38ae68e2d79e4da08172265e5a24391a690b85d,0
f54fe5cc51cc0dec5965e380b5d07f858a93b709,0
cd5d561693849342b58d4bef204cbe5d4366b408,0
a4148096fb9ae69f2fd10f4faabfb9576b9b4d07,0
6e1587348cf1528b9754a6bcb77b59093575723f,0
ccf8c63beafa8e45f030d304114417fb5f7891bf,0
6143d3a1394ff66023855083c2005de82b357021,0
9a1663df7e1612e12d20c0118329b81fc85bec48,0
8760f0e35a614bd7ee45d3943de19e2ba6b3670f,0
e38e824f2fe1ace5aafdfefcc256b413df7fe49b,0
815b0f54050d27f6afaa9c4bab993bd969a6ac8f,0
29fde5eeb44eb45d79e337c4243c5f111f3c7d4c,0
e955efc4a86593165f1fee11e83b682643a74d61,0
e46c953949da46aadadffd54d2c896e773792a84,0
466ea78ee00794f55dcb8f1a9c722ae9509fadd6,0
021971b2c43cb185d64f6a0ba42090cd69d852d2,0
4deb80507d22556f6371c224f73e1b4524e64e83,0
46ab2b65881c055518eee2f117e4c604add6a138,0
e7db8897d25735d9191328ed633d46c061ff378f,0
d46e9978451c757e9eb4dba6ed83af6ed931dd99,0
1fcb8c1f21ef96a2003027dd03d2169fa4711a6c,0
8351da26464d4d25df6491f1b4003165f98e0131,0
db72e8ce9660e61a2942149b0e04c1d6e43dc772,0
94f487c2691b953d0df8fe5fe37dcf25c9cb0a33,0
5ad0b82da59172f92e664480c8c4c4ad9fdadf9c,0
e06d256445daec0c663f997c232374f28e8752f4,0
86ff6b16be6fc150b66c6767da12cf6c32817231,0
66eb541cc482a35ea55a5f6d545681c48d5d1c20,0
57bfb6979943bddb11cbec9a1baeb7824f050f4d,0
dd895e77a1f43efed33cccd5273c11975adaf9d4,0
3671efd7e523152c731d6fee279c21eb591f6ab5,0
dcc8b336230bf767fc806871108c9506b6312213,0
30189d6ef4e54b550ad534f5dad489796a7ec191,0
c6bd2c1d7937c92279d04ca42a575fb1b8b17086,0
723c022e896546ede34dbaf3fb2aba8eb8e5a2d3,0
536887981e953dd51b4fd7aab132379c4f1fde78,0
67916fc27c7c5cd8ba5707bffe3f6cdec6baece4,0
7a5bf614b1689d06bf45fc8b7ecc6698350a5cbb,0
618c07773538bbc7ae4ea0520b71c69c01bcfdbc,0
6e8ceed9655176342a3b80edc66db2e6661f150f,0
6c6d006c6f97e7ae63c7e2db103d85e6636e791b,0
2b08b3e698c8e22c43c0b6fdf6686122af5b81a1,0
e030d1072992d245693d7a4d9f95d8a2ca419aba,0
d79b138a87b1200a1df75ee2ee6a247ef18f6946,0
6cec96333df8d32e0b41da9014338e987cdf4081,0
5a552646f9377e3c5b08cf96565cfb5155914177,0
7a44d050b7ab21591497f9dd58ab345cdc439166,0
557020047d2f6e7b4568232a8a7d20f0c2066177,0
404ac1248e0f8311d48c77c1073e9ca33476222f,0
52d375d3fd80c525e5e6f6fa918caef59e00fa33,0
14375c83b099ce3d552daa628a6b49efadbcbb61,0
559b7b21137c47c5b866f9d930a97baada9b0dcb,0
b10d3555d6828c1fc84f7630a9b06054972f418f,0
8f96ecaff1ef46d78ac4d379c766e8fff1ecba5c,0
c6f55ee3f537dbb68acc96bcbca0e0445b74f403,0
1ae8943683eb71ad50497f2162af182794fdd9c9,0
58583977e2746e2e5f7cacb8e4f1bb7fc4ffbc1a,0
99aef8efa16d7a5c68c0eb76b78835caadf03682,0
4ee0d0bd507ecf6589184b90ca3d18f165ae7023,0
cbbcabafb6bf941942fd6c1153d9c8c65545874d,0
cec0dca774cf2f431898106932e31d8a22836348,0
d4896747d3a2018db6a6a27e15278386b672edf4,0
23532f27048da7f88c76846b1c85d936e222485c,0
7da788ad0a32771809f04180269d9d02c1383499,0
23212f423994e766248c68ca6f76623012972331,0
db2541d9cc042ec85bcb7e039e20917b6dfe22a4,0
08f2a926fe1bed8d1cfc10950d76ba3ebf4144ff,0
54aac4f19f351d07fd4a4261590dbc815c12821e,0
38bb51a3def249ad9d6c47e8482917b0faaa788e,0
3aac9a9cd1a72a537f998b2243cada7d59e5087a,0
25c730b0aaf9f98895db7ca4dde207aa02240adf,0
63ff4edadb355cf0a91f4bc807ec1925d92ccc71,0
85ec1f632e7d8212706996f543997b334b51f239,0
db6d904d6d80352ef634ae297601f351e33d3801,0
6431bea67814e3ae78c54d59a3bfee3e5f5a9ca4,0
d24980176e0b9499d206cc2c6a382605f566a483,0
c226553df86aadd55f7929054883dd0e5875f1a6,0
0ba15a20eac081560946007a43da80426ecf3131,0
a475883c59b8e8ea9101d6ffc96fb7f930698037,0
039a09ca2db51cba08374a083cf9836bca112a8e,0
19de2464fb6c8902aee5cdb6e3c05227914b7071,0
ec4e3727a8a668dafcc1e7f3f8079b837b89250f,0
eacf19fbc4587fc34822433839ca4a98ac0447b2,0
b5f811f52b2d2e6040d6873fe882eab51b3c6014,0
3bdf86aa3d1bb2e409d3892ea4471df7ef5ff291,0
46a657c6f131efde3fecdab0e2cf169a93d6593f,0
f5be769bc9ee64f6499a10066d6e3f4e44e3e0fb,0
d96108cc4b1dd3614831fc67b8bc9b2f3fde5192,0
babcedd0ee53f54f0c78f7d883f542e829a1b2b2,0
0e67024c2d848c11b7969ad99a49db7ce2ea2fe0,0
b65f0b9b956d2fd780eddf14202afc9a3edd2fb1,0
a4a944b5e1bef71a3e19a28eaf4a4defc99ccf7e,0
5618e0712cc4a57234775a1f63e29fee36bb8eab,0
ecb13af39d5712ab2c429a5e28b910b6c58f56c1,0
974481cd5baaa2e17ba22aa3c62881f075fce157,0
a420642cde71e33521befad3d70f5b1d2fb226f9,0
664fb036fed1e40dda870916ff325c60bfaa89df,0
181c99f675e1aae8cb71ea4ef739a7c05fbde305,0
d394643f0433e892b296b9b14ca5b17ade048851,0
11f96c3cbf875c4abbbb0c9f5324deb678f80ee0,0
87edf0f490c30f89ec9e98e73d237bdf570b5bcd,0
691b879b717a25ee2c9038a3b94fedeb27f9267e,0
2ab9afcd4e94d485cdba536a5d7d29b60aecdcc5,0
9b25d816bb47253219872a164d1861cd9eacd607,0
393a519a1adb44eb33bd8f6ab1e51e8d0f1b7b25,0
81c2fca99548e5c3d5f6918fceffbffd457bb28c,0
1c2d1639c79fbd012d0c268d71e63e38c8c0ae19,0
ebd8246ae6f7e1c29eef9d17d9f20d1691b8ce67,0
5c4979835e5d6a30c69ac5c5bb30d61cf79d851e,0
e2ddd14f1d26108e8dbffb9e2255788f548e7de6,0
85f627e390b46ae6097410db06560ea701edbe1a,0
ce8f54cf4427adde4d05cafe8536eb0dd79f86d3,0
89ffe19d63d09bd8210321b16d7572939761c181,0
c7eceef8ecc25a752f69eb6af95adbd315812769,0
dae8b083fea034b8ae926829fc0736bb22116357,0
94b892aa246c25e4ade64dd05fe683751e648a3b,0
fe3f246a38563414b0349aca5d4333ec087af4bf,0
58fb8f367c58cabca207afc48a3553aa30452fb6,0
446f48b79586f1296a25bd4b1652afa791a0483f,0
4331f4822effad3c083e1ef456d05996649be0e6,0
c8b0a7ade5faa96602ad16651f3522a7ec43a924,0
54d9f4ecd75bd2b351a6a7b926243bf7d45f7cc7,0
ccd3f2c2d00d5fdfed4c0865cf7aeb7aa5bbee97,0
985011dfbf7f32da243ccbf4831c77e0d8e1387c,0
0ef434ab8767926d827a134262c79cb23f7ce110,0
97638b8fbf678cb7ed41e87d49515157f567a4ea,0
9bcd61c5697e85c6193e276c7b62e9715a142b7b,0
c1e1ddd35d445c842c34f6c47122d64778dfddf7,0
1a08012745ade1b047dd919efe29901876df53ff,0
2186dff7c1bac6f4611dd50a7a763dc38a09f2da,0
11d70f57f5d8d35c5cf6f29c98bcede39fbfbb96,0
cf1f3928ef655728e1a8b70781319609ab933e00,0
2e24f1899a0b3d38f3bf88ad978581256ad7a5aa,0
fb7702fe25e411550e671f1bf5a15a00ca1ed54f,0
14bc8d3e9d4a0c7e07e5fd495254cdd2d63db276,0
7b07b2290822c0d4f55ce19664ba0fe43872f7cf,0
5e9250886a053c4d2a90b865a08d1508fa9a3c8e,0
ff63db00ce3593b6075b05e8ffc3ad4469e9630c,0
029200902c9d78b524782e3245b6ffadf7943414,0
f5d4d658a75fc1ada01a062f652f86e5011337ee,0
ad429e720cdf35d3d6727fc93cbd5d2ef6d8df68,0
924e64b02ec456952009c4bb53449a0f51d2140a,0
fff04bd771a260738286f1e19509ba238c5e9b3c,0
03e6ef6c70b510f3ae3d1a8265c8b13c3205f7bd,0
fb8a17dc950d7820d90c3366c8e94f6ef4c6692e,0
48df2819010c901a78a1f89c55bdbf4ec11e42dd,0
6116e86e064b46acc3da4e9962b93a039e84e264,0
4efb1963b158906898aab7a9da2a2a902eda6e4b,0
4331ebfd546bd0c800de1eafcc1e603f1372e1a6,0
67532a872f24723529a1298a79eff1de56e2241c,0
95d788498a0a7afef819dd744afffe08737b5333,0
e81f9b2c2137839fec9c5a3303ba3c636d723d3a,0
a57c50fa3f9c2688b0a1152ebfae6d7038e5a95c,0
30f7caf800bce621301ee07dcda83ee023bf44ad,0
32f92b3cd2190deb7585b5642552fe51886a34fe,0
be9c0680ebcfb934e64536fe8ff92d8d93a02b17,0
6634b967da02f0b10fefc02e93ef11eefc68cdcc,0
63573ea8be7a593032584fb498678b09520a3cb7,0
23c8851112a0e70ec110d86c9a04d06d3020415d,0
e15b1110f954a01dd91b69907736709d94f00742,0
6f0c5b305df2a4118f7189aca335dcdb3b18d6de,0
96ea8ec41d8d55e824c8c1b6ead80bd28f0429b9,0
5453400ef0c00e78c10a53cc0a5479fe19645fb8,0
9718a4a91d797156a1fe0e6f76044b9e7a9d203f,0
57bd32107a8b2daaa34f800898a4fa6f37561c08,0
881f9cafb8afe7257174a7d407ea373e31924ac3,0
58386c8a8f369581139162a3d53e3a4cf9f438bd,0
f4fe270ac1d05e33e0c82cdaeb36fe3b5b0b8003,0
06528e66d433eadb384204100c0c79a1dbbb8e20,0
2d890530dc6932bdf36676bf0827f7df8d13edd7,0
ef279626990b299cafc58dbdf991f135afd611b4,0
aa576791c69cc7b27895c0892d388e3d84cf1208,0
dd1a1ba931514e22f1fd8072e50c25d2d89659d5,0
3903f55cc2284b4279ea68bfe3ef4660bc915f1a,0
bfe124b5e4959e370bdd3a65d67591918a254e00,0
8e52849cf6cfbf27af2375ef7dde7bc6876c6dde,0
f7737294b499d2089a582e3ec085904d25617ddc,0
bb65efaccc4c7c0389cadac35dd4b00f911adece,0
799abc01b4eedf256729d3d1de96a7a453d13deb,0
d3998a91da5849ab13b1e199f58bda3aebceadfa,0
54df818a960699f55fbab2456c57eea50e0fa5da,0
bddd414183da0e6739983d724c44604a03c0da3f,0
48c872959cab470b20a774459e8707e5763e5096,0
b3debef8427539cb38edc399c237b8b116a8239c,0
9461973c84a620942211dfd9e7d2dcb4b42ad777,0
835144be59b17f3c8db60ff473625af4eca475de,0
add4d89e28f0beadcd270d63491bac6b5d2d5afd,0
d3e16549767598f43cfd49bd7235195a460b1535,0
36c51d0e2e6f8f47dc1e1b613aeb5c11b35f2007,0
e986516910d3597f32b2072325956de4a6448a56,0
00b9614d385877aa3e9c7a5d3f89720a1e60c605,0
a59850bb7af40cf6d2bd74ca9447fe8194a4f7fb,0
ac49bc936c35ac9d20c88c3410bdbca7199d0216,0
8aaabae5fa7c49f2a2cd665e63ab60ebfabcad64,0
6dcbfc1fb92e0b67f8c2a205107f327609815564,0
096227d018f8765eaac483bba280fc33d06e9706,0
3e0a91f1a8164b2a45dc1700ec40be0269a5eca6,0
0264c50f40636e246548834aff048be70abd8f0a,0
65c04d017517ddadaa4f7d067668a56c7c8d4036,0
bdf591086abd119a6b3d4aa8cff0ab1ad55a12ca,0
39f4b133909321f2431ca6c52d5383712d72c67f,0
8fa8c1e8437e8a05dd222c4b38c1f5708385290f,0
d293c5144b41851267718bbb862114ba883c0ab9,0
5120953a621854fa21c20f2c5accd791ef39b88a,0
c5c91570058de6c74bc13607897fb71a2505ec40,0
6c6fc5cff6e762c91e62fb9eea9f6249adab922e,0
154d3a15bc73ccb38fb43ab4e9c27c5c9a42e788,0
c176641e7c5078131c23fc5547976412dc0b532d,0
83cecb4032deba30b0d8d967696ba4b39081a02e,0
0c84feac2f9b638940a2773c885525fcf8ce9cf1,0
a280f97cf9df15756f36f517e1294ee5dd959425,0
8b75cf3d04e1717277e875943fda89c283161f74,0
7a2b2f0aa5d254ad8990b46f72975871bce1837c,0
257ba4677e522800b8a1a5364825a83197ccf2c9,0
fb70946aa915600d0fa4c71dfca53e53928ebf3e,0
d4ff710aaa77743c3a80b58e9068f7bbad25b2cc,0
45f7a86132e977b2cbcb8c8227cd8a388ffe9d7a,0
d91d66e732cb72c73e06d0f08e2a4da924ef7b17,0
16d12340714f4f01c18a19e0f1686063b70a9587,0
5d33bca78a2bff869747dafb04267c62549291e9,0
7134a08f5b1ee3e3826e5a6e867866cbbbb0b37c,0
cea1ebc6c44a600b170ebcaa53e80d1075242ad8,0
f7375a961d38f13a2ab9cc579d580d392fcb86bc,0
3522089ac1fd2f8972e102de10cb1204d57d5d73,0
fdaa5be2310e9c1df5ac0d30d20b724388fe1a59,0
52f5eb9762fd04ff760bd57a2e76ea6fdfa9d109,0
95e505c87a7781f9cea269f1ae4560ec279e4b80,0
5aa72bb3ab62dfcf1e04ef8f9d467f4bf94e251b,0
86cbe360ab6f80e41c7e873d15057a177a63fbb6,0
55149edab381f353b23ea5f8b24f99a2d9f7dc86,0
6f21ecc7908f6c53bbc5b0e5f4f6ce4f520000f8,0
29c57a3fa5e376809bd319b0e0c153c0daf6a7e5,0
5bae574c3e93695a8db080b082d987a96b0f643b,0
f24d29154b60f444a1a567a86e6cfdfc99d896b4,0
fefb338d11f285731ba9d2a947c547fc9f5cf8b0,0
42003c175766a993177c3dd40c1c6e6af0b45ffb,0
1f8148d405422237c375732b80db714ba9f37f70,0
aee66a5e597e91b123758026065801ae2b86d37e,0
3589db1b805543895da22c5a851f42a5c7bdfd10,0
29d5ab95f8a12231464dee4d3ae0401b0f07fce4,0
8259f2a3ddfef26342d06c5478e3d88ad1b947e0,0
58c480e3ac45600f9647733adfe7d98d481e1534,0
b0bfd97dedad1939e281101eaf12c6a94d0e1b22,0
9a64bd5f926c31cd0b410b69d5d23b495bd26e04,0
470cd612507ecfaa5759b83c613b795620a9421f,0
0446e794b36c9ff189af5597ee59da5eeba0822c,0
1d8896c85a9be1cec80106ea2374240180e90179,0
95e7deed6546f27cdd168b19fecc54c3f6e36dbe,0
0e3aa21b2d552c9e13d55111c10e99832a24cc61,0
d183365cc16d3dab1562f222ea44eecefcf3d942,0
3a4b5a30d1a7e51f1f199f737237f33823c0d7a0,0
ab77eeadeb9f81d500fd792e9ac5c86b1dadb94c,0
849056296a034258845cb83b7adc6b2687dc0250,0
9d936ba5adaae6ffd8252f226e2ace0c4c7d8c2b,0
d0b6eed8983c024b6538cf87334ab9920fc2da5c,0
59ab021a303325aaf452bcd86451e00fc7ae4b42,0
61cdf2f0b17802dc1abb90346f651d5c848e8f05,0
a91f09b8463cc7de87d84e22f139fbd310c58277,0
fbbeeaeb0c510400aaef63402cb4ae170697627a,0
14e44721a7a251e65bde666cac086696c40844f2,0
2f75fbbac35748024b5d306f908a3e49cd766c50,0
ad9bb34d9dfbaa415087adb94908044bb368171a,0
04097b93173edc5130e239e3be7db488e0c93b7f,0
194f445a3418ee44209e041a83dc1c2c0fc73064,0
9ce8053519acda2b0eb91036b1681e9a4128029a,0
cdd614cead0c2f8ac5882ea9e8a13cb72072d7b2,0
866caa7ac20a0ae68db25cc7f9c2a30f87b44a0e,0
8816b3d08f28f635db87306ea1fb73af0faf7446,0
f86bac07c9837e457ae4f67b4006371cc7e95862,0
a777faf540aca3610bc6761a1dc0fec83f899baa,0
5f73e452d52de200bb0aa47891a6b2c5b53186f5,0
c75de63fad0e79f173aa1dfbf60a4540985f3800,0
ab5b1a349d5fdb8408c3fc1092d6a8850f0bdbe3,0
9ca92d91fcf19384aa845854406c9732f28c0ee9,0
c89f301043dc47604fd28c0bca947556fc4e38cb,0
b4e2059ca9e8dce494ad510966e97dc13359cd9f,0
af2d74118050dd3e4ecb3c1588f8ca396474bc1c,0
bfe8e97238104f304fb9e1bbaea015b80615a7fd,0
d4634cf96604e7b89e6e8c45fa2101c37595ebe5,0
32afb4c1fec7bf85f240244cdb04d3147b1c2c25,0
f1ac8e8a184f9f8401008ccb070b721277c55ae5,0
08b4e1ad6a5433d2007f873965d0bc2675c64fbb,0
6ececf343b6ca0e98300be9e0e3b6021e4df1775,0
fa17dde448e918a7614425bd22cc151bc6de375f,0
ad285e61d5288ef095b37e7b686e88185268bc26,0
8254fa07bb13997761a5b3d00dc6ce5bd8dcf6b5,0
8ecfc7899f0a031f22b30b61c1d46d17a7a8e220,0
7b94d921ea5e80dcbafc003b73a07e8c9cacf527,0
972f5e89265953b694ecb5d690daad272413a2ae,0
d77343f76232adc8c306e6cf439e98b68a155624,0
aab55c16b88f1669b81a040c586d07eb5fa1fd78,0
b148f5c394b7430061c0bdd5fdacf2359057326a,0
49817577e40906fa7c41155fed989a87890d54d2,0
e68fb47f264ee7a316deb1712fa5114eb6c2a469,0
b39255c68318d33aea2cac4ff0038729a2c62a55,0
521fedf61fc3c4ba6afcc9caf4f73749c35b44f4,0
a4ad994eda8822617a1777bf9cef493914f02279,0
2ab0157903e5305f93a8a29bb44eacb015b183a9,0
fa20df192035b67c57c7c8eaa60e9fac1ab95f59,0
c4977a74753be9e714f6a4998295bcdc9146594e,0
19ef46133f5b298eef6e954338b178c8fc20000e,0
6d25801c5c3101732fc1f1427f1e345097e8e39c,0
4117a4c1380a48da62ab2f8da8eb601a58931023,0
4ef6221853185794a5432a2cbf392d7cb25cd3af,0
56486fbd1edeee7550cc9f01a83b480e772a864f,0
ed7991b5b156767af914dec0c4cbcac252086160,0
b8d2ba559a1231fc25c8aff7fa4cc2a1fe55fd64,0
4dead0d097962b841f2cef2db9adb746d2d673ae,0
15f2de34bfd80a49cf563332a8c0e0de5e942244,0
04dffba39fc36c58e03ef5d76e5efa31102dc570,0
4c70539c04e711df4111c79a5c747ed6c4b796e1,0
59e63801af9b6ec8d9afde34508aee883c9abff3,0
04a8ca0339c6ce33144a3952b55d551f1eab3f99,0
8daee1c5343d91e314c20adf9c658f1d848f25a3,0
72d34016ae8dfa52f0034c1f9829c8a677463b72,0
42f177c7ffcf954241054235f8b5fb5ab2ba4788,0
14aa013a031693be330b255d5994a2f27ac4d27a,0
403abb7ccba7717b54e02aa5afd805339385cb36,0
61d57b8a3bf55389cff0b755988e174702d3f69e,0
38724f6c13d85a88460127c0886596184f7f8eeb,0
8cf06cce54eb2a4f393219e2a2201bbcc5f76f49,0
b513a4fcfc8cf8e4e1b94562ba6c38c5a77cc962,0
db0f909a527c800681a38eda90a1f53440052a63,0
4a499f851f02261b51b2ad17b9b4de80e5d297c5,0
06ac100d18570f0324fa5ff3a9ea34b13cb44b2b,0
b5fd8cb2543e680a76f8180e3c9bba39f3346655,0
acfff26e9d8fbe474e328b13a9c53d9e8e1d6929,0
a6aafdbaf216f272a7fb2b22b32b817dab834a77,0
2a31ccc02d08cc24629c5282eda3b2184ac9a17d,0
d3da509c4e1dfdc2751f74ca8732615b612e1671,0
e996b5532546057daddf3c051ee82fed7de92577,0
9d0fe2e43ea321e9f4ff49dd080319c087b8ef03,0
0a3b3d106dadb2bdd1df698d889745bcadd20963,0
d46cf3febc1fd86e9bcc3d54f9d5645e62cd764c,0
527d86570bfb8f73270f2461f24d704116d48c39,0
6ac5ff0e8b38dc037fb24ac82bff68089188b245,0
c8fdd9c29986894d7180dc6fcbfd15262fa59018,0
5cdd024ebe23aac82dc23c29555bd11105d7a045,0
669121adc546979379e689d3857765f9b2cef90b,0
0874c721a4036149d053cb17ab564c32ee7b2f50,0
656afabf2ef1365272cd53183e06eb68839313ab,0
903c72e95517f039d362924dfc75769dd88992a4,0
3939bf5f1795a52dbbc2bd7f65b6d0ac9c919650,0
31f3c7cef98c9a757e08b56ca5783fa2fda315b3,0
b037d0abb325305af87d9f5792f8ff61296982cd,0
7906acdb50200062cb2b77430b98aa1f0a476e4a,0
69c7dc8e40dac7b1b58abed344d93dc2c01aaea0,0
1aeb5564a40a611070365f2f7a53e45fe12e10ca,0
447e7f2378091a2954b3a92cfc7a4e9f2d675f1b,0
52fd22fb170a78e8c8604979ec0c8021245c275a,0
4ff62c832d5d90ccb61d08ace7dabce690d26ad3,0
b1ede5ea4f3058d1f118783b81fd132d1ec71c2a,0
5aef3c9542ba9987452eda0b62ef47875b38ba3b,0
333bf9056fab2d5ea164dfa72337ac5731d60d25,0
d5374d087589c663aeff2b3d4262be96ebb6df5f,0
5583719dd5db26ca643372ddcf61ec19782dd49e,0
2858ec0a9f8d25d4219343a5e0123e95275ab7c0,0
4cacdbeea96d363ff0f7b12baa7fea313b2b7b1e,0
6b72455601809fb3a4cd93c93e1584dbd3d6444b,0
c845192d80a26b2c6feeeb25bfd9bd4a8e7c64c3,0
0e8354d622b2d21068a1b82040a5351bc63c5e3d,0
baddc7678e0f1691070a5f4a68bc28c1e22f6108,0
5ce9a7af25379c9deecdf6a3c2a52bbaef8598bd,0
0d55f87df00fee21b25db5f84312515af1d247c5,0
fd7a370b7b1d7331ba50e781f5b9e22c53550bfb,0
82e1781cfae8d1d54e08f9f301dcbf9745fb7649,0
05c3d4b62adab9cedb01c1c26d2bf4ce70757c94,0
2f51402b5fe5d6fcac4319befbd8d1bafbae12ab,0
0f9748d775f3c682f1a010b08bc50eb9431144f0,0
e505d321effa6f49c6c425091be5a31dd8b02a94,0
32801be8ae7432bf09dafece83084448fa65adbd,0
8c843f791b1608e4c1be4eedecb8e5fc1707df02,0
47d095752e8b5a420c2a39572f2195bde2e0127e,0
9b650fd30741822844daccc892d25884774c9d58,0
4a4fb7b11863b9fd6adf100be29833fb88d95884,0
920edc4b2908359d9450856d56b94cfca4d12354,0
0a47eea09142f320343d318f2cd546c596f02e93,0
38f849c7dd6e58a7d7e12ecde90e19fdb0886a09,0
7fb9e3acdeb56ac9bb82372780d144d3e51b49e1,0
d7eee0ae5cdc4302151782720eddda4489bd35d7,0
8b5fb01f75660cde9b09b6cf08e796f8cfabd641,0
26f161d9127b78f6356b4cdfe478e80f47fc5c8d,0
af047b93d9860c68b0ef3390dac42ff3691e9352,0
57807e856a84c17ac886032ebac22f2499210039,0
4f6efff1c75294b9375f60eee521d71e2420cc88,0
70beb68b1b9d05ad698869f1e9985aa3e6f90055,0
d62a2069a4257772c6e12b31daeb6b924e2c7146,0
b40c8adbbcf5ab4d955e0241b6b48e85e1865dd8,0
d5b12016ade48da6e257f19a65c28747e3e086a3,0
d3faa0317d8fd12c17795f02aeb9a6b134cc89b6,0
f7eb6f255f0d1f7f5c8b8d420d8312fae5b98ca1,0
183e3ba47b1c8a6e7e0ad3b3411def5457617c6e,0
680f8dc682d30dea45f1eeaa4a644b3a91aab061,0
a1014f9e123ee71a7a08195ad38ac7c177379b4e,0
c5def4906a54785281b1302b99e8db24939db3f1,0
63f68ab997cc95264d357072e8f30af4ab97a380,0
5a7f5f3268085844b1b673194992656e2756df08,0
85ccc4d5f3714fc2d631609e9dd691025702a315,0
d10087de1f94bb9641eca749b3e4ef739e25ebbd,0
528e634351c9456a7ad3f6dd79d19d5da170fca8,0
c099492f148b88ceb7c378c421adccf3260c34ae,0
10ca835909d8cb05bbf54516c0c643d34797c6cc,0
08619d482611888a45310f56428f46eb1c9c791c,0
5593671a39c16f5be8c97263a43b1233368d1704,0
0a21d50589dac38674aa215070ae3641f7464499,0
444400ff04d5ec5eead0fff4460689efe0bf92a6,0
38cda6a4b9c10b67f5eac15dd333ae022ae1e3eb,0
0ce06965920da2d1e67cf9a3c7cdcbf1550ae923,0
1d45be255aa9547a48e04b33eb0c6dfc242680a0,0
ec4171fb4e63421303675f834e0f37254e8d294f,0
65a8ed4874af367fe3779bd0d2aad3a052ec53e5,0
7752277977f593c38206c75c4bc2d55c1dcf7762,0
8852e21b76eeeeb5831bd1bfed7c7190a734897d,0
201bc26329bc782389d2d5de9b4c4eb5077749ef,0
8a2d72c2a272c303a215e67de35e6db8fc671312,0
200d01add7f211d3c761579a626c6cd871960783,0
b84346e2b1d3bb7787fec26830a2967720db3fe6,0
6bfa5ea2755c5034a9beff67d0ab2705fd1aa94a,0
bb2adb07fd17fe8f5759cbd47f3171560fb0deb9,0
00642eff3b40bbaa41d8b4eec35487881619ffdd,0
c4b91a086e200f73a00816cf867544aa99a918ec,0
695f6d969c59dbf8bf879cf433214ed87bf4e640,0
653979afdad7f8af7c2330f0462af8976d496786,0
e6658ff26895d2c590aa1c8589d853e788bad415,0
989193360a9170aa7737670e613f8c6b6c7157b2,0
8c40d24a71efeefb8fe7453cd666515b5f2c74eb,0
6922def788cc570fcb70b5b175f37eff34fb0ef4,0
6823d8708ebd7d425b3d96af760e38b94fc6036e,0
1a687b1663e507c0c6500e49f225f7a8c8a63531,0
427d4df71b51eaa597ec3fe94c4e7c17a43170bf,0
35b4a7d4136136dba90a9ccb1ad8110673ec0e70,0
6e6e5a9554932f073798d68bbe7d70d72c8bb33f,0
0d330dd7926d95b16880f0e4a97123283c71fbd2,0
2ae847cdbe7d8de687dd072051274985416a5d9d,0
ed40bc9a8ec084c5702bdca0188ee860ccef5d78,0
3f6bf004f13a94758be8eb5437407bb2929d843e,0
506a969744e706dd210a9d927c8927966e533164,0
72ea4c887163889924d2cdf9aeb3e155b15f1949,0
16b5d310ec16ed1fe7cd35b5c4deda453b066b87,0
7c6177dd92a28403628f538473e60c00f61f1ca6,0
584b52821bbc40f96b3dd5453cf7bd6d646e0c45,0
f547f5b6000e6c43361507017a66ea1faffd6a39,0
7f98ff07383b8c5a1d2348930caf0d46ef640393,0
68a2c822dce998807834e6770fd2ac1b36f1a203,0
7a992d0bb06fb7c7d7c4958767f8b37a5473193c,0
50e915dece01692f793217b306fda41f12ce5398,0
86fbe04982f4986f4c19f274f16c37dddaeef817,0
fa6ba459351de58109b10646c4d18b067b9c5b19,0
5acf2757692b9c343452ec9b596f826536adb297,0
e0d1257c0c8722cbb9299e20d226457fd5e210ea,0
ce657935984064819c36e051c3d232df086e1ca6,0
125224537b46351bf6b487edb4e12d3b314d7707,0
45a5146c85e93b5d674e6cb82089c35339039c46,0
15279f5229440e99dd73dce3535b7dd235450170,0
71a0e80349ea4c0cfca0eec960bd2e0a7b4b25c6,0
c4e321d080e2670c4afa390ece01d5143faeaad6,0
4a260b5b9fdd2b282d5fac95de17310e62f53bef,0
48b63bc8d75c19e319f17fa477726d9ce8647175,0
c032c44279386c683195120c7c2dfe5149078ce9,0
5e76d05aa817ee061d11e8aa16f2e01dac1a1336,0
f599e591e79e8c230e9d7fd0643a7fe7d7438825,0
7002a8eeaf33bd06dc45eba8f2243cb22ac53649,0
14c189d4e72cbc0fefaecbf6c39ca142b13928f6,0
ab82da05a633e903ad1c381143d5b924e9fd0595,0
3d0bc0fdef42ab0fd7d4a503f4a73e358d54f567,0
f80aada08091e2e4e49bede1818d0aaa627b5706,0
e4fc4a5f3de9b45026689d32c4d6eefed2596d2d,0
521703b5fd0fadc459f123c9991b059e891b6318,0
dccbd70e30aba46b46bcdd850e7c25ae6d2bea16,0
372893b2f40ea1a0c5bef751fe6fbe2fd9a18daa,0
1c4a2590a2edec089d3dde3bcac91bfd4f324a5b,0
cb748661e07275a7eeaf7b906050bc71a4abf1eb,0
f42d93228843ddb1322e73a856bf80d8e6137162,0
95c016998c20ec15017bdd9c1acdd2887c5f6bd8,0
a882bb6a34b96f5d76065641151b70f2df65c8ed,0
c83f553c90ab9a0895041dd903d9e8b01bb0e8fa,0
1271e3336b8e0d488261e087fc050e583c2e6148,0
d029e1a54036a14e6c61a500c71399aae8303c52,0
e6823d133616c7eae2b455004c97f900f79e9da5,0
da740e349b74f8e5bdea0ba6bbcff0c3cc717488,0
75ee4a16245e37a8cb2f4290eb95a14dfc0e516b,0
93b4a24b97afc64e23f3177d1deffbc309b364cb,0
d44dd57d7296bba7c88e49351e0e956c6fea8ccd,0
d0e4fc9af9b516fe99ca3ad40533ba2f79da73e4,0
f661d6f45e1061fbf99b007cbb74d9183fee8246,0
70fc25f4e7a62009e83a6039bc04f8c96ad3ee23,0
69439825bb173eb6c7a75c7b2f4b9d1a3594717d,0
d0fee89ddc069719d147a79f251af524b80bb2be,0
b759a5b62d880ed174fc515f12f1f338766724ee,0
ac587472d1b6f2ef1bf8de9d6cd041e948d56c93,0
3d7d15c5b9a1ee94a52b8a7e73923176f9d2b94f,0
96d69df55412ddcede14cb87a76c2383f5242ff5,0
e5b8340c7e547aa288f1abdb623481f5d7bfa0fc,0
8b51b2ee634983918fd357b81a737de1d993fa69,0
dac5d039e8808398d9538537f2b21b1ddb997ed6,0
6d635961364dc1fdce2a26262c3cb738c5b2d4c9,0
318bee02c5a5374769ec6ab1d32410525ad7b23d,0
92a73f40e19ba9d6ac7591ea06cf0be68300876b,0
993ad455721e207a6a3c474c80bdada781b060cd,0
fdde1bf3bba0af495c04899a1f88e13acbbc020a,0
9c645ee283250a234c72d2acdb364eeda562aef2,0
201f1dec849fee0f63667bf6d47172ba4f2cbbf6,0
954f23f80e541e87dc5f641ff9ca970b9d029ffd,0
5f823841a80ec038b94ddeda5d5bf8d945853912,0
345af74af720ad4146a3962f84b2accf8ed35709,0
14f7f9e974b36a32de1d29ab262b064690e974dc,0
197e23afc11ea9b96677ed3ffc806dde3a0965ac,0
bf9649780fad9f4058f641f2a8fe873518196ea1,0
ff14a95a3b03689881e2d1b29e9aeafbd55e59d6,0
395b32ab9b7489ea77d8547f89deeaf62489bae2,0
1194c7950613c265570e267eb1407985728b0146,0
d7bf6895557afd7c3b49fffce697224676fdeeef,0
ade37e0b2f53987b46b88ecfcdc66a31c0450aeb,0
9abd01816f80bf0668d6ec00bdc5c4f3e7b13e10,0
0bd6505b4a2a96f484a4a12468686527bad25b00,0
ac79d29a6e76589f5b091cfc4973252e0d548ab2,0
058b4893873953aee5ba314705dd89f22a19975d,0
21c94976a935041958ed48e9128142e7e4d20e97,0
20fa66b5e67eb4c2599d01f586cc9ca55ae3469b,0
26581e4ca21431cc5b43178902c9ab246295bb68,0
01b7236d6b9bf3675f78437bcef6dd8e4087b9c3,0
a0cf87b863bcf94f1bb7cc4215737da1d2959afb,0
8863793100741a5a2ee35ecd2b8f3e8986489d2e,0
fb364a43b8851a8d11fee65d78309eaceee79492,0
6db1a3908c0ecc71a37d6e135be3a5566007b314,0
bd162fcf356a6e337d7388c0b2aaa1d01c2bde66,0
d6ee6b8c2b795b2fd907d8424a73f889c0a7e9b9,0
dd3e8ceca485950ef5964c61de6e298a852b6bcc,0
42ec3bc2ff09e0d4ad35516493e1ab0735e3ecc0,0
5fe044dafd9c0ac9647b32ac98135ab25761379d,0
63dcfa97d30d6e5680861c924ed462796c9967a2,0
6fddd7acb873d5a3c0292fbfa067a3568fd63788,0
26fd19f1a839f9b0b0f316bc2af757d04d1f9e3d,0
6f817421a4898d01f2d2b278afc056660c6322db,0
da3637cd437d05261df2acaa47c341947ffd514e,0
647a1d76d2dfe491ccaa43f258e61434f61e0d3b,0
fc4b5634db8fa038ac2b0c16aea1a5f2632d15b7,0
fd6a4da799730d3f3bba04b9b1837335daeff7c2,0
67bac23da83139797a873b43e7ab900acc45c284,0
cf7d2aec989bd2be5e552dd9def10820142b6aa0,0
a078aba131bd83d0a6380bdb559da463a936f167,0
47d07a018f1860561f9bfeae3c53521e2d2628ff,0
a9bf98e16590b1c5903a9fe5943b9a0897f45b67,0
33dcc540e96abb14dde05cb2222b75fed1031d52,0
99aa54f0ff451de0b4a0288b4ca712199df5534c,0
6ace00e7bc16b31e28023ade3a7b7723fe1b85b2,0
f64eae4ecacf3c666b6b445a3d06a4459fa1878a,0
fcb3d385a2d2c55cc606ee18bc6d913ed4d97244,0
daea3c38d4128db9c5cb7066bb03aace0c1632bf,0
04b4e66fd8270d812ba30b73e23ae233a4a35233,0
99ed79c2e7dc100368bee06a92a9e1cf136726d5,0
b5f0be543ad4de65b2a7776d6248869f3c0eacaf,0
73229208ba2eb21fe3f4bd4ecabcceb5dfc9a14b,0
eff5be7c8256e5582b2a2c350a2c14d260d58853,0
ce4c19c4f3ade023609742e9378d7f208c853f20,0
2b8fc2fc717960e426b7046460124791b663f764,0
745543622aa163239a5675faff794278a0cb7709,0
171f020cbf2f6506e05d363183d3b76f3a327d39,0
330b55c2e72e2132f8451d567821e6c3687af0ba,0
f2fe9e87e9f1e21d9685383d83d83391ff731784,0
7b452c96820b38b72132aaf6ab634af4651f404a,0
660a4cbab088d96b42e703caab7469d5585fdae6,0
96b0346940d1ffde06dd71117b66faf53c8752bb,0
44630a02884e73f28c28e7c6bae0ce79896323aa,0
717b1f1e91a5bc442cbc56f9a7c2096b1b368723,0
8740b048572a492f251a819c857ae0a6cd23f354,0
c46610aab3e4f5e9426495f60152ec5697b23260,0
fe8445ea6b980fdd0eaf9936743f0b5c317f9374,0
91ee9789f421f06db516c76313d6ecc58a7dbf76,0
1e1db80cd313b2daabf0a2b890d72c82081a7852,0
9f873d5f4e40c86777b44b0d8d06d165d6a8976c,0
2230872438d61c10c7d3d6f23756073c9215ee10,0
8ce30fca48a0258cfd45709f7e10c9803e57b0be,0
a2088535a641b921d8d22623e34eb99c8af1d3ba,0
eec30883ca0cd8a03fac91c943f01524ab836cbb,0
3ce783d95a67814d3358b4c14922b914108528d6,0
0cf8099bd0425b708b1e5a3a7411f23cef8d2a35,0
cc640d537fcb517b04636ab46a8861f43a4cb280,0
68d9ccb2ba5e78e0957406e780f119ab507a80da,0
e1c95fb6a41076a224e4398091feff27e5614d2b,0
d3111ecabe6e7e83cbf0a3c9b4a01003d8a64c7c,0
b1791012cb4950386ff30a9de936035c26b182b0,0
25a1a567c9bbdb6cb0f13cda7cf5ace6a95c1cd9,0
f8fc92daa2dd639acf6d72c1e592153b20a61640,0
4452de575b5a4676d396fc2c14b17991230f344f,0
c021f00b42f842cce406748029993a4cf3f2595e,0
964b7a495940aa6d2d4eefb0a0c9686565d4d93d,0
ae908e546fe13c38c21c727aa8cce058cc742092,0
17706c18f8bb4a9c5de60ff08b23b20d12f730f9,0
d700144e030c3827ee199011bc9b29e52ac72cdd,0
6a195964dfd8186428629513f47f7a60cd2235ff,0
c786ce87326ec634a4d0c65d95cc6bc4f4df48cc,0
f6aada67273ac864d44360cfe7d730768eb701c8,0
b12301eb9a394c708eb15f1909ae948c2903e60a,0
eb8888c0040825add8e996ed91a03e3aaad9b243,0
8e315bb6ca68eb41d6d4bdeb32ec636eaee7ef2c,0
072821dfa6d16e7fbdf54ff1eacb75542a96852e,0
b0fa8f49eb7b24d1e99322bb0218a0e817b3f8cb,0
3f7d89f08a11904a3cc17e2176f79d421e258b2e,0
e4bb5ff541586a51db9d6beaf96fdfd9801fc5ed,0
22577bcf8b9a7a4d355d462cd343c9993ce4da49,0
a2215cb36890aeec05e3079869ae235143ec0c90,0
fbeb00b8b6ee5424ede1e1bee15d86089c487d8a,0
f3290c428689ed40a18e81bbbc253ec25406121b,0
a975f412c6b84d517fdf56a0087c0a57c788889a,0
a62eb685829a68719ee0f5c1a8c1dc71269a6ac1,0
a68760404c60c7feb14bc83daa110f030b8fe8b0,0
70f13303b972e1419ef729b20e3fd70efab81f8f,0
f8d7033937efc02ee6ec26d671c3b8e9f1ffb6fe,0
1952541921227184ccbf8ae8f98a11195c269165,0
cdf5ff1e5a542f0f0b3c5b1c2f95812008f98a10,0
4adc50a07db6dc196ac8986f97266b8a9d0be8e5,0
f459a5a459d77c423b5e48ba4ac2c553c1e0a323,0
1d15c2a7ec26ef0e7a6fcfb2fa0051100014d1c9,0
4e1ea32d29f2db205072b1834757eb8531799ac1,0
ec7bb8bbb6a11dbba641d544c2aecfcbc1af60e7,0
67996f8248047362fda2616c901f43f15b03e37f,0
2779a55a5d21c3519a9e2d3d031edb9cb5066ee7,0
f911704999d306056bca17a7ba217ef601b4005d,0
18beeedbb688e653622ddeae518b134b9430ac41,0
8c43cbbd40e0473b45827ed75609fe4c4ed2a4a3,0
551c54ab2fee0fc410d42862c24a539de1a75418,0
98b08dbb6b93fddb305e4b6c392dca0d7ca232c6,0
1bb38c0fbf16753edd9c7ec6f45dd450e6cb4c89,0
4cdd905f5287995a7f342694aeeb7c45dccddc4f,0
b3b2d7f1623e8d95522a814af45f3e71e369df4a,0
c7d5d255e462ae5b2afc3bfe872202839768bd98,0
90e7fc625a65deace94eee72f681e1b9109f51ce,0
75c9915d5ce489ac9b2349b41dcee664f6800732,0
041c3522a57b5527b1e852e9089c3df404e027b6,0
2b14015b74fb8ecf75a5ab7c5f0247ebc556ab1a,0
e1d1299351c95ef4616b3db71bc8e6afbd7ecda3,0
6a0065c8b95bc07c392e9cce3a554ef5ac66a940,0
b10c5684650ec92a581f11596455d80c2d16a590,0
11fea47ba6f3a1d167df12af1730c63d726752c2,0
c20b9d0423f48ef55d87d38dea419c8368be8cd1,0
479f396b92b8b490825fecb26a4e2a6768c0605f,0
4643b98e6105963637be723caef30569317ff560,0
e0cc16723a271f038beb6a9ea3107a15cb6b3747,0
f9ed5d9f6576fb5aff6ff6121e9f7780f27490f5,0
f957b9e304a33976adddc3de5d4683f2f7d59ae8,0
c3fe50e76a625cc866a7b4098af5facf7b64da17,0
7db96daaea74fc75a95d5e4b966249cd66b1f734,0
3a649d351646e1481566fe9f90391d63c19da13b,0
9effcadab40f5b98952ceea87c806bd09b785cca,0
d67c00ccd7d000f62137bef656b337f3fddaa1d0,0
6cd7725e330945e094ad291cb87f1e75bf654354,0
e7b5ba1bfc98d05aac44fbaee5b078eef8e8aada,0
2ab83d2842d6056e4d90dd232c559f2a32870a9a,0
1c1ad740ebc7a60d8bb2d23acc026cdad4b179cd,0
fcb02dafff8c88ecb7f9d1ba1e5875af2c38b231,0
7c3c2fbca039a3e206b86e8f829053974e7e4864,0
202b78a86abf0c53aca3366e4da35694ad4bf262,0
3ad25c0ccfa69185feb4456a1b321b968f746128,0
106d5e64d49ce4f58868fba1d97a603a728e11c2,0
8a79269191c3b94255e3105bca840dbcf861b868,0
e2087d9901b8584b60ab50c60bea6aa799d957f7,0
a507b5a964408375028a678815c418206d66cd27,0
08438f4812c35a501933bb4132fe478417b0adb3,0
0d3a54534021ff8cf6e498f8de031a5aa63147d5,0
25605cb01ed1fc6f6548dcb3e3f9dcbc8e1a5c3e,0
8c5a429eb1dd0cce6154b5342858ff156c436ec0,0
5d429075df695da036080a878325bc617d01e226,0
3a5cf7d59c2df575fdab5a8d0f3a0e158b9ef10f,0
bc736c3f8fbccf9769d0df0c9128ef6598826f24,0
b663b6d2e53be40f4f0615f3bca02503d59804ca,0
608f699317cdf6f2a8cc0dbec5a710e95773fb75,0
0467e236df1b0d9d56e066bd2e54abbc072994ab,0
72782907e0a81b5e6b4531ed8883774fedb5e593,0
1602d4497b8435f6c941ef6af9767b6d0549ff5d,0
895334ad349bbc0aedfc91897813868a5c17f50d,0
72e0636e05d2b65cc9b52edf0959463f289fbf19,0
d6de58db0df7d936447a71c09b3a954bde673879,0
b059b12fd01d1960193cd733308e8c7937fe1dd7,0
b0f657a4a8a75ca89d7e88a0c775e3a76220bb33,0
d1db577d12a942d610ce80011f5f179d7b50b7d7,0
a4e6b87f81f96989cef05fc2e678bc212350ce60,0
183926f6daf611936b7fbbd29fe3cd38b818c268,0
92d8b2b8a22d7de08dc8a9828a23473e037187e7,0
727e767d8a86f96006b1b10a74af48861d4ccd58,0
5d88f1b9b5ffa590b3a8a563884b25919bdf39b2,0
8f8df2397e19497f764c2aa7663ae9325c160c5c,0
accf1122ea0fd26fdbb4d7871822be8d38fd2456,0
1fa510b5d000e9ec29a030a5f77fd007f7f8aa76,0
f2ec1af8cfe1579fdf216f22ba17f77408c98be2,0
4052db7d889bc825dfdbbd33a3a3fd03c2e435a6,0
3970e366b434d0d262aa79a9e18ddda7e6af1250,0
9234d1fb4f9d39feaa9df97403e1c04dc47eae59,0
2970a97a4c5ed75c8b2bde6a2427c2c1d55a2e1c,0
dc0df270920b0663317b4fea1b69ebc5cac6e77b,0
8ac133b4971c0576a44b4056259d679e6c0e1ab8,0
0ad2252064e62c8c940a89b93181fd77183065e0,0
1f440e19001451a4a5465e496c1ba8d21c17540b,0
5d8827ccb66d2fb4c1d9bf30fb89e31bbabe86cd,0
b0ace6241ef534bbcb2741ebefb6937f67b8e5eb,0
74a64f82ed5c80a035351203988eb01d09bd7b62,0
f606e6dbbfd47883eb1898886be6e24691cc170a,0
033d7b7c3028205f7b7b374ae1f6d114b34683ff,0
8ac9eaf2e4dbd712022463a4076ace1c65152073,0
2141e55b680b288b74c2d354e3f62abb62cdf40d,0
cab285c0e499e02a794c7e3cab39a5627a832d30,0
5ba7af7e2f5ba7ed587eb09fde74c43db85cf448,0
1718d71daea42f1ab067550dfb13de504d58a338,0
0069e7a2938e7f331b8e6aebc48986e14d268f8d,0
5fd637add6a9e310c27e97da0a709f767cf9dd3b,0
49201740cf01f9485ee08841181a05232a0a1f32,0
6f2f260d3f8e3a54b34b288205c03797f759cc61,0
6722be61800c6d8e62e780f114fbe9ba8024ae76,0
17c2e2d2241a95b1716523f5457a4e6ecff90f8c,0
88940e028eff5b31dcdff26e0b6455347acab666,0
168c61b54166075cb0707fc58aa14638f551993d,0
399086c9e7159f9008a8e41e26b6a47845e7514d,0
8a7df4e48c88f1e640c68aebf6d043ac9bfe28d9,0
4bf921dcd6166486d17932c8923bdc5dedff050f,0
595c022991596d94205b4560d14490f4f41483e4,0
a5026a216cd5da5e6caa0ce0180232492056d4db,0
f2468f28d5b452182343d568ff39e5e5bd9d8cc0,0
ff498be4f0a7e9fed8b58b9d8e935ec506639800,0
f9517f1b6eb5b97522a667d65ea7150fedc02304,0
aa9e6318e78df5a95d61cae0807da620d97cc538,0
865e9aecb3fb4bdbc9218d554eeb5bc2c4624182,0
a4c14139ef7f218cfeeb641711d77d8a112e41a3,0
d654ea5eb37e679e8e530637e8fa4051dda42fd0,0
f2302e82603948f74cd5e3084610adb2fe61600c,0
25752670fead7ec9eb1c1fd8aca1ddb6ee34933d,0
df5e13d94f27eb7f50b8365ea6497a470701c537,0
51ec67839a3b579c6989081acda73462a9da44ac,0
5db7d58ed5f4648af61559e830cce4e6c87d1511,0
173154269e043c8514afb80e9c685cf937b335f7,0
62a36e8ecbd0130b7e02b3cf534f510f15d2c12e,0
d2888410ab0e9921472134c92e06a934c03b0e52,0
e145ee4012a90e4502f0bcbe3864e2958d64b6cc,0
4808f2f1c47968053a73c2e6a3a7d4e8b3484b0f,0
b8dbedb65e1cc89a7344a9684b77300e3aa90896,0
ce98a9991dbdd7b732fa2cd9010d19f58262e4b0,0
f5af2fabe2c880419ce961c643da865aa6331b14,0
5ddf0856631020cc7b263bf4d1e6dee3f1ee02f3,0
bbc1692791329375fa36bf022baa0de48726b5dc,0
5d9a978023c1d9df417b5770c9fe1ce2931b301b,0
ff9a684c480d0fb1e4962ee85774a8fb54c7e666,0
a3529aa7ed0e60572f20ce23bc08fb304f8095af,0
cfab0295c8b8fde9d7e06257ec1e3e95d7f00382,0
f2c86e0dd43b7fd490e439206384587bf6a68f67,0
2414a9bb1af5dec46a94be13e4f7b4958567d237,0
50c91d3a6e81c58f20f53aff83fee1f7208159c5,0
0bce700ddbc0ab1974813d4c50b8720c547ac8ca,0
8c5d083795337677f48f9c797c740b3a83d116f8,0
a31e30aa5b7f6e1f3a75c925959042288716f198,0
d38493e5cab77c799f606acd50864005c7f53f43,0
eba908c880f2d73dec6f3b4722ff44c3266c8957,0
38483b2a11dbf06393677e43361b6e4ac959e0c0,0
1c1dcd4336369cbc6561a0d1e6958bd71b316a0d,0
15faee20c9237afc3f5bf40ce83e4542feca4e96,0
d21c110c483a36dd9a138a1322da024f3f56bc6a,0
23eff0c8d6eeb7bbbbc3c56d77691cc80440d61b,0
91fcae83cfb3b2d7f1f930e563cfbe91e644f928,0
0b3331848a9cff2155b0270d06451966ee7e5554,0
2dac490212b2031c23e21586a00949e4497df694,0
7f08b591fc0258291c8e7e807002ea113b334e19,0
0259f8a5c1265dff64ca618591f769a13d96ae3b,0
b3e9c5aef699e8d25777ed31bb777b8be291d462,0
a33d3bde740701ab9a0a00f8eeb84e1b127f64fa,0
fc40a174b9274746a1966fcd68f96295043f65e2,0
9d0a5807792d41a7b15200959efedb0d9ef45435,0
c02b81869c0e9fd249f2d7a06ffb3a7fb3f1a21c,0
574fc6c09cda33be7cb4fd8e38214c32ef4b28e6,0
b028def6c379c5cb72262499062f297c6c04be7b,0
b67d1b399d77068308b28d4f30f471c9da06fdd6,0
9bf49320d13fcdb2e8c0a876f92f58f874969fe4,0
9eedab0028246341ada3a53e0aec0c66b998040c,0
5e28e5bd1da3f7a12b87307fd306b83159a896ab,0
6da2bd045af80e715e2759eb746ee071d2c7fd70,0
7bd58606c1b510b39d72b46b3bebea7c5e47a344,0
bd28926336c48ed9a636a2415213da4898902c0d,0
7a0a1a61531538d4b2ca33dedd79004c416c0501,0
253cf7aba5876fa91c82bd757bb208ca8d4dbf8d,0
d85e67084ca90eb0016b86742c07c4c994dbea96,0
c8ee4c7bf74bc945c18744c17c9387d15f4080d5,0
131d06d4dce5b885f89e25f19ef106ce0a21230b,0
23b7c2e330d013ed50656080d332d97cea9deb20,0
9851e6519343c3e59fd2e9bfc8c8050860f8e8fe,0
60bed44a98fcd08286017a1876970d62f0cb081f,0
0ed4fa0d76e584d2e60d8e53571341d242fb4ad7,0
90e166ead2266bbcf0fd188589bd11d5d1e85fb9,0
76310a44795563084f5907918fe01e5c9f3f32e5,0
c6a04d15e014130f30beab5526b82f2c99958fbd,0
ddc5c6cd84992444acf6dc8c85fb57505cf86baa,0
40168f97924516a8f90594e1dd65f8a77846dc4e,0
f9dbbf0952ec032d73a3ac02d693f9c7c3d53e68,0
1962a76f78e7e30adc5653a56a66f345b81c12ba,0
7c7306c7ab2f8108db8b6832f1384bc1a222e337,0
3f13ad05bd1b40f03399e9e3adb8890ce0e229aa,0
da5fec4e7cafa91cf341443cdc097640fa0d2dd1,0
1820140e2ec3d1833484ede5c7bb8a1770908e2b,0
301711b86b9d13047de1097be5951c280252ecca,0
d560aa47bf718d31be60b210226dc5e5f9e3695f,0
3989781a4ee70224d0f4c73b2f473b7acf3a4ffa,0
edb54b11895e90de38fe314ab2c675dd28589232,0
4b5cb1e37496aef13ed8c80db4a1698341b69f77,0
82b7521991a5ecd7fcbf5d754f5e3d019e5462ff,0
e230e89929c55b9a8cdbcb36cca933dfb8047298,0
bf13ef02190fa1d836b843045c43d0a76c28397a,0
658daddd97d903d1b33a59326e50d9bf529facfa,0
29bb0aed621ecac48eb3701a6e8acd88a696dba9,0
373b5b0213a4de2764f9d5effba0af156a5c957f,0
1262a6ab972bff93d8e2ff7fc961a66a27976754,0
daafa0780fb2cc10d1ff3a6bf5ec8f5b0f47d9b4,0
c13b8bb284ac522c0f1b0a460a59f7d8bcb92a9b,0
e4bf8fbe00c781c9191c2be8dfdb6aebd7644898,0
35b1588429178eabba2cd6879d59edebecbffc41,0
defc7bf75454f5a06281ef69d9a9519bd84fdb67,0
e08a47e1706c5ba0f0fee815de49e05609687dcf,0
ba40b493d222e22851653c4b63d85fca1b96d755,0
875df93fe6326748013054c27f8d0741cf9317c6,0
1da532c55ab05ec061eb57616bc45c556dfb32af,0
f51aa5f1706dac01b37ce7cea1f7ba48d53e74f0,0
e84d8402e2235a952cd4943b48d37c3fbf8cf817,0
d444ba56f28f5ba11c5b042489f01814ebcd4fb6,0
fd95ab47f48b89e9bcdeda147e3d9f9d86a814de,0
bba77e6378c0520f8011168597c22fa797808524,0
10a40773379ef16a1dd7dc193fee4c437615ad2f,0
dc613f0d09ce78b14936250b976d5162a7235ca8,0
a368ade68cd92c46fadd561c0399fdcd891fbd0b,0
e8963b258d7093ab89a6e5b1846051e2958eeb02,0
bd3d9a1a2d5008bd2e2e2c5ae54d8254f89f0ca3,0
aad7d6f5176acc3ede8d0938d4a1e2d5eb40f86b,0
09ba242c4d0850471f0913f4503b19ad42c9f041,0
eb124a351694ebf218ff07a03c0de43a0ec75e80,0
2f8378d28f6040955ff57470654c0c6b39663c48,0
a060c6ba34dd26e9f75e911ed703cfc81669cd3c,0
0dbd93fe3e1f382016078d2cbd167a577414ebbe,0
bf51d5ff615c7a04616259aae134a646a6063bd4,0
6f09578e8d1b0a9ebbc8f6a6e9405e2bb032e5cf,0
e79397ba7ff962e9cc908203be5c494696a2e36c,0
dcfdeb52dd38507c6058ec30c0152dfcae1f4457,0
42eca6d028637d1f0ee8241a0baf09b8ae4c68f1,0
abfe49052915bacc4045a5e3ccf6bb0243df104a,0
9aec17274e37fa17952f6c8a64945ae3916dcb53,0
3c6727086ad65c4f4564e3275428910adc8dcc1f,0
49eae5696613acce5461e3c15ce604ba14e9676c,0
67e76e8abd322cfa9545d09bcd791e89093225f7,0
56410cd495956d442d3ea6aeb3fd723afcaaee28,0
3a381261290cb6dd5e28874a5d537e43c1f5c9a6,0
0186b4c224bbaf3ebee0c64f296bd9c883594084,0
9ae0099cb76c604d89dee8027b7b43cabc8ed0bc,0
ab3d16c2f40cc9f06e703f2a77408a0cbb041b95,0
32be3ca977716c3e7fec1934782119987f655ec2,0
10264f5d375c5d64860ac1fe101f43f340495c68,0
64765099360790ab2f41b4414996407a398c121e,0
e91455a3566a9d7228291663e8b621e733bfdee1,0
aaae66f04aedbe2972560c1ca0f844d9a8c0e125,0
7cd6ee27f6420e23f5892202ff5612d2fb9ffa17,0
786dd41a58f529ff0c3cfcb9b59d94fa063d640b,0
0c2ba625ee6b3e538f17130221686652570c11fb,0
e5652871c50ba92921b31c2d761e189d9468e975,0
99422d2b71cdae8bb5e413157932e30c392fa436,0
b37393bb3f4611b4b265b365cf72b6da01011524,0
9d11f5030deca3c9ac8c311021349546bfb32c17,0
2fc6e1b044e9ce2209669191f32a1b43561de09d,0
65d1014702bc63000c91cfedac9ed493f516554f,0
2d3229748b20dc4ada17f2a5e71cb4b0ef6c4aac,0
ea34966c5a300366f1a07508f3191021a5f9bcec,0
d6f92e441e09b5a60dc36d71c4369c3b7ba035f2,0
dfbd2de2ea487de7ba047e4303e3a7c4f7fc3727,0
d25088fc18e01c48aa7e825d52852613c2758d7e,0
eaa7861d232440cc6c9d80870cebb52eb853b732,0
5aa47b7c1bb3af9493b22cb670044b21333ffae8,0
e84131b8e5fe3a6ebf98fca15ea9b8fa4f1f2283,0
951e27e9cfd36a85dbb80ab7f991f13577b6bc2f,0
6ed373a0ede78104df7f33725bc01bc54446b221,0
c8a08b157dba914046e6ed2226f2d06f212ef4e4,0
d34ba5a7888095216173dd3d63c93a3c6d6312bc,0
bae33ba56027da9f228f5609f51275f2d22a1483,0
47181008ee7b8e8a32b324e64662c4d34430eb9b,0
d7bf8742cdcf06926175931ef59693b4a40615d4,0
bcbaa47e9099e300ab23d39cca89aa1d6c621fd7,0
69eebd048640c7495d1f8922e660fe8537d4cf53,0
ea54819300b822952223e1a14668e6d0ef6abf96,0
05f0ca2a852cdcd6703b660185f9fc7898c9d325,0
0d766f4620ba1d68a6bae3fdacb832a1069fdcf6,0
d53ab4e3d5060906288b837b4e30162d967f1598,0
ab0de863912d9eaa8fbcb6dee8af1decaaf301c3,0
1450c8be6965dabdccf88e1fffdbc2bddcc228cf,0
7659082dac37c3717fb5c172f152e9d63980f141,0
647d244b8980d92717bb1cf6eec2adf182e9f4dc,0
78ad404e5f51fcf9e8f8267aaa893e8651c7970a,0
eb1707c8915b90de97278ed185ea7de3105fadfe,0
b62247cad4db1307ee207b7db6df0947556bab21,0
29f11953640ad9f819a37f0696b98a10c13d2a0b,0
33f9a0c79fe2d5efaad880e887dd9607c83dc918,0
845b3fb64511827cc532d39ff135d276adc82d7e,0
fcddd56ef7d321679984bd35ad38c859579afe09,0
63ff6446f63c0b121e1e8909278fcafbdf462dbb,0
03e51517b3be2b635e83d57a306e99fa410a0d09,0
ac6ec72de64a85c34eb64deeee0c1f8790cd1624,0
b9cd5b34f78210dae60a435ec0328df12bf21da1,0
13e89d2c0d5ace8ee6bbf7473e800dc74c4ca282,0
b968b6284640253aec65a445863261197813fe83,0
78c2ea06eef79947baccc813a4e9e8092ef493eb,0
82cd73c89769da5a71522590b4c59496bab8f75b,0
807d720caf7deb04adcf6c402f66b6e6a7b7d765,0
5991b733656eb101773199943b638f368aac12fe,0
9a1f126a32b6f1aa53065ef7f3d894fc5af5f94b,0
c58659bf50fc8c4e20bdb5eb0633665eb37961d1,0
7d6876bfba1a678135da1750bfcb0b3b38d33591,0
b022ef5ea869bb37b306eec7b86050b761648487,0
1085a61f25f4b2e8c9779bf06e106abaf22d8c87,0
e53fe8a957c116f3ff01e2a31f6c772a65f9fb20,0
793c110499ab92f4c5c5324f55c595c5e237a968,0
bb3a6be99798da1da4a5866eb02eaed38304a961,0
ea81ec58f9ba2fdd305fa3092da6941bd54c7525,0
43cf4a89aa11241b19b67ad65f097c503afc640b,0
397c5228eb138883a5e48968c0895d2c5bcd8e18,0
bd029e30dd837da8dc798b7b44a6db8456bdca72,0
19a9f644d44c0d30642ac06ba832e4a6a2eb803d,0
71071fff00e8e2b207ece393bb7c9e55b32448c4,0
29e1f0364e9ec6ef4b7fe027c4936bcbba22fd4f,0
641d3d57c00f2e345467e2e9e1ad1b8c18a3b18c,0
0834a016e5ecb2aa38651a1f661aa1208a025e90,0
d152cb97a17f5137a6d7f0c60bd4a99fa34447ec,0
f1f00e6940112f5cbc95e6ce1ebe4ed06fe5e048,0
62f4071f75f96bd6cae2b62c213b5525dd41c05a,0
62124aa51943a28973ee3281fee6d4811b185544,0
4f4b817506d1dec9e617a12dbd0cee296eff466e,0
89463f0ed96732302d6502ff03bbae6192005fc9,0
762522743c8950f0cc8b5f241b2a31ced582ceff,0
13d7602b9ab36697722f4cbea2da959109e17d83,0
a51a7b2a48242121a76dc8bb69ddcd045900c851,0
1a8230ff70c531ef58fa058dade43327facac0f9,0
580b19340d24679f5f3841010c3fbf09cc0ab485,0
ce114b800ff1c21de1b63c320c67d97e724b5537,0
ee0506709fea2afe3aa76d0eae5bb75129dc05da,0
0e81140a5ce28562f370494402e9bd2370e4a8d0,0
8697e3d5643ab967a06e05b597809031e71d2b06,0
80db11361e1d5fc449b8c502f391c73e5393488d,0
2cea604e9e5b74d9941715df59498022bd1cdfc2,0
7df76d0633984c6a572fed32bbe900d2b987a87a,0
ebf9dfa4575181b11dc94d7ff54f56a5707dd5c9,0
9994488ecaae9af052af2e67d4de5c8f412665fe,0
443649d9206eea2ccd637eca92c717a1a5d1b121,0
36146e59d3311ea6c77e3f19fd80ead1b9652432,0
fe410cdadb45e22e07ed2f8093ec04357970c580,0
ed454481393ca7841089a16cf26981467bf1d745,0
1c5239f77aa46e5083520068f6a9ce08276672f2,0
9cd6fbea8389c7c300573de478ea13c78fa58adf,0
d05b3236240f086e20d3d6cd3cdf190bb47b98f4,0
2b04059b2712dbe4892bbde975ae56746731a8aa,0
d1aad185bc3cd8d8b0c58b654f1f7438c2d797e5,0
cabff29157c76d46efbc42b1bf931e8e91c252b5,0
3a353e43694b7da6b5721f4c77255ebfda9e6bc2,0
fa89ba5fbeaa3b06b3a17c3e5cc9c0e1b2d372ae,0
cda00ecbff1a296bfd072f8e616057fc5555e8e4,0
98063e44abadcad61919ab13368310b1fcaf50d7,0
09a2e28d0becd37c3ab268521cf59cdd17b3e2de,0
53d7f3bae70029f1a3b9682b9103c101850d859d,0
5acd8709435709dee6b82c38f756937897692968,0
b862f8a8784cb577dafe47548ff8224dba783a91,0
bc10ccbb151f6bfd0c3a284aaba86406c0a2d364,0
ea3ea1a23672398c4c0ba735b19f1c9942294581,0
28e23af967a5bf509134a60358127c8866e77d0e,0
6b53de43d43ac81296264505385015a1a0c7b6f3,0
e7458d5a68aa7d2b9df5d2639be42bf381b1d394,0
a19d3f11fccd2cfa44bbecdbc2d5dda6c33114cb,0
d417c7e82e70da9e27df596cb5d22b0451deb554,0
7a8569c23059ef8ad07e7a22ef7986f7060d3ba0,0
26eaaf9c52030ab58a30f3b32e0e336cca4095e0,0
df3c7f172ab4f07c36a77078e15536daf69f2b28,0
7b4ed754b6ecc9cbc748c1628491a1f7897f9a6d,0
1159791f5ad37cdcbc9e32556e686c05d7d4241b,0
14cf6b392d1141f969c4f9e3e1e84f568b831e11,0
4a0e6934ace72db1a2c7ac0bbf8274283e59ac41,0
2e4e45b8a8505a8020c3c7395bb7dfd4d0e251da,0
21ac3bf69afce2a1f3e6078753a51c1a702d40f7,0
6422937375a1c7eb846aae65f39a1cfb269fb32a,0
21ff3a1f43b204c301b02d397f7e4d2224b3b8dd,0
e9ca1a1ff29161e08d27d0fb2bdaf4b02c4299f7,0
ec4724565522f43f437a4f447253d8c5f3091214,0
e0f53bccae38fa438d4119b955c5371355604717,0
58b8e139311eea36121f4198c41c8ad5bd93d10b,0
ef9d352e4ab7bc65aa325cf5864cc2d8768f58e4,0
da9202b55bcba9d0528280a649a85914bb20dfb0,0
1d8ee1ffe813ab272e77c4576362dbfbd1c611dc,0
8e2e9987642049b06c703562be7bf23e61a5ac71,0
35b2f3d68f87e4dda73bb52763ca853ca571b488,0
ab5c7c9610992705dbc055cc5e5b4d784760b4b9,0
dd8f482024b49b439b1356f7d372def02a46343a,0
2de66052d3aafd41554bc786592c5dffc557f9e4,0
25c4c59a6c8d9577f9e38fc72f7d148f2c3f2866,0
1c879064bd511af526ae850c8e38c09322ec9e8c,0
15ad954ed932bee128d9168406ee7bc8851ad383,0
8da8e0a3f1d0a121caafec537b2eae421edf327c,0
29c3d1548a3a9263dd8071b8e16a294e3b9a6ec1,0
41152fc4af45d6ac8dfff2c94a35f66a19cdc106,0
2220804bd16f1d7b95ba9074622262166037078a,0
dda6efa7b26f069d48647b331273e5eda103f137,0
d4289f532f4e3be1abd2efdd11e7c8e7960f5ba2,0
cfc9b53b5ea71c80f345766c5bdd0bf7d2122ddd,0
3abca167b8a2af81451ad4305a7cf5cdbe3533ca,0
4e82150e394e26cf5ba2c03fe23e64c3334a9608,0
b33b70db924d98b1fb1ba5ff6cd01e8355800cec,0
585ff2535e3d9444c8dc0852d4f727484ccfbdec,0
4860e876339ce480b2b54c7a371652702724f43b,0
8f9eddbca831e98589362e76d45e00612a253c24,0
92ababe6ff9ecf187100b967998d77984a8fc6db,0
8cf1e3ce699ee2b05965a003ca3883d7f7b8c397,0
9fe1c8d98876098bc028e6cb2281d2607d1b7a63,0
dcd0f17afcd6c2e5549b42782b6dc763938ed05a,0
67c6258c9d4a44a7ee86ff8df292500fe32dfac2,0
ec794d1df6dbc1f8582f8eb78d3adb3dcb250396,0
e6c5b8d1546f90439ec4b84f71c23ec83148c159,0
93de31cca27e454fa8e4ffc2ad434e11a2e7a815,0
961ecc79ce74fca711e871262110474b22cd7e69,0
221dab80c9bf963944ade27ce1ff0772ba3d1624,0
44759ad246835f3b28d5b9b0ec7d0065af8263f5,0
5a6fc0d039c4f894b6a21d826ae80ab7ce1998b3,0
6663f286ac83c37f5bab7a6eecfec83292dddd54,0
949ff9ba245fe3f22b25bc2c6fc2f0ff20223311,0
db2014e2ef4cdcfdbff65462f94bd2bd943719c8,0
2f0ff12c6fa6a81a4a20bf6c63dd3ad7d1b1b7c0,0
190f06502803655585f8b2851a11f38b0f718068,0
c08c9380cd468f0ae5f97c6caa61b6157050c56d,0
75b40a9f25d7a90981726ec00b618060e7d83cd1,0
fb9a356c46b77b0221837108ccdae36d43cb0b0a,0
854d2acc077669af8a88fa055b3ca9737598eb22,0
cd98f92477460ee2c00137f2712aed0fd35ae726,0
f0ea60bad2567e561d10fbb76ec0fa4d8281c5e8,0
49023f0c87aa3eb87282f81da9043e52ed368b3e,0
77d4f223b700d01fe0947aa8913e30dded9a2887,0
8732a294603c6b6ab3ed0075504d73c3172c88c8,0
32debba77db0bd081d4dcaac3c087c7fb8412f43,0
3fec668ba5f20c53c4597daf2845436e3e93891c,0
2905990fbf4d6464f5a88f1f24dd01284eb84ed3,0
5a3acb5a026a15d7ea12cd2cac7847ecfd065784,0
dfe03419df64623506a49714633c89e441489253,0
6b92471a13d39efd36cee46179c04c3d0fe5fb05,0
50d1fedaf33eaf6805c91f2871f98c216cc94752,0
fcd132b765829ef315b91271e24e1ccfc07ce9e4,0
e67304065ee6c81e1160f563aa7e0526095f3625,0
89d48c625227c53ded2ba4a27fbb64b1fdf35358,0
1189eb56323bf26c3de18cec0ef626e6791a75f0,0
2749c06eb6c231ceea651bbf9c6e0df7e7d735f2,0
08999f2eb7307a8188f1835ae91508034abc8f2d,0
36a0de3eccc4a209a48c972d01395b5c863b0427,0
c43409816e668aea392040ca457b159abc38c7e3,0
ba5f13542da8c61fad70c0098e8de30a49d5a914,0
e13525ecd6f5d0193b454a035e4d0362cfecc2e0,0
f15818d0ff3b753bf65f5c55f9922184be7bf2e5,0
8a8ffd35c2f74461e47518f38263e25497a9e16e,0
44506cb5b49f28661ef649f0a9574378feaca450,0
30da9b499ae14460d36606b38b04f83c715f7a61,0
7f8e2574033e0c7bc9db7de902e0f550f780beef,0
2c0f69cf43d70592f90b9dc241fbe843b6204f89,0
31b41122701a6483ed9c3b2b265faa461b830781,0
b928cc4c1071f23d5575a50e165164c009e9e4f4,0
abfa7bdd9ad5c6e2a2ff91aed54a86b520530452,0
3242a3d2c50f768e3b0f76de8463bf3ced3cd360,0
420ade585386a54e91f837101416d44dc2bd059d,0
33d921e4a74554f6ab9bf207683df529e81e15b0,0
b8d1faafdd1dcbd86226a48981dc030463cf03c8,0
0f572d6ae405c9e59d147575461e1a777aa981eb,0
fcd646df2f2c97c9056eb650899193ead0683af2,0
e1575959548b0067e042a4568af222c0f175b05a,0
971f633bcdcdd727b4244c3a0ca5b1133751c443,0
21755bfa27c0802b18cd89d93bec3bd7700c0b3e,0
1eec2fd70caa4033bf287541bf0f0db5248c0a8d,0
9e3189d45a0c6b435a71100f560bff08c4392449,0
f1cd552cf46d52a22298a77d1e5d1a2ff853ce96,0
66fca3b778e44c47cb88e6c217c3900f88f8a56d,0
2153e5a6089987be03e5dbc772c2a5084f134be8,0
8d90dcc44ad7de640fa111b03745c76d37b06f2a,0
9514c5ccf45bccc4ec5092f136d546cb4454292a,0
61086b7d5459686bcc765c37f5279e6ca492d302,0
c5e20d9cdf6f05013d5504a131dece48f0aca7e7,0
469af64f81ed6ffb4f2f82421887fb39aba343c0,0
8aed494e42b0fbdb3dfbb4640ae574de5aed8981,0
2503abb97032b49866d76fe85674bc4f487a3351,0
4fa161722b634eed639894f1f94e8202f6ac33ea,0
ef9d33e78a537bbd5e217572b0bf3b44797145e9,0
9e04168fbfb07febca112e21aa75195b422f5d7e,0
0f21399d41dc94d69347e88578cba1becbaa54ac,0
f1e28ab9e400a9b1fca374b72ea348cdb1f67acb,0
a4607731596d4cd794fd9af503d16012cb0db70a,0
b00d01281a25d0ec437f52c9c3a84b0b0b129063,0
4ceaed5dd5462f980e6af23f7fe1e9b4d9264859,0
08e95341be1f97c38768635c3de2518bbc7a09e9,0
e706e3a66681b1eeb743c6ae02b861a9ce3a6273,0
7b570b32b790f88622087cd97124f99d6f460825,0
c8e045c99b4761f205a7c64a86433172e550524c,0
34e52400329e013106c81d85f11ab91d853d1995,0
1fb525ac1e0acf8f21ef483c2ed9540d3a50d5a8,0
e27fbba70a9bb3c1704e8ac164b517b0a098cbbc,0
d1aa53d682e4625aefb44e192e3cb7e5a87dabf2,0
ef6d800467a7b3c34d85d5c1b28e43a6a2dd0a8d,0
df05b748229d0ed5225c865a9f3a29777e43d05a,0
67aff3099f726f47fa66e3787ab3821be6b32d32,0
0cb0a00bf4d3aa5758d8bb51562fb415bbe37b52,0
f1c70703aa283f751ab5c16d70cf4a4138d4effa,0
be07db92d3dd8363836f809220c23a09dbeafa9e,0
fef0267419e0e0a1543a515821424a3751514c40,0
d2f687dcbb71955d4171050f480e18d7796f7de4,0
9bf7985ca07133a39c6f6025e4eb425f2ecfe0a3,0
1af864aa2a356988ac2adb17b2f4e3adfa33eca7,0
8c4023ccf6f75cd41daca4b041adf78b6c88771d,0
af861f536b2a301af8b27b60c8a13a02bf6aa8c3,0
6c90ce6074a5c282681aca15fa1ef1b6bd3d7ee5,0
f22620ca0d21ca78a3c3f914888a83ca5b0a78dd,0
8631b53942cc1262a4d3c6aebc51f08308853d8e,0
33bfdf58cb330654174622e80fc15fee03edbfbf,0
14080ea27bf56ec8b8b7dac7e6aaa5fbbbbce72f,0
bdc43d2efd17e8cf2868125c65df71d529d93c57,0
e1384a61a506a51c308238a512e37d669512f399,0
0f31bfc0ddee436b0428844a04448d99316e7537,0
8cf1ce53d2af457542620b8c210ca283fd72fd8e,0
f14ad4cd3ad09da125f0efda1a309988a0878220,0
47a0d20daed1a8bf8411a180d0f434dfb8ccec11,0
3c395c8de168c4a521f9aff9ad2d765243998a5c,0
355aff4e05c23fff74edbcb1bedfe7f4639196b4,0
616a187a493de7d69ad0c1c7b913416da75d01dc,0
07250605d3d6001b521fe7b9409fb62cd5734368,0
98c8254c6e0d866e476c6144c96fb02d3ced7303,0
dea4d5de3d3ede908197ab261f9f26b21db477e4,0
020629498b5d2fe064357a678b84e68745dae34f,0
a25bc970ae62fbde0ab23a5415dca9ba5e66386e,0
d40053ff4dcb82c6bcda23a6136642450fca0299,0
bb0012f74b0dafdaae8ff18db04211d24473da9b,0
149397fa9abb293c68b498d7a96ff15d82deb13a,0
8336eb1a19c7b449ac8b0733e6b3e9610b299cb0,0
2d74026a8f94020734fd4bc7e7b4ff686f21750d,0
367ab0f971ae3d0829373aa263bee5c0ccb7c5f6,0
65d3a17fb79018c17dcad3b13ed91427c7b09633,0
a69d2707d275c58afa733e65daa0a08c14c6c379,0
cc0b6c8e348aa0620cd67d47760b21a02bbf5cab,0
87313ae7181661fbcf917431ab329acdf52531fb,0
df75ae33ff9eda155da66714f53df41aa520d314,0
48270d549a49bdf0da7f1883376698f829d97eb7,0
554123259d4962b6735f89232e9bac6ecc4bc445,0
0ebf8bb92b9b7768ae3e84db7e449c68f103fe5e,0
9dde64efd35530e8aef1f02f29daeb2ecd968b7d,0
3dd2606b626d1da5a06ba4eb5ad09fab77e9a3bb,0
2c0aed5635c75402385b065d089cfc03e0424825,0
119919c8791f63480b7ce7f41d650fcf67e8f162,0
d88064ce9a1fee2eea5a4db3f0db0702844ef27b,0
479bf2f78acb7761af65e52f4b0158c3705c11f0,0
68d9ac67b8857f85c04015524f049f2b294526ce,0
6846c72d2805ad9ff328494d5a283842a9fde731,0
665d5589a4327be03e32e3fb1f774e355e32e685,0
13488b7590d5101bca3b10d3156571c77832b508,0
c1ed4b90c12272286d3e4b3967eceeef55022e8d,0
baf143235caad2c29e869818d0e03b9b30f1f20c,0
d15cdae09569249fa34a411ff3db868b44490073,0
141f8f1cd4a8047c5ce47c81735e6d3bd59ff776,0
0dfdcd4c98bfe3f283dc13021398299667ce94de,0
9fa9ba05e2bccb31d4b7d4bffe48648b43e312a6,0
c7e10c2b81580f30a4e56e036ea4a6d12c66749c,0
b14879a64f3ad7af39c0fb2857d623cd90cbc972,0
21807003713438c56f6c7ebd5b566dad98f673df,0
a06f33735a0c444725a274724216b261f4f296ed,0
cd9028c74a9d016e3dc32438abb35ce89a93b982,0
c02b6b069a722346ebe12066d04b85c103ad8f01,0
1eec3b1fc04f50f9b8a92bd4d4c1a028822a3308,0
d680ea22ac75d5709ff1da7ba63a9a0409bbc0d0,0
b83adc0a41ad1755c76ac8b180225a7cc2b96139,0
24c2e3e0a9b6187173d1f366dc79f4dad894534c,0
973836588fdb482be73597ce6fb23da5858b57ea,0
571a15542079acc64ead30428872f5051caf4927,0
daac500b29ed44b1a7f88f3233ea08952797c846,0
a9f7f612736ebf2fb47cd83ce0c368d3a480aeb2,1
c4f9ad1baf7755d52b2c37448ea3773c8520ee7d,1
ab999642f7ae64e93cb79607a32b7510784b2472,1
3a1b1d0b0a99d80be8918a366372d2b5adedb0c3,1
c7160b615fc6b9527d61232f566a57492dc52489,1
97fff5187deb3409dbecb2361295d15264de611f,1
0cbd8e3d2259f48435fa7eb7f6fb558f7a417c6b,1
c0ba274a7a277d0b907f47b286b602021b0e6bee,1
98ac50cc0fc5632fc42696be2b3bd182cfd89a24,1
3020c2203ad78b1910a32b43493c8f32af28282a,1
1518aca9802085bafbafd610dfa6af563a395df9,1
1db64552500415ad19f9faded7f2b69a47158432,1
2a3e4eeec59f547bf44391c9adc9a8a5f2fcfe02,1
9480aadc93dc052f8f54548b36b60821baa5354d,1
d61442a5174ca7ba6c574f6ffa63dc74407843d5,1
1f11c1dadbfef05ed65841eeabd40b39644e17f6,1
bdd34b6aed1ff9d429f4c817c7ecc775bfb018d5,1
1e4ba3e4be937c1a155238566d1353fe973d7b57,1
95f5323e894c52a5d44a33dd3e96c8073758f771,1
ffc5bd406db6713d198d175a1b2801c7fe131fa8,1
021d2287ff07a5547a574b41d32997e40d0130da,1
1a86ec7919ed270b0d63d803f6632a0b3645975a,1
52dbe3b6fd3af6deb516e53bea87e98f8bd741d2,1
e9b9ccd028ca30179c16b4efcc016318756f052b,1
116b1e708e587a6cd359f8242c74df1698365a42,1
c58c14f8b2b74401e3a4ef7c8d77bebd3a236989,1
81bb8a4b6815ad39af3851271d545d4c1dd68475,1
a16e16822f5fd4df985b5abe9563fab806cf18c5,1
1fdbb2275665b412df687002d427633c08b91bde,1
ba917bcca63cd053cfa5f22ab6adda3837996bc7,1
863c5c0f5175309dd927d661c9d24f288230227d,1
cc7b6d884c98f3a93aa6506a6402999f066988fc,1
e213365b735cef9655858d9d99253751391349ec,1
d612167b8be7ec551f74f4644168bb1d3e8b3ba3,1
cade83d713ac752152815168eee53e920590b608,1
03178e4a972c19bed731fad561d0f5be5ce11d5f,1
ea15b805d645071b6c31f720f0aae5b421fc7066,1
31234755b94e3e4ac916b8ce2242b5719c8ba403,1
e012a9f6faafae3cfeb4d2bc30062b05ff36db80,1
88ee9c09f8ae9769d83c804ed70545c1db1c8088,1
778a30536f030129d00e367731437974a94c2c57,1
7f7f2cdd5b6a02255af2a95c38f7c584509bed60,1
a69d632da2c4c198e35e1f2a6c8001970c1443a4,1
fc3e85a1166d55e07bcad7c07a69661c5d66e5c0,1
e4f8d76538209a8436de6d1993c571f336bc4a1f,1
52e9deae65aa49522b9a3d391e0b25dc8b9b2944,1
1d7094024563decb3c00859c4711b732046c1f05,1
bb4958bef0ae42e098ce7ab0ff5c81262b0a9db1,1
e65398aad2154e921f2430d659d29db37e3213c3,1
40a1713f28a9b16650a0ade4727263aefc385568,1
3f19b0f723233c26b24b8a2a0161964db32f44a2,1
f1d80a48200ee928c4c1ff7f36422453b08cc5d0,1
bb5f2129794ffda6a1601ad55bf1b75400baeb62,1
8f4eaa29408c5824d889f10c5b77583ebf1a2ba6,1
54bfdb0f1ce2d760112f795afe845fdad7496ce4,1
36462aa4bb36140d96a252bd2ea6692ba9b2831e,1
9ef48bca3447070850a298863e66c116a535c2e3,1
70222d6f4abc7543ee15b52c2571d084a7fec139,1
33ba31edc476b1bcaa4923d78598666018f4be22,1
b2957fbabe67f749c1d57792607e8f88b622195a,1
2633a700c22dc0ce4d81e4ba94e3b428f9231c10,1
38277151862870436fcb4c0b592327c291d411b0,1
1c13478785386f3217e3512bc49859250bd6aee7,1
30cab9e90df292603a60f5bd59f2cde86bab172e,1
602c7aa6dc60574062cf86f1a06253e0e686a5c4,1
84d8f3f3f8a86f99f1483cb5bc2821f9df02833a,1
221723ad99f7ab2c9ef6738c3d52e9afc0b07efb,1
c0002ebb04d03ee0ee511a18f79009c11ecc3a4a,1
9665c335fe7fa0ddf8624d354a8a194f216c8b0e,1
9afb11c0e90dc8fc17bb57cc14d35e10ca797319,1
65267fd33350b9f1810c2fafaafbdbc9fc7be8d0,1
3a8ad4b821561ca94f9d1f8c6a6edaf5bb4dac7c,1
62ec49311030372eaa31a7f3c3095920e70ecadc,1
55ede28d4693bf9703ff7e68a01ff9a445b9da75,1
e4389fb240b0d0c1c308b1ba7e9938fd4d584017,1
a2ea3215f0424cec76ae6eea477f4cf58affc411,1
97fe33f8a6440c7da4136cc015e4a6cb547ffb6a,1
042c878e0f7b24dc4cda50277f32883370770ff8,1
ef669551ae749279329a879132c088d056bed103,1
14068ef09fd4e34e09c6dc1ec569d1954ae29c48,1
ac451a49b1fc8765bfbe4def3382aabdc779786e,1
5430b8bc901ce2b63213a3b6347ad7595f6172a9,1
662d7baf56cd9e6848c11429ccb48c6279033a9a,1
5e789dec51d65256bfe29e800891943bfaffc431,1
360fe0c1bad0a44a2a5ab976c2832c0a615fb90c,1
f681607d9551f658329758a8f8817effa3079f66,1
53e018969ad17958a08556b1e827b2d32b337cc9,1
4990c09a1a1be377c059ec79c17757857de91bb8,1
5ff07755c919bfe347b9fa89cfb47bee371cac79,1
8862c61de698cb29cde45b493150ce888a5aedc6,1
4136ddfeae5ea1c9a51dbf823c4f90bd0181acc7,1
78e876af7c32a5c0476ca01594e125872ba7e84b,1
93c0cd8cda1dac33ed1055c4d3c95daec9b6ce2c,1
dad9a2d9e6c97e6c21fc1b10cef6da49c8972abf,1
4b16c35f19dea268523207843a98f94f3e3a33f4,1
34fbd06df783a973c543a9740ccac9b511d68d21,1
1b1826d3611d3dee8a3e4f23fade831fbc929b3c,1
526c77f0a4dd16ef4973556d37653007abdbd205,1
09b7480e5563df72397c4531de352bb3c9eb38ec,1
8098278226dd347cd2f63f7f5eff04043302ac02,1
4ce086ca625e5413ece85b45608417d4c69179e3,1
8bec96634da60065f6bbf39604e3cf0d2a57184a,1
fa2c77e1707c2fe7b0016e00736fb6e4b7f09488,1
527e414659dffc263dafc578192000ed9996c528,1
0b31156efec21e674a8ae37def3b4becef735edd,1
fbb56636d346350a8591f38eb30087d57d7f9de0,1
b9c9f399bafb2c6db2f5e78079750076eb1ad7e7,1
a6ef5987d168b04d05b7755334dc4b56f0641d01,1
d7dba96d43a123f6ec05d7be06440c9a579856ca,1
87c5c10b9a8a0c7a6efa4b2371e2073bec38ed69,1
8b0bbc0470d00e18984886c83300930116dbf0f0,1
2c903d9d8fd98089e7c94bf4e0d0c1cdb640490b,1
fa598c2a4f79210290ad6cc084bccfed83e437ea,1
87d0673eaa21a2debf6b9d966ab34b00c8aa84a4,1
d5b979de06d984937bfae7fac9d8d16783d035c5,1
a511e4bf53ae2985249871711ba6bdddc1209946,1
a27ca5689134736c6ea3e4e556df70f13d3743e1,1
8934b2cd05be774a0a9b208f99fc64f5c087954c,1
1090e43d8573ede89e5f222e1a9198d36d5ff9db,1
054f348d4ee51276c1503bdb61a02c780843367d,1
1b8ef06091994419d7a5e06e4e2a2bec66ae904b,1
8acdb5485611bf3dc23f0cb6d317f199b8540d36,1
3aeeebb4b939944d74f9a7d135019a949dbcacda,1
ea3a57c5ae798de7a6be8394acc4cd35e0ad8d32,1
5c52179406f0a1f6e245a4c8d835cd88f0a466a5,1
2c54fdc1c263c0f0b980c029da6d00ffbdf98947,1
4951b649cc4af5db8742ae3d46ba127fd0b29574,1
16ca9519f24c64f3c51206a167c095686e59d20b,1
f8ef68d709c5df96dea4ca9271aec4d9787e4286,1
7be9cb0231451f84ca9aa4e2be832392affd8fbd,1
2c5b6f068f69b6c668673ccb3d9f00760ff1d9a2,1
e5d43f87bcf5af4f3254e0b44db4efd32fdd65f9,1
a4f4357240bab00fa38b5d4136c82dc2dcec7cf3,1
fff29b4442ea6ac0a5c098a4f458467044ed21d7,1
fe69a1973627dc66682d24470dd26723710ac365,1
a1c5683bf628f1362c6c7888e7ed502f6f64d33f,1
dc25791f02da32d1de5be334216024b9843c0cf4,1
81845bf60fe7fa8c8598800f4d9097366cef15fd,1
56adb3eef9cc0d33058da441c3332e39d28a4794,1
03def5f606aaa487cd3476faa70221162abdacdd,1
12b6f69a2d8dcddcac243061d8e902f066a1db31,1
020f05e750b1a5fd9ae61ab66547a1c1f9e18fc4,1
d6a16a72d9cbed2bafba64aac07c5d5b168042e8,1
6230dd612829678b821113e9f888dd2f69219bd4,1
d98035230bfd4553a9f1a15e2d6f3cc8025184cb,1
b6c7fccde21fcadf0f7825fa18e0aaf5d588cffb,1
47f7f480aaa0d2dad2f6a35d9e7b900713f9cebc,1
5edbe1c32423c513994603e37dc32fa6cfe1c270,1
a4d427848abec589ddaeb82a2b4cbe0c064fe496,1
41166bf4de6210b3e4a00f5e64836f654ce2c69f,1
26f6d4e204fa337cd2dbd86ccb82e04469246769,1
1abdfb30fa8eca4ce9066d569a29b7967accae8d,1
254e4a5d071249d1645e9c12c3c026d1f67de1e0,1
ce9ad70c536374fc861bee7cf3418e35b3d5d6e9,1
aeb4ea0865267566b1503930ba1763d284651bfc,1
568b762922f6714474210530fb2b41fa1e87c625,1
e6b9a30781f7a3e282bfe443f67c497389839774,1
b6ddc70b091716e5ee4f3c985b4aec86d46b2dfc,1
57e109678f5a453e69ffdade65719845586c2edb,1
51eff9b264ec14a7bacdbe1a21a00dcf341e299d,1
ee81981abfa01e660f8731c29c10767a6ab00cbd,1
90ad68de9b2a8e04a53c51488eb9f335c3ec490d,1
b103d028d38794424461ca77e76bb4b979f847fe,1
224b1e06a953d226cd412e2389b03dcda2d8ee70,1
493c830532c64c7ff782d5aa9fdd1395ae613d68,1
7eb222a19360aec161ef39bc2dadb2f2568cae05,1
03e690d84f422b803ef7bd0d743383150c391133,1
412e5de9f663e50b709b825149f967b1e3ed90cc,1
7d324f4345c2ace02b0d884251210cdaae5043b7,1
db26793fafb2028bf16fade339dde5fa08227f7e,1
0d084ba9e0e454adcda043f5945e04eea8de2ada,1
9c0dda50180b20ad7874219e2b5e315cd6cddea3,1
8e9c7f8beeb90ca1a6bd8c47ea160ecb6d3048e0,1
7334d3ac28b82b1a07ceccd6059e18676c22251a,1
cdf6448bcd4dccfec05bc67fc7bc316951898d4e,1
946f7fcfbb3070e168db283be946f2b418bb8daf,1
0f02f2aded23845ac011ab38b98c4e111f261c04,1
d457f81698deac80163777af2cf97e757cdd9dda,1
dc89b369b505106e10c6c9302c49172d862c0dc7,1
b3b7f2962ead3d520edfd840ac540cbae7923e78,1
5fb6d3d0696be0172499ad68450779bf311e84d2,1
a98b0a4b7d5017100ef140a58b464c9fc704d08e,1
6ca5bb0a12738d2a9c51cf132622c1796749cb00,1
95421a538865b70b3eacffd80f5d50139b17f690,1
058fc98ff6439f35693841f085bbbad9ba8671e5,1
d617939818c96e539dd299ea86dddd64080f592b,1
4becc2d6033d7ccec0c0b3a0e9df00b444035d35,1
94e001a065434e9e4b0d5aece1026610568fd2f1,1
65693c15c4b2457868a499d1c38cd460bf35c61e,1
e12c04e52ca74cc5dfad235f81c16a618cb435f7,1
f0d1c48bfba82568a3471e783bdee67393ce94c9,1
4ff00bbeffbd8d8e89416f6ce2a7cbab7dd384d5,1
fa6af4248adcbbb9cf510147b2aa1108b294bf71,1
17a864afc8f7147a3d604608519ba47397983786,1
a974bb17f272d09071ef00e11e151c51b025539a,1
1eab8a3363c7d96b8d9302fadf9a30c3a3bfc74b,1
06b90b8bf185eb9164dda421977b88efed44fb82,1
b28204cc9bb3c0963e808d73fc99e86a79919335,1
a228ba285ef42ce67d6451907efe7c8deb9df6ad,1
69d507b66cc3a6008af2517f588f65e25bb5895d,1
f6efc975c32acb14113803b2735d35ebbe0ca1ef,1
4f902904b2eabd76ff3f978e08bba20639d9eb67,1
abff15ebbc4368ae31b9cc22f49312c5dcf643e3,1
c967176caa4af2f1e448a50854146839fd491d6f,1
da9420dedf7fd149c320ba2093ce33645e51f7f3,1
dc6bb2c6b3d777ec50156b7706baa6bf305d4094,1
c64fe685b24cbe0a8323e3f50052a487d09bccde,1
2d084269f106ce9802410bca31f713976463523f,1
5e40bc0f11ea0a89ab14f154655b6c9004ba00a5,1
409afb61059adec74ccb7975704c7d9b92b20cf0,1
530bb3f36ab6a2bfd6b41e83e08ce486aec06465,1
d78f8bbb4673a2fe2253794e431869de7847935d,1
ea3983fa9d20496d38b6e0d64c1451f754286849,1
f327fb03713c43fb8b4fd502a2b363f4712b5d65,1
718ffb3c7c3c7347ec7dc6aec50a555620effdf9,1
e8670bf56fbd27320a9d00f9c3d130cb89bee215,1
7d3d817a4bca5cd24b19e6dd7c32aef3464ceebd,1
7db20d8e8537cdf9edfbf9c72b3020bda22ab08d,1
499f1e3714c17b7ae8d43a05a8a14681dba3b05d,1
c3dfb3e4095bc45514a45c1cee1bb09605756daa,1
2b06cbeae796573cb92ce46ccdba301100e37a44,1
1f10e72ef4f7d23ce72166d8b6129739fe381ab4,1
119c34c4f4157dfe8fe960aa0eea9cc7b1fdf830,1
184a8213b80d5fb9b9d2a4ef002edda1c60dc069,1
61cc01fc09d34b51d4730e0cff29ddabb60272c0,1
7ca6f0a29320961536603f9e4c17570eb14dc7ee,1
0bc84e817e46929c26a1c7d1bedb3318445ee6a6,1
6d14d32b306e2116bf15bc5878a9ad620a065941,1
d68da6b2772e7409aebbf01b4e4316a9dd9570b2,1
bc603b207a9a2bd4f08c7121d694df805ebed79d,1
351daa75d1974d83dbf66c8913417fb7148f1094,1
a9cd8215bf895cd1a1fc9158ca5232c3c4bf9cf0,1
60b0707415e72827716a9b8ee2138e21c91b66f1,1
568647293e4a5d2ccff89ade9139403728613ea8,1
b53ea045d693a2ae3a09e5314175d3b7bb98db10,1
88893660bf73bcf6b8f063463d03c2d17a1f2b6f,1
78ff8390abc666614186aaa36791af27267800f7,1
1154d1696e1dbd7a26aa45a8e0de7ba11ca4ae59,1
ab0be0041b2c030e7152f0f991c9f46e7ae00768,1
069e2b73c093826d5b73e0c981faeff60d19c4ba,1
84ce6b6dd97d305b9707ae130825819f8aeef03e,1
fa445c510f190fde926e0d0511c099809db87795,1
b83d8048b0496d744a14afd87b3a6adc7ff0097a,1
49dde3a0e7a47c238fa3090fdb9337f8d60180bf,1
433d3356e0581b1208f1f7f1f57a08fbc3bd012a,1
3b35fae2f2de696c60617b56ad6d69cceb885ca9,1
de6bfd1946dd42ade517c8b620f5ad82f0c34a5a,1
ab4125fff0aa4a8f6ec1624e57c87b69c8c7feaa,1
764528409b40934f79f98667ccd5878449034637,1
70fec4342c6999b8d69ea8dae8c6cd9ac85c1a55,1
123de0f7fac9781651087938354149879d98c302,1
567ac57ebacd9eeada97a9248095efe58d07b510,1
5b263ace773a8b5b5d12f901944e45e7dcc3289b,1
72c4bd5afb3a0639723cecf86cc5be5a69a21ccc,1
35eceb5861354cb7b2527b813ec3553a8749c724,1
3867839f04960e2c4b3038bf30b7e09ae1bf92e9,1
bf20505e8ec57a81595386a21f8d3f44f46afcdd,1
578755b689567b210cb9a33600af6a39d70e7bed,1
7531a191398c975897003cf84a5f0d73a34d36b2,1
9941b7a6d87503a9143f092ab9279857fd1d6ad9,1
e6756e8e952b69be7406d22fbb1f3db53a0fa106,1
3a8e96ec16b1a38d79155398044bb67a745ba6e4,1
4968a566ddcd42a467c95939b75d3b2f45e93e45,1
3b60e7a9f4b5ee7c8e73acbd9c8dee64200cd766,1
faefee4b8f865a21c1b8f03dcccd88de44f4aff9,1
06a92cb1558d4145bd57d70941268c8fca7d5997,1
f0ccbb2272dcf5c95e2f8aa03860a14cb8bed191,1
4acb4eb9bdf2f906550d2a8e4fd9993c80f35ed0,1
6b62918ec10dad46dead036b083b563e98d0e1fe,1
5a79e734d2bbe9b33ca5426ec37bfebffac85fd1,1
8a5c581ea3222203013c7b308e866cf52ebc1024,1
84ac8a61920ddbc5f5bd6a1d8eb63186505ddc84,1
39dcb430620431e73b4ad3796bd33b291e24fcc5,1
bdfdd3cd28500adc3ee0b1d22eb5c05e2d7c81d5,1
5041b987dfd8152b20da85dd797d2adc6d9e1808,1
f1adf3c5634b0ffe88cd831761f34d6b6d8980d4,1
9ec4fe5a7c21d52c4f22ce5569d71e1fcd6e7a66,1
a435b5ebbe9ea6358fc3f9482a9c420ef1df320e,1
afb4c6c661ce9e284b153ba1d5be1fe7a78c8b31,1
ba5163ddbc2f5928ab83275eaa552081cece7b88,1
5657d87ef42306bdbcab4607d6e682d494d8ac7e,1
d495aa26f4d396af28ca073b8bd0d913d65998b4,1
e576b77fa21e6b24c13599ad75edc89c300228f0,1
61728dd5517b45787b8e580782987357c5300aae,1
c4b6ff5857bf5df1c771d687b0fe9ec13d4aa43f,1
fe7cb5862747164f96406ec24ea7e6e1eba1be0b,1
8482e463d0536f8704f5a2a7aa3eb06beb22317a,1
b5f83a512a509eb1bf7066f1ed1bcf0a9d674b74,1
9a5455fa9519018fbf89a146786147ac10f2e88a,1
8b7b015774b3944c36c5017d349b616db036957e,1
6a0b11d0ccf1d4c3110a22a52eaa570762eb07aa,1
2486d67cccceec3663854f4aef51350c22042692,1
d1f19a2521ca6bfb2c37bddd308ad6429a1dbc70,1
0cf167b3f39ccc5e6bd39437ee327aadffdfefca,1
9676bb606015d6cc8b1d0e29d46b536b60a87f9a,1
8cc317a558d16e780a8bef4fd3c2035978c6ef56,1
7b6c997c4447b0c530721b5230b02c33ec2e4384,1
a01a193a44499f5e358200f587796cebf1c09216,1
1722b34db81ce80a0b958690afe886bbf7a4e0da,1
94689816b32788df3732d948f2309d332f4caefa,1
46bb598f2aefd97556165d7da59951a19450668d,1
e0df73ec83468dac7e0efe4f10362f8bc880af4d,1
54ce85801be97bf55fad99ddd29bbb0cdc3acd9c,1
af73e0ee1ed552ecbe4c0d16a9a776bcc09a15a9,1
df1225d9626643caff34480ee2e40155f2dcfab2,1
9a6cf130600eaeaf61f2845a53a3774f5ae3d3b5,1
171ebf0b2581939dde53e7ead1cb121a899ec928,1
5d72dbd2dedc22db117df17cba2263219181bc6c,1
db5870bd6121fe2ce8e29bbc02ee490d3d2ca3fd,1
b0d4889931033989e28f4d7e86177724c40046f4,1
4439f1773ce0b2dd8b4c0ddba94d53ade75d6084,1
3dd313b6c74a587c232496851d9563f90659e221,1
d4d598cc78ae26d8035059c38c3ef174c97afdec,1
b7d525adf8da7bed4d3175574a7b4b6f15cb5880,1
19cf1855b882db9b1abdabbe43b73b045ab3e2ca,1
17a4639ea2bcb6d237e141bc09344ab43fe54ed2,1
000af35befdd9ab2e24fac80fb6508dfd1edd172,1
3fa579965b25afde6211a35140ca0f954af6e7be,1
83fab88724f962dc9fc34ec03fd483bf281e85d2,1
e06740288460ade56562aa50d2a1f8ee9d299b23,1
39de11f2263722d517543337bd75e7c57ce24cdf,1
044fa776babfff8efa697a7cdbbbefe166a6eb7a,1
af698df171c101ed05128aff4099e3f87f1ba2fb,1
7887b7778705069d22c937fa288218346a5c847d,1
41dbd4f566969b40e5edf7baa105448461d0de47,1
0ca581b80579590aab911d4df50e129f1323ecfb,1
422c079c41a37ee12f18c3ef5afa993d711895ff,1
4347b7e2797fdb5a3a4640801c648113fc29f7f8,1
b2ea93b4581009eb51bde70830e1a717a8c8e4d9,1
5c55514b050e3e34905ee8695b596cae697ab95f,1
38966b2f68e972c21c4c4c2fe06bba8126b60b0f,1
aed0fcd7149b3700c424a06edcfe392824d38919,1
f3fe403aee2b71d3e4469f19717e896bbcc2934e,1
f4042a794974c9f6e5185a5c2cb7332398fe9328,1
1a2c35b3991b998c686bb8042a86377304808488,1
201b08457f5a00773801d58543d685ce06c5d251,1
37adf1da9d0b1722dfae3bef920c1c32cd322deb,1
c84f35a9bcc8b33642e923b8ab940a3d37a2fda1,1
98888613393e15b3737c95db84555bfcd46720ea,1
56aa0d8782cc43d98a2038a9c395d70f3d2abe21,1
de8017267c226a2deb76cb57b7591e3ea22e7abf,1
fb634979e824f142e0d7ae0530d8d23154a03942,1
ad845d11d123bb01b1ae7f3890cc7a32d8a37933,1
02e192833cbcdfd80059200f90d470d79e399496,1
64844dc3c480f880f7b155728652aa780b7a3375,1
b304d20b4384247a1388944e5d168219740fcf9c,1
1b32d301760e8a6a3eba0814864552eabac52cb8,1
7003e9389d2857ac9d6a0ae2623dcc5730d67b73,1
be11603c26d2a0b8cfb23a07ceccd27f9606f14d,1
a0276e560d3ec106cf354cec039b9aa573da1fd2,1
a4cf64216f7672b19b459d1be175c898ec214661,1
bb67a5f91126e067742d67e9c641f345a0902bb0,1
f50f6d77f39c2377963cdacaed95fc12d0e7f3e3,1
9ce97f3ddc0b7719e19425d3a4e538e48ffbc40f,1
51a3ec619f2bdc04d19881d4592c74075b013ade,1
cce9d7bdf20b37716c692dd7fad7948e28bf12ef,1
a40788176622ac12b998cc8922f0caae7d2a54ae,1
be6b7635b2a6af896e710d25505ae9cbf512cda5,1
a9cfcc53eada2352a7b09c78893cdb6728a6ed8d,1
8bc373830b8cc5a8154efedde97cb49b6605a57a,1
d8b5b1c1981cd88dfcdcfc797609ef5c5a96f06f,1
8bdc3f4fd2d0b2965b05c88a0182a4cc29f27c22,1
d20d7a43665f69ff2c289ba7f0a4a7f641c50036,1
57f3cfe7bb00f07d329b30323b6e1793b520f185,1
fbd728f5728c664f744bf702133e79c844a5f726,1
5ad6ef8d3f2c71882fd469bf4b2edcc969ccfdb0,1
40c0df390b13af968ffe2bb0e64111beedeaa1a3,1
03ab32e57962657c8796052500c1c0ec7a774220,1
05552402b2fa2cf9f09c50eb3441e17a31b97b97,1
64f53bf37a029c92c1a8013ce321453495ea12a2,1
c3a48a9801d7b7a52f1451007dbee52b4b745a85,1
2104b002c12a72429fe25e20078481f92e227a3c,1
b2e417b080d9ace9b9c5699522065c5cf9a8cfd1,1
f5d5e0764c36c68890acd86ed23131a376ed2c5c,1
8601ab6010917bff72b28f6d9da540caccd16a2c,1
a806c620c18109c6aacd4ae57330c6898d8e6cfd,1
773867184ca567fddcaf61cc365b529bf848ec9f,1
11104d9d18f4d89d91498fe0ef13d47b7fdda039,1
5f283c5e4c52d34ed26a02ad989319acf22c59b5,1
ec3349086b03097eaf0dfd722af2de92392126cb,1
d084952ca9444c1d8e67834ce45f8b8eb21f27f1,1
798ef7aede7315ecc13342ee3c858c046301f68d,1
41de314293d62c83c5a874fdaad8b1c3349af1a1,1
a5497b3fdf32407f93901469115b787d33d2bf0a,1
b89855e577fce23feb51d0506bf094dc69f76d50,1
88b77495b7e8e8856649c7506ea7169225cac867,1
fb44baf943b3cfd1acca7da5eae0d57ae1b385ca,1
90fa48ef08fe208666579196454e0c163d87575f,1
f54b9ca5ba2fff32286e276fce06ce02c0991264,1
979324eba8f5e11bc2e153185c3d0abd68730f80,1
9a043930b92cb2df124408602d5dc8b83fc3d936,1
e3a19cb2525115a8feca7bc49073affbbc1ef9be,1
4a463469cf2773e2d374af4183bb51a5746f420f,1
28b8a6b5b5f28f0963cc7ca5ebe396310bc917d3,1
1d305e051a06718df9794fd1d5cb97258dcc942c,1
2425056e3e01efaaa2861bf3f0ee3bbabb90a898,1
b7d1047945419c3b9e3f7a9e4e67e2c2afc57e78,1
5512638cef40b39e16962bba414bf94afa3f4208,1
efc918cade098c2083e951b4ee7f9ce09e96eea5,1
c557c7da1146bc1415a020f90772dd915df1587b,1
aab85ca3235b961f7c8f9bd2d400083c9fc0d44d,1
bc768733cd5c59408c2a7de335fc029b9773c923,1
6140b43451d8505c8fbfe6308e4d15c9c79ba4bb,1
31862fe6c11c03a2eff0e1e56305bcbab3fffea6,1
5379939752bd68261b87bfd43500c2402d3a54d2,1
cab7173d7dcd2d4e886e134224d985ff99f87971,1
709c7a059305af4d6d7731e080133f65a8d477bb,1
f70c963cf607e8c7e275d86600c02b474760964a,1
529e8521f15331e5dd48abbe6db027351300c5ab,1
f9ae75193d50b16887e1c5ab836f39808699f924,1
a7414d9d32b2ebfede463a62231691c09a718301,1
3f0a776fadd01dce3ba22303e29817342462cb5f,1
0abb0ab939677011d23a24fafaff8522cd8c4252,1
a6f428dd2075a831fdcd238945b3e337de3b73ab,1
fd73437e483442eb86ac33a9c69a1128de0b6515,1
8e395430b4f9dbf009e93410ad9c46a1633a4c04,1
64754d0c8b28db412513572a2c1e371345a5dca2,1
3508e9438db8c2bab9e8ad337e6130c5a0cec956,1
9eb85ad476130979f5d7dca1e301aa4d584d029d,1
7c996d7cea7cc9202c4d0e0db1b37fa9ff99d24a,1
ff59dde1d82217ace908fe6b4ab34c8e1a7fe8bf,1
9f78ebc2cebb9ba2ab33a3904d7a833b263c7cad,1
d40b7cd16dceafaa23edb0c99657b42c4c048113,1
03d74717e79e9a2c3977bc4f609406c6b1363f01,1
72efd6017e79a500e5fc7f03547d0dbf3225ba34,1
768279a32ec0f99ceda37bb22d1977754886e713,1
751c20f83bd3c902bbcbc413b533ee719d1b4a95,1
8dafee81686f0eb70f3ad8ca1e29d99c0085eee1,1
872a5e82de0b6740f88384de9bee75ed25663943,1
8c8c770b1777025b60bda54469effbd519cd93a9,1
30431d612d85bd9b0b2518eb2a1decb001527095,1
a4ec423e9f5529f50bfbf88f3fbbd5c25fce7973,1
f4b6135fe5cb0809c82632dc4e6029dc39423add,1
ffb739dba3ce3a46d018c586f92e77db4457d0b9,1
9f9322d5afaa969daa1fb0990bde218f49a3626f,1
84c36e0e0e5f288c9ea05aae627ace4f8eee572b,1
dd4698d03119eb57a740b7c6512cb9d6fc5fa073,1
274ea4ae94295f8af5413c54f8b19a51de2fd48f,1
31f2cc5f76f0e60a5770e1c9def0784e68a3839b,1
2273a890d73558457656a5587a681dde6ed501dc,1
a527f46955de1c7aa96f7e5b7b1d6a727d6c97d7,1
8c639217c18d7d98869aa86399e2d78687203ccf,1
fea2f2506a6d84dd3971404bed3cef8e4e8e9a4c,1
d0e8c21cc54346abfcffc49215022edf7a1354b3,1
858a84751f353f7566b51aae9c3cffe8a6eae270,1
a75fb96c5cfd975ab91044d2f24346873489ff16,1
0ff1590696b9c2c2f9bf33e0b6c6e114751aa042,1
aeb3418f9fc15c1fc4861fb5a70057443f057d18,1
5d8057b040dd6bb6e86ab2031b443156a3e19dd7,1
b82614b54a1417c803da3d32bac16d5b4b6274b9,1
ba11e0c177b22fcc045374555d192b8e732be06a,1
0200ffeb1555344b9225b7792469d42a5b094c71,1
f08bf8529f52e8676c657d650bb4bd0c73060543,1
85bc0ef10273e5806c18ab8d3a4e72267f86fec1,1
4750459fb15df6bd41cef98014939538f53b6ece,1
f34d622e5373d32047315bc250297b0080a97dd8,1
520434550a839d6a3d7a5fd024d985a9dd679523,1
4934b7e55bd3c92d763c8d493e742a65fb4f2dcf,1
380427a601058f65587cd338939996d236b83eed,1
db24a0b08e62c7795874b839bd8e1feb981a1c27,1
18a2bb35e1a75647ebbf08e76899a79238c3b130,1
d0acf96b799cfb5c5f7cc52b17d68e1d62cced14,1
38ecbde4b9e2c158e5937400faa36a74126a2779,1
ddfb46ab5fb059cbd58ccda74bf7723799a4f9f2,1
840906a474247c6cc61f22115fb1e8c428b7c05d,1
b58b8c1d6e6f93a0d8bdc910d22513783005f556,1
7886a77297b1df2c20d1701c7cb93652d5adf220,1
66b8ae94c16dc827c8af09153ce2f881ef438ddc,1
ab1040689be3100fb84424b5af9042198be93ce4,1
d7c4a89c1f8baf5539e1561630869913d877791d,1
499505696e8b635fd7a7427e4f76a8eb5548b03b,1
fd036cbaf1a9d04015a37110550f83e4783fb20d,1
baad4604987012f7847622def3814bdb7c9850d9,1
743017fd851708cd830fd3f727d10dd21bbe7815,1
b987f85e421ff4cb0d5826f5cc99197fc8a00d2d,1
f337b76dde665bc1f9a9b647bcc0d5488357fd13,1
4aa1679fcf5ff41e6dd108cabdd1583b654c7bdc,1
50a6c9a5aa89508c5b92fc5f505b00642f114edc,1
31ca038d8eaef2c8b16ef0ddad555076f37cad85,1
a895806ebc16cdff95d438282cff7597c618ec4d,1
5aba8f13cea34bdf25a407f5e99187b92c2a8b73,1
ab9bd7b1661fbb024640c2b0a61b18b1cdf90f33,1
0066c329c4e019ffb2af34f732371c6802d25711,1
a495099d83eb3864929c1780c909b348132e3948,1
dac3e10745b396d0c28460a0593a6e4a6d5e0295,1
1902f75a47655add1d04d06e612475cbbe0f7812,1
ba7a8c6a84531766c5c50cbcf7e5e2f72f789b08,1
97777e280c61c9edddf5ee6dcf96cef848b8a93e,1
ad639f2564c90d5a3e89d9e50151106c3069c90b,1
c9d3dfacecf43ed4ffef6060759e012711a99741,1
eb53a40f385c82547fc8f5677a42fdc1d7e4e7b5,1
a3dfa7cc2729e284f29ab201946268c20a682558,1
1dff13fcfe1fad7b27db97d6dd51f947806f1579,1
7984646cdaca0d7977310d20f9bed6151881be9d,1
cb4545ff54865654f27e0f7d6c2fe9c59d9969ce,1
6d93ae327ec2054c886a3fe7c0d41f7cf2d54fc1,1
8195b459834303b3a133ad78abeab3758d2638b7,1
30c724d1e15116a218002533e65f53802bba917f,1
73ab437e0d615dd1adfc777715a1d5a1c3bde0fa,1
e213b5b5a5f8145fc746c219ac712e3f121194b2,1
80e44b70747461253247bc71394483e041d1968a,1
65a78b23e33e766098b6eff416e7a09b9b46c2a1,1
b65a84749c26788d1702199501d7abfc5a471b80,1
91a92df4a4e1771189460147fc8fc15e0989519a,1
70c5b28af9f6a2b5403f12a5d6454dad6f1b250f,1
77a96b26dd2f032fc3daf6cd752451a15f68ed1e,1
21445998fdaf51216f9929b53e628b31c5bb1a3f,1
ab2fbf7985b1c60ce756661251bd2158aabece3a,1
3934192ba3a3f4c6a1a64703dbf34cd1633e9cd5,1
7bedab86087b14bb3ae32a3d03467f5be10328c8,1
8060861a88ae0e6741871e348831b85770fc2054,1
7e92cf35885c415c22987a916bcbb7e1ac36012d,1
b833526b74146c41363b30511b21c39e32b2cf3f,1
1495606eda8da3694458db79802f521d19a5fc72,1
828516cf3b4b70d3ef222e660e45c8b786bbaa74,1
10ad7ca1a2fcb61d7a33aa1458fc6d0041b147fc,1
b9cc5723ac654e2e5b472d93782c95abec4afbbf,1
697c66622f1769911e59672fe8ee43503085ed07,1
49f3765c76aa7fd61b393bdb99e64462c10bb4e7,1
913bdad250891d1c290ec4bad714634ff5a2fddb,1
ca31c2f0b8a75d0ef6fa7065540d8f4778ae14f5,1
69d4e89a859ac852260ac34d6f42fe214fbeb216,1
96db79539d1b50c60a555434296c4fd5cbb1a350,1
633b1bab1fda9be0548066ded1c659a42e2b4657,1
11cc6a7e9948ac6d1c2a570ddb41246603266200,1
4b848a890f21cacb38a868fda8f1f5f57202e713,1
9042cedf3a8606977d0f412020a6ac0247199a7f,1
851fc5e38e0f9f947f89269e95f9d2c528d584a6,1
bb01c47b86eaa0f3c4c2ef58ad18c2b05174374e,1
98e7813fc16f4b3914a1e4654feef32437c1ce8e,1
71f322ce68689233e61d090569dfb57e3c795d3f,1
5b716d9d5ea7e5c4f1c0b31411139aaa00b1c0fe,1
82abc10b14f9c4c095481293a336ff98243a8d9f,1
47d3da1ec5cd7737da23f5382f60a0f765820cce,1
831bccb96a0ed4a7ae99b36f751c6b6739149d22,1
6d0e2fdd2f90d3c7fb9058486555e5eae4f77b75,1
dd64d2561c0ba50662b992ce67cafd17abfb3004,1
7d5da131148efd6f9c90a887f8ef91713a66046e,1
67ae512c0927e05af84f99bbd0a8f89c105fed6e,1
72a23b1e95d0e050d01eb4cf9e5f10bd3c5ec753,1
c76841225dd8e69afc5711569620a2d027df1ab0,1
02f0b9fa3cecc7f30d5ddb74900f7ae702519a50,1
9fcd234d90797ed5def4c12295236678e0d2d105,1
aff54a99ac4ded4a18caf94ab1127d52263d787f,1
85616c43a3e603c6180106394f16b6fd29e7a5b0,1
ad96beeb9c7930ab30a6a6f1f35e0eef830af45c,1
8cdb44a258737ad21058ca912ca0667f57e8e8c4,1
7229395ad671db34f5d4ff9c805a63f6e510e944,1
3b519070de03515adf618a093dd8f4d7541c27c4,1
fb29952b0ed6f51a5c0e5b43d4def25f1ce1ecb3,1
2edf49a8ce4049d00f1714065e661881df787ceb,1
0f0d2e28ebfd666c02f36a5803e54dde0a780ac2,1
d13e54ee00fd57c86059ca4bf430cdb33dc3fb67,1
10ed0d7f2ba481625f71a23dc340ac3f0c090575,1
5e527fe5ab11e224932baf8ea1d571814153cb8e,1
54d330d7fc8956df62f5e0004212bb382aab9443,1
f46d2d01cc7a523b647cfba89667e5c3bb897b69,1
fb12167e4dd3a775609d77e7df0059ccc0e3c00e,1
bebe820a7b74d74b346b98483ece37287b2955f4,1
7e82c47d0f626b0072875c1db9031ff1cdeb4521,1
e518fd90da93a106a1a8fd6b2ff808ebef525fac,1
a566d20978999200335d5b527e473554e5507908,1
57a9ccb47bbfc8f55d089f1b1d25f40203e9ebb9,1
27f89aad4422567045c954517ef5ac18d1fa517b,1
081e28a2b533800ca3d31b7ef4d6b0d1173dea42,1
4bbacc6edb23ba536279c6cb8c8ce2fcf6b4b02b,1
714ca3999277f09228e2d91646e301d0f10d6480,1
31d495e44d49522bfb9e97c91f3117359d0d2172,1
bb76af90fb44097a2ec0756588a3b5890df4b982,1
ac72a943080a4264da718d5364cbda834e7b7622,1
fb8a9ebc7dcc3de8a6524381628f064863139a3d,1
317422ec6c0c9907e7cf9009460f54743fcd6bc8,1
10b92ab6306980f08e441433b337d669d7a66cb7,1
8c2cac5ea2c3718f7ba6811cc723d4f9232bc730,1
3bcdde32b99a18cf22c1cbe5e4b99df291e48e41,1
722d5131ee1b2f4ca2c9d77f11d62372fdc89225,1
68caeb17e82185cb38bc3d1916965e8e6a3a9471,1
19d693661b4322bbd5cf0807d5aad11ef5c095c5,1
839c444883708ee18cf08284b02fe18d2699867a,1
6fbb3e5edbb6e42d4d1c4f7f6e90d543bf79de9c,1
1d2360d53b93252da9849e8f7f57e5bec5971183,1
7d55912126e1f61dc31ca9e63fad0573be6de19c,1
279807e14991eab90bc06127dbe9842b3b0e1f70,1
3bee830ed183f257a5f988c0de89be1ef3c0abe4,1
440088502af578df29c22f5a0a137cbdc5402fff,1
219b28664a9bca16a35abacdbdfe966001225694,1
835fb0dd9faf455c53ebdf59b983caddc7fb94a7,1
2b2760dd0002ba16a5fdd2eb2d37bdf3d403429f,1
1167aa4b388676270c4b69a18cf8f26357c60671,1
80ef5ab9807d1faf01efb28910667f40baf93aad,1
16b2b5c1dc2d69fe7b7375bb97e6f816b68c759e,1
77a4ec5f4a3f907095222cf42eee3b8644198db1,1
d8194e4f3856f35bc5b92267a08543ddb8e55174,1
9d33c8a2d4bcb8a1001b8a9481c0b06478f492ca,1
d10c7e201ec1761a119427f1bce78560cb1fa648,1
f1cbb02d101558b0c2ffe10152ff6a1fca88c018,1
50139e82702dbe6e68f0f5b3e655a20ae7ab78d8,1
4dd1eca2616f3aa288aa5cf4db6dce3933db79f8,1
194089d5e5c3be6d8a9b7964e6046c17d804ca99,1
b3c1b8200cfb071bc704ba2b7040d8eaba1f6c96,1
4f124da7e44497bb870c03043e164c03c10638d6,1
0caf74345686a0708a50a94cf6096ebdd0099ae9,1
3c21e45c0504f0c87c797364e74b0bdc5eba714c,1
10bc8f223f3e9db344758183f070d28dd35e36e0,1
ed68f412a6e04faa2d6c1544fd51b2951f3bdd51,1
908b46a34b9d20259bfeb00f575e8c327d4c9b81,1
eed3009e29d77fcf62b825dc8e089415d9da331d,1
6d3a54c6a6e953efef70b68433c7b2fcd9df5a93,1
3348242d828433abe831ecf582094d754e7270fe,1
413a4b689a38ba2d5e6e5c7a90e60022e0baf389,1
105be7211fca13665ac557ea5c5c15c17b329df8,1
a4e7ca072e811c10985a5edc6bc31a91813db45c,1
3b9edb37f5b88c1b40a2600510a3c9d8d81beba1,1
f1b74c85eaff7a6253c71588a2017afae6767593,1
a7ef8c573eab69f23e04ed2f3d9489b8fd53d4ce,1
692c707dd546004788a158d99ba526de2a7c5b71,1
054ceddcbc5fb5dced5770562d8aa1f5f1fadefe,1
619853a238ca99235d9127e8016aa93f373cfa0d,1
806770d7fe291d932bb392b543c4383a0458ee57,1
377d956443eb2053f5709d38cc6470b3f3c3c4b6,1
704c17322f02e87daf60b34a262fd1854ec89543,1
5a7c8b7bae4e32f47df9454c964a66477cf1afb1,1
1ba484ccb82ad5cbcf9467a15f467b03f3505547,1
2f62c2af622c590e8bf2e327e402382cdd512901,1
3177811781ccf86c2b7f090b855048aa1a60cb96,1
2f5f78d8a84df952c832e08fa02769a0125b6840,1
09cc53b098c24c2c082d54e6a7a80f477d06857f,1
c7795379ab887d4a9b4ca853095f2212f02cf618,1
2cc94ff72fae256a4ff2c557c60c87aeb694b0a0,1
6a1d99dbab56438c805faa2ca76278e71cc10df3,1
95fce61f6097db8b635b1b80ace2b8f26ba0986f,1
d9c9d6dd2d7e8e0c57870d295f15e6d8f287da84,1
089369b6c576656ad54a3b106d81dc9f580d9a03,1
6eb578c23e0045bc246bd131c6192cdb07977d3a,1
ce2bc82cdcdbe2fe209ed1f567dc8e13aec738fc,1
ded40f8fc318aadced0d6ee79dfc48d420689209,1
b2a6677709ad457961f6d5cae841ea12c729b821,1
6259f62242de06f430cdc43093811b401ee5b879,1
11378bb15b2156ec24e83428288793bf75a8e19e,1
4d812cbf75a0ccb695fbb35ecdcc74ceea1f4f7d,1
5f373c548f3d61fc18837fdc445ae8a85ce85e7c,1
5874df82ee1d502540eb5356c739a97506fe8af5,1
7c31d0154c8551214725965eadf281140442617d,1
6912598b7789d648a52057bdb9e56f0816666584,1
67b06c42f5762096f69c83377311578b74a7b9a9,1
7256f0dcd70677ce3f1c9adc96ba162ec29c5064,1
0ad00be0c37383a4239fc440fd05cb2072c55bc2,1
88ea975354014de95b6569d9f91193bbe6be8226,1
71aac8562af7b89f14b054011b1f3161096d949b,1
4608bd3e778450e99db70dbe8a7cfbfe9641fa0f,1
911271eb461c0068eb0d2279675876d90746fcda,1
08696e22ba2dddb8509fcb05fb985008fcee381c,1
a5dd26b16d3a0f71db1ce390de7c012deeb999ef,1
3cbfeccdb266a7233fc9c93790d4433d26e103ed,1
9e894fc2954c23f2034f06dedfa4960b78f9d2bb,1
b6122ed40f4b19f9321e68a4427aea2b0c91bf61,1
274d651b6ba540b3916795e1323eab8e1b0db509,1
2057e05be45b03d0aa08c3d68284e8515fd53e63,1
b78e2ca5523ca25af60a369c0836030f13dc5a83,1
b82db761bfa605baa6688d70743af64b6f8b3347,1
dec10bb6224d9735698008f210ea8e096d46fa06,1
9c6f5a5f452937adf288782e4b8faf8cbf6c08aa,1
173243012e4c9c54c56b56bbc7617fb93715afa6,1
04f617fb913cfbc25509cbfc2fd1bdf3abdd37f8,1
b1b41b62f33e8f7fc6a32562583bb2d43dabf6d7,1
88dd5f04eede9cc13c92e957c691a8ac4f35a93e,1
eb6c5e6c35d53a27c734ad3afe783d66a390db5b,1
05f0739e6d190a864b14dec582be1d90e295666e,1
6384f127bffddc5311a7ff3f848a1c60996965f1,1
a96c44cfe98d3c1e961653bff7386f89ec0ded00,1
67d450ff8279b15f7f69f470942d093ece46ed4b,1
39218fbc4e7d0000abd86236ba7053fa875aa498,1
8fc316f47e6882c26347b5469953538cf3624069,1
582635e5ced73148a906edc909b37f1e28937af5,1
38c488ee02b877247aaa7b6a390f1c7c3f266acb,1
14e03c38e26bae678581a51cfa689cb90a7a4779,1
176a83b7ce49fbe6ea10346afcb33ba87fe10c57,1
0dd0c61645018bf1805785e5cdfd6ba4947e5769,1
16f8a146c6b85c1c91c84139a2d2f64182ff7387,1
275566d2299cb530678f252b5a9923655ac813f7,1
2414ba91b9c4c7fd7a8b3b2c2080854ab3da6718,1
dac68a01655c047e9426bfab50f3473531818f27,1
bc6e26e59e276630fac2eac7071af79d2e9f4b88,1
e977197b1c22ca1efe05c4917a38e5ed555b9cfd,1
f4cdc34e3cfe8eb51d63fb0dac79e650a8d22dba,1
2bfb6592caf482b1c54656263f19e1cef76a775d,1
ffed6a9cce174b04b74307dd49749f7706421c76,1
415f50d9904c27090351e33bd76e85fa0cb2ae9f,1
f84fe99c8211bdc5c0647fc1218851c86b9813a4,1
a7455d8d6a063c1f7d38ba4805d1b573971f2cfd,1
5b4a205ac265948ed04d7c0dbacead5342e7e3a0,1
78b391a16605d1ae4c7ad42ac9aeeb7b7fb3789f,1
bbcee5ba0436d7dd687dd9ed1d685ad21d118c74,1
e66405d6143557f80aae3151d68da7e888937613,1
f82b66b35a8aa0c4955d8e57c74634cc8f2f1e72,1
dd48603112ee1291eaf1a869a423bb931412e116,1
4e6642580cdd4553c5ed3e76fe5ff156da41ab04,1
60a3119aca2a6d198d76e405df6ddd0e588e5cbe,1
a38fedfdac61b234e6071b9894ba3708a01b0b42,1
d8b4c6d8073a467218f43abee34f0a9e8788fbb1,1
14a7d1c8cca72e9781895d855147a6d21f593564,1
3d71002b27c3cbe90aad5cbcb9a68c41d9017b0a,1
2727414cb9e4561de7b5f4d56f4901c98f51c851,1
7ab87aab55f9d679f303c1057f218bfd0c0f859c,1
f973b6b7e2b3ad97d5b06d224d66acd5293792f8,1
378d159ca846ed85e2b71318878a6e600bdc2e72,1
483a9ab6fafc548e696fcfae7f9a0287e430a3c2,1
89abef3ae8611184f547a4e9a2ac5888f1319c6f,1
8b05f4921304f700436906c62a83a879962fb553,1
c91f5a9b946b921ca051912e7949297fdcdb0a3e,1
a0719035629fbceaf9e74e2cc73d29bae776467b,1
36e3a866b0fa401f3153e3d7c9150a99e8058b5b,1
9bc64a35db2489f6f1f556d5df81cc4c6fbd82fd,1
8b43e2c8668f9f37d33f78ec6ba091fd339abbca,1
8f2f7e0cde05934d3e1a9f2f91d1e86f014c18ba,1
cc722f83d4fda33995c381aa516b1f0559843716,1
0a69b1341b954977bf4ea8df8f4a086403749ff6,1
a00a5532bcdf6edfd64c0cb3f1ee15f0aa4b5ec8,1
5467e0721f1f8f0c98b43f7f464c1883ebd74cf8,1
0e2f28c536369eaf80b87ccbee5e3c98148e6461,1
675bddf3c6f71757084b60030b3cd32e56fa5f1e,1
9d48c376d1d37615587fc5888052b9b4de1ef569,1
0649832520a8a166f2f91a15ffb4dd4f67994bdd,1
ff9e95ad86ff8aee23b513f15a9aab9aadf3e785,1
33a0dab64881b903ff424ca3c9a31f60357556d9,1
22d681dce96f9983170eb689bd8cf90ab23d729a,1
604716448aa91361fda9cda6a0d201aced3a1f87,1
d2fe1cdc2f948588e70d340914434dc0318f23ea,1
c772cc73e57952513f8de20b4fb2c83bab2e18f4,1
9a641d0e9c791a46147706bfc9f98c2c77447e64,1
d60ceb36f0b4bffc80f1f3dff019ab8ffdc43d89,1
71e9803a3a224feb52f35dd561b3ebb377f57921,1
336979c16f37ac1eb88736891193f70326ec4e59,1
d1d4741489c6b5f99b55a51fef0a3222e621b3b2,1
9b8ce4f4e91f4647ed2c853740a65c4234661037,1
928a8b67ecc974266740060dd02b3a592d2dc8f4,1
c49f74d6108ad68fefbe3551bfac9c021b14866b,1
78717d3f84b5e795f3d4e9ad3ac0c046ed767cd4,1
c5e44ef58f0c597eb00d0e7b7371353fbb2dd6ae,1
ac79a07a4acee038fd71cc41756c544a82b391b0,1
b6fe2554fa27ad5cc950776e762047e2c891c6fb,1
ab0e4b7e4bb5d69c888cda2a4cb104140c1435b7,1
33f7ab0f455d3ca2313255b8b5108b39cbb74f22,1
a023b24d146b9d58cc11fd39c1ca99ba7c37409e,1
c1f71ff8e64b3c712215a76150cd26995fc1d12f,1
3c656b70d9fd73e3410f45e2119dd6814c40319d,1
ac81d7ce632ed065008a9d55fca9200c5581a8d4,1
bc297e1b5bf591579732eca45b75844c02d83526,1
11757a71fdcff8e971ff26933c57331e9c1eab0b,1
c8d332925f8115af72515c2b571a1b0e134c220f,1
757bb6b5bc33204014fa6af30b5032b1899d481c,1
4f70e5015da225f55003858cbd4bd38ab93b38b1,1
96ca73aba901e5d8a4fcb82c68d53ce2d784d024,1
11b15d4cc3110b8c4d722230258293ab32eaa80f,1
38e58d72000f3eaf625e6e06cc6a511efdd1d910,1
322d6ca4ddb4a7ff99e24224033dafe27a82804c,1
9667a4f0266b4d54a41d576f786cd246cfc1e25c,1
15d64a887a893f6e6d9291bed9eb8952ba3ebd6f,1
ba9907675f2aee27f820bd368526082d577c010d,1
1db85a3b5ad49a16971d5f5a57d2e5f3bdd2023e,1
e7e366ca4512351156a98814916990595594fdd5,1
a3f08ad0a9784f6b04454be515bc647bca0946df,1
e96c7894ba23f3befd41f42bfee862c7a6e8afc5,1
26db445cb92d6d191cf0dcdf1392b03aefdb5490,1
ee2b20fcdb190de7ad971bf0124927dd2d83f0a1,1
53256865fa9b3737c95a204146e952467fd515cd,1
03887fa1a2030a50d8ffa4a9c08eff7cd5b8864a,1
c943064f602c77f391164c99bc41e563c7958694,1
3270cfe925528d0bc089ddc8b8a8f4692b49ceec,1
10d672e5036a8c550a65e030b0f57685a1a6e7bd,1
51dff9de25b6bfd3db04ce89bfca63602ad95c67,1
5df61acffa7c548d9cf9c626240c006c7cfdfe98,1
ae331ca9bb24227eda1335e0c2a559c81fd86720,1
8869bfdc08110ee6c62f33720254246de6b648db,1
2a52721ac5f204dd1d2400d370f483e75f421649,1
984cd13c88ee33ca17d0a7c3434e119feba1111c,1
84b258136ab88c4be843b75a99f101dd489ee710,1
14d8ab951de1ec40de92fb9c0d9e7ea1472f96ca,1
6f0b5ab3fe08805bda85b47281b2d94c7147663d,1
90f4b063e84187afcca8144607f088fbcf285edb,1
d9bff21d0c9516c3d63f889a90305f03a82b3f86,1
55b9b89f16f8404633907a297dfa3d3cdf4b7f3e,1
3b681664a1603725b221ef6d92836d9ded12bc22,1
ee4891a2d7647b1ebba5d39f5b21e9a8c88d85a0,1
cd33b8e4c64d448267246508fbf82863771b851a,1
2df3e8b1ddcfd5945b5aec6420108c470efa3df6,1
66cd3e92182ad45e65a3eb23131d4ab6d139aa3e,1
b15a2af5aec431061087286e4e2b68685da68796,1
03127d9edf56eca31d39c8b64138dba0b2fa15ca,1
6cf8a457fb8543ea2fb2eb33c421110592694195,1
4ece8f86b6d8a88d29d2e108fcf7607b76a4d4e7,1
bfa7b1b12cff508e0d227122e11c73901fcadf62,1
954edddd347ddd50c60f13610dede5cc67974ca9,1
90a630a75e21229f806d054bc8ac2de76021df50,1
394190b906a62cd2890e4b3a29689c3e74068a45,1
5bb2dc9fb13bcb986452d50e5dab5d02019896fe,1
6f5bf095ff6076545724f65dc2fbb6860929cf80,1
0ac79b90e8b8c7cc0eca5c7d61338738ca25f743,1
c5c010da08b70286a575cee9a9800ded85a445df,1
1700e6304aa44589ad1287608ba2ce7f63d57e7d,1
b8e6f8a611ff27a68d0a0f2c0def95fa6eb2f851,1
3a0b354db0d409c55b8bf52a89f35e4434ee702c,1
8a81df1518293489c4818b41dd04a3ca4b0cef1b,1
2889723e034b02f77027985862fd26d0f959080e,1
e7dc6469b385800102e085179952c2b5a17bd4bc,1
50b7eb3c0796bce3945cb1dd78dceaea127cef6c,1
ff9214d6b0f077d86fd8c4b416c9425e8fbbf306,1
ae5bde843d2ee2d3b629113461be78b21ab987ee,1
ed39c580bc861bcdcf0f0ed7795f9ac58aab3256,1
173a6ee5e69a4efd132459cf3a87af9e99c88f12,1
5c88a5241f0998613f51a43d24085cadf81266f3,1
3549159c479f5005f0ef462e424176df1349e8cd,1
b651855e3414291126354eeeea35295e2c5073ce,1
954c3649f90a1b04acd2fbbdc99e5da0ba056bb2,1
f537957d974750d1ad859037bbace096cbd75542,1
321edb482216067cb09ac59f70e8b15af42fde31,1
3a4f56e69798c9fb94f34f4b9a52d3be6bf4f213,1
c7a768baf3a76e7ab88b926535234f85f5b33f14,1
c083cc68c6160cf484e8dbbf20748d2d8c0bd906,1
9d085141bc2ea32f300db1177a096ffa8a0b321d,1
5f75392a14576bc1e32cfcac535bd366a0152a27,1
c73a86a9b6dbf04143298c390a1d64c983531259,1
a1e80e1d3b602a4104633b25b12784fc22c919c3,1
a6a9901d038a083722b70250e2dc3941018f4d14,1
9562d607a1babe3536b8b116b4cd8b0f0e28ddac,1
e1dad6be7d6f28c1579417db9870de6bd7efbb6f,1
573c860f8ab285692738317770da40096a5ff474,1
f0a4d0c3b2d92b6803eebd97d8bff94d086b6bcc,1
f524f1b81badc619fa432ccf6076cdaa6099ed96,1
e1d07c6b0ecf6eff9ec0be55a84f9ccb0121d027,1
c3fef28100cd87f0516c63a8b1115e9e78a1c1b9,1
e5b0bc0ba7debe86bb974a5343d059101ab161ce,1
df8dc6b3fefddc5cf475db7df1f073fdbfc7482c,1
3a72efa7506c65206542079cd4b8799c2c0a503e,1
39ad5736b07b5dee9c75ae46ecbb43a389cbadb7,1
ca1ded044a168900248578a15be437187a3874f1,1
827278c047eb9dd84a1165e3b30f6e7b1b67c86c,1
9646d227c4ce2ee085fb10dfde91239b5798d05b,1
8acb7f562cd98c1e2613c7fbc28ac1c816bbf0f8,1
1d531787b909cd02d0a9456ea2a6e17b8f5f806e,1
39bef405546f958b82e88310ae07a717341d087b,1
8afcc03fd4934b4b09adcd56963402a216d69f98,1
8109f95b4319f95d80e6285ae40883aa910e0713,1
fdc6766d485ae2eb790da0abec844f06a716d5a9,1
bf9e1c83c692f46ffb2770c1595c5dbe7efa1cf9,1
473a6fedba3a4418a613428c68e2a1ba87e85739,1
2f458524a21ab42ce8099af64a26e9ae87d9fba0,1
29126b68d388a23911e71cd2566d399212953e83,1
daee560a78e424a6816f662b0c465ae3c203649c,1
8336c3aa2ac03d42ce375adc1706cedcdcfcd3e4,1
44d57c7f116d01fdab805d1dac2e164aaeaa1158,1
89f7460bd4c6b18fbddb01e1e6dba7caf9a9bc66,1
2595cf4edcd83e17080e62c680266963a1b74d7f,1
9de99fc4aad991b17d1c13390beff5773ea16588,1
82c37860e18e347749747a0cb31d2c5e1289a670,1
b4543da6ea991a9ab8f07fcb6e71308ab6c8158c,1
8c738c7868438e0d57830331020e8b7d03901a5e,1
6da1eee2db793bf22be34985a1b8833f1bf9801a,1
b526c39bb82ee58350815e207eab0a13fdcdfced,1
33545615db552bb5463c4a0dcf6af36e201a7823,1
0b6f4c071457e344c643f20ab0eb9dc4caf51026,1
4295d8b29331d14bef29a807342a88a630234a3c,1
c6e1564a403daacb1bd22d0de1c123ea5687be90,1
ffe466f07ec395e737ed57c82ead68f4626c6b8f,1
756b5aca35c4771c81a59b259fcfd8c81582c6c2,1
44fd01d979b2364fb1862d6a09c6c545092c4c82,1
9f0c52d1c2d7c46c60caee232a0a480f4522136c,1
93df66153a1278203e2acf52812e6e5f6562533b,1
cca945e908789952148af81165ddd3d82659f219,1
2f117e1cb2bb7a752c46de4dbccc8fbd64eabf28,1
ab2717a0089d9a651be1ccecfdfb1386015d99e9,1
8c36d1611b32d52ed131ac19548983432daf0dd7,1
86d30191c615039841deead574b61c2cfd5eb0cb,1
348d2005a1408755b51509b6d264f73d3e0d0c21,1
7b0ac7c54ecca444c73150a6d1b43367e7ada3d6,1
f1b8c53852ec40077a0217f0a2325e7c172587ea,1
ab5be4946fa289739d547044b39a1320a53f013b,1
faae04bca893ece128c3aa9bf06771ff98ff440c,1
57b196b6a45cf2cd54c510b1506eea01e883d4b3,1
723dca209a5071d252e98e18b40d4b2a8d17c0a1,1
14bf1714b8f2658962967d49cc40eccd43b8748a,1
25df07ac8b2cfc34b3106447a6268a2f6d7a695e,1
678322a2cb4f7f975e26522735f88f49df318394,1
3f614dd80108c900ddf10c3010671644f0533b89,1
77fa41be8e9196bc891f5728375caa3ac7814fbf,1
bfbc4c062ed79ba94c50bef3e537974659c5e849,1
b06e6118827b949fecbac91f9e77b9aad5743116,1
faeb2d50026d0fc2bbd211cd6051c6272b03f27a,1
15066496ef425a4db74702a8287b08f692c19476,1
7c2eac8cdbd9048852ca151418cfe4236b24074f,1
e169a1ebc282a1b974e81adcf41378fb0a03baee,1
40f12db0f0645aae32d7fcd5c1211db0aff1e746,1
73c95c0905b9c6151d53409139e628261c64b9b8,1
9c62a07b3295eb110e1fced4e9859305021125e4,1
8c9c823c62adf708ff6ce91c634c0f762b80ffe8,1
dfd4fd21f269317091bd821866543e11d8188da2,1
b8af07198319e87fd11ab28439e12f1bdb69c92f,1
e2e9f67e57998a78f1ba6e5209cc76953c7645ea,1
5f30953c702df2540104c5c69f89b4574f518a01,1
6d4869c213a4319dc08004bfba8ebfc4bd2a2012,1
d3b7c41aa236d8151a5b23c4b195b9a6b6c429d2,1
79f91326245b0c990ec15b289af33345526227b1,1
f6573d5c92ad6dcacb5bbf2d0000c7715a9325a2,1
4ea1c27727bc63e742d050537bfea0dfb53943a2,1
dcad98c88a0acaab2eb8488f3d38e96213d8dc65,1
54e19a87716301c436ba7fb2425ba48fb0493300,1
f700cbe2666d61d3f46ce5cbd118281d35d49f4d,1
8b9ed352d57bdd44928ebc6bb0a7e6d9669098b9,1
7401f92341282785a657bfe3aaff3340c2c0bcf8,1
d4741f2566a0cb774c76d7622d5929daa1e94d60,1
6de45456e862212a29b53d6a90c76fc51dec784b,1
ed516449e4696d5aef2825955a33b836b1c2f11f,1
9f8b0e022dec772a6e81736f4d0d65c81914e1dd,1
6c8c42f764600aa30457336196e69b00ab008055,1
1e6574f663ec172f80d745604089dc927ca34517,1
ad107ca5b1808fb3d8ca9832b7c8179e48c35f1e,1
e4eff53782d0b25fe604298413a3c1e604148fdd,1
26fd240ce5a3ddd1e2d0b82c60a608d3df50622c,1
e33d9a1f85900b5d7dcfe205923399fb289a7af7,1
c8b19ce503d2f8487f12d09846dfa41982c86e32,1
3e6ee0193b39568c1281c012cc09dd6a48bf2af7,1
66dd4f71c78f9a2767ae982377d8a6dd01c126a4,1
5b2e71e8e7f02bdd94c99d447c5d559bb56d7d17,1
6b32beac6c5e8a1e57505347572f7239530154c8,1
95cdb3ac623fd933c0cc051f536c18d73894220d,1
89294a1cd23c85c466bad3f34221169c6d94f7d9,1
ba3283f8e84a5b12cb67244a4c5a217287693954,1
f751ec7a7a4273891c34c91d20ea6644637a62f0,1
312fa2c44bd9e41ab677f02396822b8260c493c2,1
08d6b95b712becf1a382ca2a9fd3c97bdf98f966,1
e25e72aa5b78effc80bcf5304e6b0cbe8242170b,1
8740e852d5be174df1f46298bdda47c89f45fab8,1
20ec5b857ca8adcec922b01278dfcc973eddcac9,1
e1e3767f515101706a30bdb544a380f5d02f6b8b,1
fca1f13a602438c8bb5b22b72656c29e3d42e316,1
7e3350bd3b6aee2d6b79fb9b85080be6b2c6cd27,1
2f89fc8736a73896f6d0293aebb297cbfb9f15bf,1
fc638c29a88ba26a08ac317403fb4aab7fce3e6d,1
b9871b66c5894b8c8eba81ee86632e645e7a8acf,1
4e3a14e06feb484237fcb83294400292a15abb53,1
d3a81813aaf7db0ee0489762f241e976d7f7a8a0,1
9b942ac1be8c2d34dc96777349b4b9ee08dfc537,1
8075d71baeb142ce39927e4543763fe2004f8130,1
e0c44151b6fc248ffc20aa5d6e9431ce84367b0d,1
1910b969448ad7e6d2973cad8221db77012775db,1
1e8909f0917eff1ff8502962a9796bd7fe71e0d9,1
5898474ab5085e19c41abb035adde9eb2e091c55,1
a979b5fe5ef5ca5b89a9ffbcb151aadf0bf563f6,1
88676fe5b817bd04a36f75246b95a13cf16a6da6,1
60ced40bcf9555307570547850b602a30a1bd13a,1
0827c2e5025ed9ea9a136fbab74962fd484e8151,1
c00be91ed5096ca338556b2b43dcebd8d0f8193a,1
25af9914ada4a5971f48876cb3a0916b2319527f,1
f5a5710e983cd28c0f69c71645f96485ee40fa99,1
17e77d5496d0e47594cefac6bf5372113e06ec9f,1
3cf4845864726c23cb7bbda48cb9564fc8cf8eef,1
7f2b4db7e8b4226d4911aa5840f2142a268938b6,1
7077bfdeeea03fe772bcd746161c9aacf2eec5e7,1
61215218cc8de3230c87bc2c6177dcc31045ce34,1
f327641c31213583e758acc2b5f73f33982a04ae,1
d0a3034df7417f4cd8c0e6206656a8714e21b068,1
bcdb5155a028bc00d11958e2962a094acc45ff18,1
e49eb05fa650e8e956268c59374d8195322b972b,1
2375cd5075cc672d353de6decdb5869829a4273c,1
a542d4aae49e42f2b0224be0e4454f0148a5138a,1
d392c22e2332c8e12ec86e2d3563f3024dd7316b,1
829e22d629e6ea2b29c5caf8d9123b9ea7db96bd,1
8a422810b733ad0c6232110eebdc4912f43179fc,1
00014e39b5df5f80df56f18a0a049d1cc6de430a,1
0ab606754035a21fd9b96dacbee20479ba44ca04,1
fdb749f57906e42c03d7c339be1f10f57c99bdce,1
9bc8c224761c4234654ef3ddebe58d4a20e10453,1
0d9b3f05e45e4c7aa6a89dcb7bbfaf1d83713919,1
31892c945d4ef6ff5d284691ad0117417058e870,1
762844393c71492b65d28fbfd472f87b767cd04f,1
037136512660ddaa461f275e0b1a8115374696a9,1
c720b68ae0f18705a7f0a5d0b9fa878d4f2040f2,1
e043349670d5d82e5eae7e87757f3aa3a20f2838,1
d55d95c77e66654944dc3dd04c8af30fe4a45725,1
fea0680d0a6575cbf362aa1753b75dd98818e8a9,1
40751f50494f9022545bc4261b75af2b0ba71bbc,1
87e442f28f827686143d506a4b420b309f2e6db4,1
6f6f4dd965c3c075edc44c66a2f5184499d2a49c,1
9a1188ac62cab2f1bb736ae325d8aa31d88c97d7,1
3265806625193ff571f01365349d550d5ac47ad0,1
6e9085d5807040856e23015726ed05255610129b,1
3bd8cb2d2f0dfe61575a84f8ca5842b7325b71a8,1
aa289eb2eda4d9fb14cc1b2eedcaad4b03ef34e6,1
cf2e8cc30f4c2215a11649c5e9ba36b794ee698f,1
1e7ae9d9198896114afaae732ca83dbdce154a7b,1
f018d49132a5a0e8bf6d2ad4166ff502baa8a68e,1
e83b919aa47175a2f2b7b3c2e1cb555e435a5e29,1
8c51ab8dcf7031ec5f8860ae6785605a8aed5b4e,1
4c0fe5ab2626e0f9f1bfbdbcdc87312020164a9c,1
6c4a083af385f1e546ce265165f12fb2a18c9350,1
e8649b4c15cd875d089a0322eef688f5ce9b7f58,1
8ac88b5130f8698176debf596d2a463d3721107d,1
21714412a7b969b604723b7d4e1770eb1b34242f,1
3fc25f5e8e352163c6726af12f0f1db4be53b147,1
1205c8776925034ba02908d35432d18c985b4c6e,1
31808b3fde73efbfca40eb768db963076d2410bd,1
df1b2d69ebb658ee735bbd61de7516fcf6f69e00,1
7c83cf173daf8f77176b4ec7cd031d57078bc668,1
3f8b2198451b1b52d57549c6782cf9ae0595a383,1
483c72b88a81dc3f29a67e547d63398d7497e558,1
c4ecdbe1b04cc8f800c64baaee50f174f1ab4ec6,1
978829a54c3610f80cbf34b250df75c2d7bf4028,1
5b1046acccb87ae4b24eac64ffc00a5deb784e73,1
6b9a216cef54782b1328fea9512d44f664a41ca6,1
8f235e08590b66f2f799d34de07e425baabc83c5,1
fd18ecdcc138fc3751e86c1f8737f26277d97b4e,1
695247e851504f0044d095c6613f9c01b6167923,1
911458a392591c9ac9514a0657a166538fa34c3c,1
17a60799677e70d47043b635e3ed17e09f22444a,1
5329c3dd65f6f38c9ad4a5d59186361d2fb800c6,1
ec50197f7080fbd365041af2b2599a46797bb526,1
2b5c3fb26b68361f06d1c9107187a656976b96f4,1
210a734fc466f77d2bc1dcf06958367d5d86f2bf,1
c8639beb94e550d2793f0d69b85b504148552c87,1
2cfcf96b8dd1c683a263610dc15ac88a8828e0e5,1
ca791d6aa79859d57ee52c66e5330ee40b1f882f,1
c8c6a0cfe891c48d274b59ee3b71979a320414b6,1
3ec03905f50c49a2a0b62765b50a3bec3b0ebdcd,1
19f75e449e09445292206e820dfa1927b69fd8d9,1
8d462f09eaa519e49c97533dfd867d4af3f87e09,1
4e7d463529ff9c28a085d1e191dc747ef6880ea7,1
9e301094fd6a0c66a26f843127b1ac7894c88107,1
95402f92431cc6d67155c82ef6c9a81bb6e17f01,1
ab2d24450ca34f0345fad26aaa9aadbfa747fe1f,1
c8147c56ac437523e170b50a02d3ffa4b30bd5c5,1
67306e529061af3098041e9663ad341a7c274a9e,1
2c6744c68d8dba4fb892d15050a469f8b068042e,1
6e6a629f7265f9f8e14521eb442e5ee49ad97e17,1
9115102c6caa06ca841a21382178b465e851b742,1
84402ba1b12fa325714084544b89e13899f2b2c7,1
fdca229034f6f4901ce64f253a7fc498e3f238eb,1
be3527da6f6c3bbc5c1c1926db3bb470ab18e816,1
085da3102f41077f7a7f0033bd6218632116ad83,1
02e3e011fa5b2720665df5c38c0c71f1ece0f8bd,1
0da9079b20dfb27b594c857fe8c072d027c7eae2,1
d6b4acf20b5c6061a737c82a3a6db79f49220bb0,1
c6a184df1500f1355e645b31f1e913188df21202,1
fc12427824fdd74b65161977c15b4a4b482f0876,1
aefbc27fa59f43914bed566281a6187e6e3e351c,1
c2bb69138bd2496f325fa20f53868903bae0dc75,1
afdc77def45522dc1659df919f613cd38f5ccb9b,1
47bc5bcbe664b019842154eb879d438a29cc6356,1
8c409dc0ad87377d2f34beb3663e48183f100389,1
67797b9f0320898604aef771ec98237f032dcd68,1
f1a7edb00195c7d87956ca3ed176a6124f050a8d,1
3b4aa518ff8731ad96a48d7e6def52d413794b72,1
435c8b64314016cacf7f947560fb341d9c1bbc8b,1
7f0ad5af7a7001b1eead884af783142a0263a5b0,1
bc51b5d5b09bf005bd66c3f1e2fc8acb3417daf5,1
f8853c740d1b6894797629a35f9d14623cb88229,1
9404fdb80b13d82b61372266120446c69fa76e80,1
fad9fb9673d2374d69738a872732f1610e19d25e,1
d2113a7255785e181bc5d11ef39acb512b3609e6,1
b277951f289b4c7acdce5b4a26b1e346224386a1,1
170436f704181dd0f5da67a09cf31430f07c16f0,1
389740244a3bdd9f5d3e0a235eab4add16856ca9,1
03c4cbfd5048ead2fc9a17aa1a48bc689cc08822,1
54ea5841c7311a32196d02957261ae3f9c93c8fb,1
1bcfec3482303f96be1aa60ea815507ccfee0210,1
33f8ccc196d9e35bef6389b47921dc41d9736dd1,1
6203690c2690ed35123c50ecff4e1a7c76f204c1,1
ff5bc900d58d49ed070529605f8837cba4e8a69e,1
0338d6d4a4b036211eb98775b2a3638c118df33a,1
359aaf599868392011a514abf4e073706bdb8a49,1
7d12eccfdfe3ef2f41b4e4bbd58f380e09fd1053,1
fae69098e481b08cd7a1f4668e22a963f9213912,1
44d9854741904388ad7fbc7429cc66cde4579e9b,1
b0bea0da39b9a46a31dc2db9a73e42967f8761f1,1
4343a3fd7a029e8f1057e035e110fffa3170f9b2,1
16b104571bb3521e8eb0fc9c8d21fdfb5d2da287,1
f738843117984159c779f9a6e0d1c923a87c93f0,1
c964ccb67c0df5d2f674214993400540d3ff3a66,1
296f01075ce15265821aeff46518d73ac3f3fa0a,1
fee03fac9bf167e416969a2a43ffaf6ad4a3e185,1
214db869ba54ead35396bc142c7545ee3a534f07,1
77c82ae5b417189b9941f045fd3abe22c3f13121,1
b3ce4da1e699cc51c35a25c3487efc40e141d7d3,1
2970ebffae8cebfa52e1b7b57ddb330face73b15,1
c2ee399f25eb86a2c1cb0de94451a5fc440f65a2,1
e32225fa083684e67f3ed538cc371a3b0d4ee918,1
6fa1176717589040acf7f2e1c5d96a50565a02d7,1
40c9cb8cdfa80afc69bfd17894385b9508166241,1
7a1b0e41ae94fef1573e82180419c20be5b93eba,1
fc7c6209e8be755dafb1ac040a8b743826c3ce42,1
48aa9acc4811dc85442774555e2bcab719ade7ae,1
15b67fa4007b841330ad8e3d8dd439c1c78251cd,1
748c35a57a620ece4e55f341b0f7dd9440931eb1,1
f56b86fc2c86769264d69f755d607c5a691a9e24,1
501c45d0c743e3c05cae3d8a678ad298cfbcb017,1
b1ccf165260d1ab8d92c8c65c5c44b6f21e81d73,1
7dbd82fd638986abc4c28f251a0dd62395612411,1
c8d087e5ac0c4726b36d2271f9a5352c171eedbb,1
3ffc1791fce348a1c58ce3d4680bc7f36a43735d,1
acf11cff27e392c93fa9d9eb172228d4028396d4,1
3cf2227ed5b0c005cbdd89ec58aca58ffcfb01b3,1
4f3d2df9689764d1ddff5a5b83170b7457edf974,1
00a49d1618311c9f55fe31106b252e675b6aac5c,1
0b266b0794520b9cc0a4895c36ac88994e649168,1
76b0456915620b86d178bf72d8403db45df63581,1
c539238aa50040240cc43f260a33cff25354e771,1
0235220aeb927720ad01ca86fc40de9d2110bfb6,1
1987d11b32536a83c913cd2e13e5cdc0a3994023,1
cfc7ded0c6316df7805917077651b75eaf00e9b4,1
e41b32f2cd068a6676dac4d6d06001ed9f3f31fd,1
8b081d83c0ac189a26bbb47ce5410bbc1171b02e,1
46c6a861ef6229636bdbfd04ddd6ffaa8ffa740e,1
7e6118eb7bfa103f62cb05184467d3d34a206b15,1
c8a3c006dfa823f93bc47d4edc5a257126e1c1f2,1
340db88b28602e6eb3256790c659a9e2c6c90c26,1
a5b38657549b42d5654c621fc9c69b1595f63a09,1
3fba8c1c38f126e45469cfe5e2d2892c386a7eb8,1
e55609dec359b74be5722b9814f5678a8df31e80,1
4a655f3673e670a51d0b52c4504fb19637f329e4,1
c1762eb336b30a699951a2721542eddd7903c0e8,1
6876ad534d65912f3af0b029a599977017f51130,1
7db18b514cd0449fc0d79f091a67fe3fd6b764a4,1
dc4a9d8621e890495f923de07fe87f497433a315,1
803e996b3f7ffc9e76d63497575fa1b57f5c2db4,1
9885ae6b77d4b7819ff5d79678c885ee39fdad46,1
a5e4b0f21f76b19cf51112fe0e0975246f5947f9,1
1d6484b9f06c9b5e07c01b4a9a74bb8f523c8681,1
fa115c992aa1b251537e8448c072bb50ca551b6f,1
66ab71090c499019ca786d8b3604200f2a4ca970,1
0e10e74259e191c54b06629395844df9b839fab7,1
2e66fe4c9815283ac7c259e5536ceae9cd041f62,1
d7f9223ece02532813c64911d0ccbbe55c26d715,1
0bdb69da3f2397e16f90396311e5c08c738f99a7,1
9986d5e8b85c1b773cb6dbe5f17f631c06c97cec,1
976311d6efd4bf9fa3523941787ffcf9e886a2d1,1
7df20f560515f7d1c3eb049324c3356c1cb58ae0,1
f8445b2181d5cc9eaf5ce09431d3e182ed5d8edc,1
d742b82a9dd4330984e5c0d3e8dfc61339e825df,1
84b04107422b2d6b8243cd7a0e6e73d159d23fb2,1
e02fc32508884a3c52d597d05c20928f0a439d6d,1
a964dfd1026f85c12f0e027ae6ca9e7acca3b7c5,1
1c461266613657382a0dba2ebd618fb904775f84,1
71398ef75ea45806a2ca9524c0a4a14a674c1249,1
5a240aae79523da4fdb722e194b99827292b3050,1
7747a2d5e3838ceed59d6498695ad2ccc0c840b2,1
6cafbf3ddaf0a20671867bf6a58894913eaf8e4a,1
9f3fee043644c1ebd43340649b152c9ebb4bb90d,1
74190001a168173f443c46ff58fd8c233d8abcb8,1
d866608b896e7d00daf37ebb9715a6e8235f79d4,1
65810f221dc7af5338b0d6ff7c847b4c22c8aca0,1
3db4e8feb680fada19a7d9eb8629889dafb615b7,1
0c4405e2546eeffe3d8ddf760aa6aa324bcbaa84,1
ee136302723f5e82cf0119527d8e76229b93a89e,1
b7b4396c2c22eccbbc786cb6a05b62df47f55bf5,1
f58224a2012a7d4d36de2c0db120c0a9e4bdbe44,1
d0e837f767278d349288ce4c529d087a279a153a,1
59b470291335a3e7ba9d2feaf33f101238402f7b,1
889fca6015085552842742defa84e6f27e2caaa5,1
11d6fd1f5e6ddb8fb487d63b9b9116523051d58f,1
cbf425e6eda2f3a5950ca373e0a707699e886f0a,1
f2daf513287d9ace16a628f5c849129ec6855943,1
b4426658c5fbbb50c4121f2d1fdd30c27d124a99,1
f7a3828421666b85e992e2852d570e9b621c5874,1
c2eaccafe719086ab3c79b443b81c06e77201a55,1
17d462d7cb3ef044847797341ad9f3b8a863dfb2,1
746955849dd2f019bac083e5d22c29ecec8b152c,1
5685e1508c330594dde7c6bf5c65f54f2c67c194,1
1193cd92373adade0b037a03a8094097ee1f60f0,1
ab7d627de5a80e7d86f2357df5600fdf231d3aea,1
cfa85e41fa781ee4864f5f46c4f4fe75692c728f,1
5b891b55abb5449e1089d492f52459b25ee0eeae,1
ebe31c068fd6262768d96f97ce52af531adb6bff,1
9d9cefb799630fc7d55e3e7080e8683050bdcd2c,1
3c036fae986917aa53e03473d3c80f89d7eecd68,1
9bb477bde84e7f0bbc96e208a494d7af0ee9a999,1
6572f2da35f45bc62207fc913ac636656d4a24c4,1
f6a4e220320b20d9a8abfb5f86be4b811e1c455f,1
bc859af23df8316dd0b2b007c5a92bd45acdb381,1
58b4c179d38e55002a9311fa1d56bc08685ba6d1,1
4522dd85ae850ec3348225f909e1ae8eef1266f6,1
d2bd8ef56fc3501045b942256deca9ec3470679e,1
b67f68356cfca1900ad59f0e089ad58863da10ca,1
2f4637dd50cd7650e9b944e441e26760396af70b,1
cdbb228c4872531fb8a230a4cde18a47874f6d01,1
5dda2420b8a67dd269ec53df08ba2f3115e2ceb3,1
ccba19c549990ccc4c559dcc9301c474b095a31e,1
9a6a6ee5940b92621dbf8d0a6b99a4d040a4d9e8,1
33807a50d98bbd67fdc5bb0164b7eb9982654beb,1
1009119df1133fe512d140e6bfe8bc99586bdf38,1
e2d18353841e165b9695830639e03286454343f2,1
a9709f34eea745e1526f95f39ad7807ea23db500,1
2fde3f114976d6c17ad7686bcfd81b8391811c5c,1
0a37575eef3b6aaa06dc9124b6e4002fd130abf6,1
9457c8d0707e9f4fa9ceec7ee366ebbe2dda99aa,1
2a1155cea24791edc508f5a35a44e1f2f0fd7ba6,1
af1f1dc194c6db4e17b96937cdece51e824295a7,1
da1f1642e682a1b3b4af08c68d2f532dd4716c73,1
33f0b9bd766d0fde4c7accc0be6f483b6e2942af,1
36712303cf5d6afa3f23cd572705dbd266bb6946,1
15540bfda5a635f5014cbe823ce3f8d92ebe9e59,1
a5e3856e954a2c0667145b29f5a59c9eda68593b,1
2a3e703d6c7619f87204dd1f18e2a5aa67619a7a,1
183817abbe08430204780d72da98ffee0555c57d,1
2caada268aa2019248701b70c943c24aa8a1840b,1
82b20a166db9208b94c6d27666e42385ea206f69,1
22b170146653b79a2390c1dcf6b906d3cc9d20fe,1
27c96ec9ccdddcc2524aa6a38092ac5c3491b886,1
cc8cd7f9e8406f43b32e66acb4986a7e24d5af9d,1
c81e1d2f6ec17f5511bbefd8266da8617ca0e949,1
cc5aed026d17ff9b59fa8d1857b5cdef76626a5c,1
cf10a2128575effbe508746df1742e33ad64bb68,1
e8f1d8a38af8dd6fcd560af40a537b72761f4ef4,1
57dfef0e9a066594a2c74094acf11b6dcbd202d8,1
dd7e32781319f93277875b33568c7933c3016fc6,1
627603b3be7daaf51b915996b8efd4bf7be235f9,1
4764df416a550c4a58aafc2b034678be42aeb36d,1
dde28ed55b3bfa14f007efa502ba82e8c84c402c,1
66e7f8d094fb976c021e3a2d95ffdb4a82dbbeb9,1
465b9a7573185d57b143728720e2e7b9db6adc7c,1
59d6603f34b2b1fe0e992f317703ee0bcac49c8b,1
99723d5bdac88282350681eb701da9ded45fe20a,1
fc641d06ae50d3afd0a194e90f9156d62a47a438,1
252c30cf21ad05821958baa37e97d25628c52d22,1
00b4334f8ff79686899498dbd33f6633274010d4,1
f3a39e6ab6ef64912bbccd561ad99fc5bff92f10,1
cf8076828ab540a9f46f8e2a94fbad0689abd593,1
fc3497307406c682eabc11a61b098e3ad272d01e,1
2e77f5b8bdcf7066a672fa94f30b24548c1d57e6,1
ae45f4da0cb7974273aee5e7ffd5a724d7289aee,1
3494e27d259bf0837da79f2272713158736502db,1
2c0cd91924da0c8644110725aef828fa1086d238,1
ca9fd7a39dff49e60a91410565c31602400b184e,1
ad4a638ecd15f458b48b82c1f7dcfe7a47682d94,1
c4f160bbf03b766cfa5dd8687ccc65bc26d3c860,1
1fe02f13d82f58a9d83d09ed0646c055bde6b541,1
8b5f1249244134365e2ef9c9fff33306e96bbeec,1
a634750fb32bc7ebcc3293aac815cee7d21ca69f,1
c0d84a849a8f04683dfde8f7a6676020477821f1,1
ecad1c06c66c6fe1510fb0dc9aa8f73a7ff4af01,1
6cf3cd1f686a131c299cc7efc93d04c5e72953bb,1
8a1cde386976cefe9d55005aadf75fd002415e02,1
a0f6b0121965c5d40fb0937fab5dbbc24bd51b78,1
ec22c10c7e3da8bd00a173ecd9138af3ee844d3a,1
0a4c576706626061798e64c5a50d858007ceb8be,1
2b7c77619f7edf64dbd4b7d097d7fe934c34d8e5,1
00addc9e2eba5f431d9db2b92fa8fbbf1187eed8,1
ffdbd4ea060b4aa6c0114a3cf1678e03c0463cf1,1
4df03a013316179d1f1a598875d8b15157dec3ad,1
b9c0780532a458b6dce39244b818bc66bf06b3f1,1
cba65a2f43476a5cd2a519f99d25b8156aac7d5c,1
a40e23be206126b31e98861518656c2f9094763d,1
ab6bb25668098cb83e8dee6447f8359517ed9b03,1
450a091e47271015240641b37a719aff9b6d2af5,1
b2ceaa1d67517b7a1b78b818719f4433a3954d16,1
c252192c6526cd0ccf10b18cd9e1af75a114c278,1
3dfaf565f5c0839fc4806247fcf4285062ae8e84,1
3194fee950d76b886568276e70f1e798406a26aa,1
5c102a4d4eb9f18243a680e6e6facb0d0a5f95f3,1
2f8b3f905cd85cdb482ed754c803ca64b0422047,1
81d35f133e57c9b5a20b522f379281624ae5f3b5,1
12e18f750d89fd789e1cc69f864226331150f112,1
64a1cb45a2ec39a3c4098f4d00c2df3cfb73c906,1
1eb967c706f25f33cfe7d00da2e2d95ba346d29d,1
37f599a09406412c750514028995ba0f14fa8466,1
3a8828c7028c939acdde4f36109ffe23598f0e71,1
98171d9c8683162d4f26e01d2b126b42af48de82,1
695ba0e486eedb70121c12ce1121fadbb9ea6307,1
1c57a9776bc3dccf0b888e2ec69f7ba48c022cf0,1
e425708deaa69cbcf567c2aa120eabcb55501ee2,1
99623d5fb4bda9bf2e874c3e356b02e6e3e8fe22,1
4df4a415407fdf2daa4bcb6328f76da193bbdce4,1
7bf758cdc78eae88f5b2d568d4fa0864bc9286d7,1
375fe32b06637f257725de975bcfcc6e67878547,1
ead991a6e92224fe344d1b5e6eaeeee2b0159d93,1
1e708f0dba96f699d4c2c176555aff6ad97a60f9,1
c39df54fe696911b5b392ded6641c4b024d8c385,1
b745f8803193da1479403b13028db24463ba00b4,1
6bde61a830ace320e0e6a73ae7d0198dca343dc2,1
407a984b015c58c7c977ac392978b584059d35ae,1
e80f7ee068529eb2701a0cf69c2672cdf4e3f892,1
d8c17b85a5ce53500ee63fbf6b36513f1d13b1da,1
fe7010c2f25dcd95ff18433be1e8a42f2c89d31f,1
f9398a6059f6cd5e854713ddbd73b76de4aa4360,1
765adaf2820a73e2643f873c874f3692e07cf888,1
491b49ada952d0858f952a10445095b107f82642,1
452a87607fe0572d4907efa017c9161b81e3132d,1
707e6d8c9f2c2e1de4a529b534c87724abb4aef2,1
59ddb42326eac04046a31f8703495ffee63723eb,1
e9556cc91cc075c4388e156f850e3edda3df8f2f,1
2398abd1bb64ec8633054bc9c8d577baaf9553dc,1
721d99b5823f33bd4c3e03b389da103d9d334d47,1
0a537513ffa32c4ab24f4df4d4d623aa6ba47228,1
d7eefbfbcacef97eadbfbe675d98491fa809b5d5,1
b47e617a8833db3198e0e4c7aec60fad2b9cb239,1
45413858d65e2a50b1ba2e02a3b2ceb1571441fd,1
0e7ae0d47ca1e78f8bb358315ca214f7d72c5478,1
6652eb9325709732aa0f261677a2266bb0f42232,1
843fc232e18b1f21dec9cac3c25ff41a4154cd11,1
39deab631f8d9487df6d0d952332d9c596d9f670,1
5e7717568b25f7209d5664e8e400bc9482f91a0d,1
fe5c683864320f9b9c62836f5083ed3110b6f8a3,1
f1c497baac8994ad5f9c3897ad03bc9b4d602329,1
e654c4fedb01b2aae77c2b0f4104cabf4720b6eb,1
d2a5fa72de7dbe4c9c830d3896c90212ac522222,1
c80cf7c04d183d76b16fb27c0571a24904877ddc,1
d897bb07f354766a19ea3b1d31acf97b7ce5e59b,1
e63cfcbc57e20d8a1884a5711095039a3ca2af7c,1
7feb70bc23b03a5842131b9391b8bc5ef90fb4b4,1
51db8dca41e0c27781cb37dbe2956a0328d9ac61,1
83a14aa9a60e4def439d2b702e0f599ba0789f76,1
6363bebe7f544fe66f13ca18fe5efbb4d47ba5c5,1
96745b8852988ecb54df067f7386b88df346e60f,1
0189827e84141de24e92cdab001e31e7e668239b,1
f0bd577437932f0e7b9c9a20197af05059242597,1
0cc7ba165857a533db9450a0e13408c091aac4c8,1
b28d8ae020e043e1c29c37872e933cb9dd93342a,1
51dac5e88a9fa1cb79e22d7ce3e757bedeeddfb5,1
046f30bbb240093dd7932f57ac0e29f6023bef9f,1
a8db115e7b4afc4db48f1db7ee37e8b22a56ff5b,1
b58cfb050cd1cb598ef4ce6c2fe47f7003f1e705,1
4ac63d8f67349a949d6d1c5d885d7b38e6098da1,1
7cbd37a7320074636ebc071b4bb8fade45806039,1
7409326b59b7795abc9322f036ab9c1933003cc6,1
00b8f9c608d023285fc7aa8ae57b901adc8d48b5,1
c69e0f337682ae192d2cc0aeff8ba11a189e6d38,1
49f7cc21570cc8daff7032009eac7095ac3061d7,1
4a18c46d11b4e522b73d6339335fe19dbbf1515f,1
ab5fb791240e248ba013c761648affb6dd70fd66,1
6e764c3290295d9342c4f3e30f6bc07c8473c2cc,1
232475b86d805fe75cc0e59c774c483c03f74d9c,1
6486e0d259d96aa228b2a33a4cbabfeac43aa3f5,1
1dd4344888a8fb0ebe1e1f30d5b6f6642345f9bb,1
6429bd93611227cb2a71f8210f1c7cba5bfbd5c1,1
5de295ccdf328c98dda6108ff58514fa988dfe3e,1
452f5578113bc917af59ad4f401891170e220b77,1
e3628cf4f077a72aeb7f267bed764438305c9b2a,1
49adaa7a4de568cc05e95c8e813840c81409c49f,1
c58c61dfea53677226d84062386d5c62208dd3b7,1
dbbd54dfef9c154775d22975bb78a3d224244074,1
1d91486d8ba2ff2dcaf6966b512b0dc93a8b928b,1
25d3632047aa02ade671c0b56832ae8a983f978e,1
e8c16a2801c21c1fc3b34ecba183c8a3310bbdbf,1
d93eb33c82f87c86bfb2a64afc96e85650eb9c99,1
959358bd7e0831e59b219a8a623b524540dd4844,1
6327fc136dfdccdc11e43a777d608a121f3bdb0a,1
80312402486fb27f72d6fbcac7601e78cc2c8db4,1
922b34b76b3cdd59883a975b8028c14021adbd7e,1
4928bbcd41e7432317f08620a8771bb8161469cc,1
a2130cfa604ed9e3d5004f48eb4adb3f4687e488,1
7a559e13b87ce18e3949c8a55aafd2e756ba0546,1
27d1b2c60b3dfaddc99d43d5d8ea05c437bd2c4e,1
51af5f651cd0858ee545f7d5fdf3e349d0cae32a,1
491ffff96e0345906617a8dc1360c09d9659e9d5,1
d3f58a40920974f161992e30419f6331c0754334,1
3bd44164898fe14214ded9b63f288f68e0926c6a,1
5489964c00e6e2311cc5c29590dee109d06d0907,1
b963984178217826131a3001408b0ceb67e2fd13,1
8db4e3cfb84d293884de6600e0b28364aa4cf086,1
aed33920dac44b9cc403939d880fe66922e4038e,1
f4cf65e2d6444fd89aa153e653f286cd4cccddd2,1
d320d6c84c921db2680161395f0539cb2db0e150,1
60d2619a227640d1c4230709b666b9e72eb30358,1
c01887e06da19a478b7cd2b6e3952d50b61e0837,1
8b0d8858e6a9287f630592749efd4096d4e9792e,1
82ab01a968282e17d74d41537986f2771af89c4d,1
19d1714e07c7991405b9bb27e6aa138815472bcc,1
39efe0e6d1af0103696336d196203940b5223fd2,1
8cd6f97fd84cb4091f4092e9767a268ac7331762,1
92ae53491c8d1094b53482c9271eceaf06a8c098,1
bb3249c171406098c65182b99209f74a02946e2e,1
e799cd2c48a80a920de1a792a7c42b3d6c08dd23,1
848b1908a998b8dda65aefc0637085d36f55cf73,1
289d52142e09f77857d73465c1128b0682b0cff0,1
dfc9eaffe029cfbd09fab7b72df9e749b1903687,1
04c3638ca46f0c6810f7a1de0df7275a64caf8ee,1
747551906829e1c18ae9d98ddfd74b412fdda8cd,1
c6a730b3880aea587ce24c764d990090f3ed0617,1
e5b1acf6935b218c4a901d2d845503e6322c4c6a,1
cdee2a3b330b7ad38ae623309c309008c9c8f1d0,1
eb5e5b3c60c0e7ee0b329ec2d6b941d289ffa6ab,1
2b060c24b18567fff792258e809e31d92565f520,1
d7e9babe017cfca937dd7dfdc27a2403e81bdcb0,1
eee25b2cff9c0d34fe527367514e0c2197954678,1
ca0f6c3dc47ff8592a14a0d309ef5bb72d2841ed,1
2e2ed1d8dbe7c89654c2be0538ce765f84370215,1
85e772392cd9044cab0ccc063b614e7eebfc8df0,1
576b651faae9599085cbab76860dca9f1324a486,1
8215e8d3419593d14ef04172895289e5c6d60bac,1
1f578fc8318c9cb6d6072a8733f018df98fce42d,1
25930855aaea2a3ef3adc520cb68b66e117bff5c,1
2e03170d2c731ae3fc55126d0d6409eb4de4cf33,1
a7c0dff2be032a8b151b186686cfb6713088efbe,1
a57103fe99a87696ff11e302a40ee3c1b4f1d005,1
bb2a13cfd40e7f92d90febf182e848ef9ddb4a32,1
ede87a92bdb85f121fde959974e4d8246596d9eb,1
d5768eb9f6e6779c2ed66821e7da3d1fd9348628,1
8f929d8e19fe5d6936478131b6270a96735b702e,1
f096cd8b84a0e7c07b9b51ff643742daf97942a4,1
a5ee961e0756fa239091ac03826f8b39d7a3d088,1
625e7b1c41cb0de5fbc7e6f6554dc56888b7565c,1
9a27202f9f2943754d8e141186b3579a017153d0,1
273d0d3c43353c48cc1df22b3eec2480a71b95df,1
b3099d169af70ad892de3eb7447482c0bdb1aaf0,1
a635d8ac8eca1bf3130f0ab655a9929e26f9d6ca,1
f463b0aaf4584c1531dfd938bb82b5d30127c2b3,1
71d2a5e5b008ad03006d8b9a7a5a10cb62f069b8,1
3263be30b9d30be875f2d012bd41cb6ed5070ccf,1
dccc17e20920a2372e2f280608065036dcb24767,1
27d80546a2e3f7c6680393d1f983f7d0355edf73,1
9454010f87acb14f68b5e0607b2712e7425a47ce,1
04d2523b01e639aaf064e70e6632d264890fe7ce,1
5b17a03f33ac6608cd79e940b894a53978e5c34a,1
8b578b2ab69bd15f2e8a2135bb7fd3ea5ae5503c,1
827e36f98487ff557d7584ed94b9d4a5e6b71b2b,1
247d45b0c5fc5cb61b3fef5065e1e276b60ebcc7,1
51b4b02d408d118d05478dea82ae41c155d8cfda,1
0dec0dc7bf80e2f848dec4d275819bdb56279c75,1
1b20901f8e35eab0bbb71c37a1eb8b2031d3f5d2,1
c0ca81b92e37db102b0fa4a85ba6d653299c4237,1
0aa9ca965a8cdc7fb1a483f91982b1ad904b7c8c,1
65cb6400d4c2c2a8b9aa8b63c7d98f4502dc6b0f,1
6036b7f59807b32ae62273fbb2aa35767ac4ff5a,1
58517669f31fb28207ca70c567ae527360329570,1
898c46c5aab2c94a10f64940004ca1a368869027,1
e779a11fcce70be349d17f47bde16817369e38b3,1
7901504c17bdac2eabf03d9ba99f68ea46c6be39,1
50784b1bc1b3217399759742c6afda9f2a257a3b,1
cc92fcf8617c145571383482dc7250a40c1a7697,1
817214c604ba5c73ffcd8e05ada4decfd53710f9,1
abaef28ca10e49144444ede9521b3d120a6cb341,1
56a8f3f0bb8a997c9737da975b1b7321bfbf28ea,1
6b2e14abc8faf4e28e506f7d0c065de395b837ad,1
d670578c2aea6d87f1537f9f2f2346faac50dbb8,1
d115b91d62f96be9de38afbd90466710834f92f1,1
0aa5eb95ed7fd82a42547c727315d887170877e2,1
10d2167db4b43f19180ea5a0667320d06b26607d,1
016e030190c0e402800c59110d9681537faed4bb,1
cb2a80368e67f7a42c3470d51f1edc2c603c4b63,1
3eb112b9f1072069dda83a5d0def98289487b749,1
c2d4eac9b83d2ac487ebb0e442ff5009a12111ec,1
4b07314d76eaeb90c087fe8ba73f3930c297fa8b,1
b2ccaf010986c48ac0db694c87d8307a100434cf,1
8df1589a0fa102fe70cd76356702641285619c0e,1
8b87e224f901bd13e9afef537e750580a53bf6ce,1
06ffba7981b57cd0e11ed6172b529275862a62f0,1
b627a5d6bdd9dad21702b8fb3b2e59c8ac1a2366,1
91872e099aa4ee51c5ae692844b25513dc974a2e,1
8be9209d5060aafa65e17d9c2df5a0276fbd3585,1
1a83ce93007a494e2bd687a1b42a08ecb671fdb8,1
7972a4dd434fcab4bd9f6e43703fe24594fe3a11,1
62b23aa11fd99ee01cc45255a0370f684e7b9177,1
79d96c140a31d996e48eb6de37ad48771ed630c9,1
c5a1a055cf1089f386ace75ba1c8279ed505ef61,1
2a1a4d5412d3f2a6b699cb86be55a55452f957b9,1
2309ec6e7005e3558bfbba757620a72472d0edd0,1
08134dfe82331b51e75f8ce6e2d519d1eb74096d,1
25e3f9d46a0ae824a8b55056e77f67b80e0ee234,1
759aafab648b54407ea2c41b672fee4cca523b39,1
8f2f5a6ae273ec0b410dabe6056ad80c5a60559f,1
cecfb0514fc9fa06280c1cb0c9749daa138088d4,1
398ed0023c1c7cadf9ac923a7c8976d887ad225e,1
23862f7c983e8bdad114a48bd90e536abc4ff067,1
5e1f088fe54721c0c3105a3a1e11ee028b2a07bd,1
c7fcfc0579d3310a04bd5baa9db60ea0eeaa8c0c,1
8c433261e721aaf80a3f1370ea4d5f4f4dfb2c19,1
d6fd99a9b5a182fd101bcbdb32f6b6211070bb52,1
0bf843cf0d78968e9f835fb8533e4a3e51cfa22f,1
0819d66ff188006a092402ffa38952f237dd9345,1
42d25c8c6a5ad518d24c1bc3bb78c40330697a0c,1
d44f215de45fa28f341fe45aec644ed1d8961eb5,1
017e36064f5674771c3b9aaa73c6b32e5d2f54ae,1
88e8c887c56c93847eba96595847c3727bc95d69,1
638ff40d4fdb28db879a4e62e5fed430236659e5,1
c7aa83d49e8e2fe5fc8a74016ec2a05f9977c664,1
5c9fbfd6f721108fb8a478eca259471ac08a15a5,1
e6dd779072890c55404d611303a70595104eea20,1
678fe01e72b5523c97deeadaf15db7b6fc28f100,1
97d8045de67212b55745be3ecedb2ca60ad63b9b,1
84dfa92e515804b37c06a92b28156b74c0faa098,1
71decd402685146893d8a66c9888738d249d72bc,1
3ca7125a3ee40c51a77db6bef789fbe673def7bc,1
3078ef367fb1b7ae0d9fd8ff9023cc98e37bb7e6,1
5efa9e5f1398a7a2864730ff2742f1eb8c700bff,1
1b6ad194764332cfb1a108bf220b72425f782943,1
49bfb72faee7171aa092405550a869284257eb02,1
c12a4edf30cdf371ec3df4191902c8aae9e51ff2,1
e38c8b6bbfa707ad56fb7850836b02c13aaca2c7,1
b31000da7a6a684ddee1cbfc7b19ae94d05f985b,1
e853d2a896a2a5195c8a1c34b0dcde5d582658b8,1
c544cf3aa3ed9960e9c56265ab5936958d8f6891,1
93e17eb84ee650d1100ae09cfd191460bb24ae5c,1
0518aec31e5b685777e793df926f3d371da0ff87,1
0863cd0f4b60e83906ac8bc9966a3b362e7196af,1
af9d1164020f3b2d56a58b44c0f0979571442374,1
415ebea3571accd5f5e58d3e5ca935ee93c3eeaf,1
8908434ff3d3f68e526697a2e5673d42f4f1e1b7,1
9a1c0125de70a77df3e743bdfc80ae742bc759bd,1
298603d6d4c271883c32cde6f3698ee773fbe33c,1
9f054dc7f812e44989bdb42656e0c6f6aa23fd41,1
013ffb60b077e16802cb7ee5186e12c80228fe64,1
e587970e475463188ae053b019afa68ffa4d6cf2,1
91fd184b2cbaeb62118d3e397a3976e2b8792cd6,1
31f7954e8acdfe712d3e9a94034b394aca01db10,1
580efb6746e52a7d33cbd33b35719aa288696a20,1
5ae4f6f58f208c5821afae19d1ba21eb39c9436b,1
3365df89f5b5dcf3ef84a0e3fe988fe067c3b0bb,1
1f7fb0d5ea77c6119e05e3dbc0f05738e5637cc0,1
b824f2ddd5e8658ea6189a3d039757b63e531b57,1
944471b64bcf84f3abb1b91372275ca0de14b6c1,1
5fd8d35e97ff380d5090e9e92cbfa3de4e52594e,1
86c160bbd109979567acaef9032938f41d3d842e,1
b13585317a8133bb7d75057c2813a1ef3d17e2bc,1
732bf0460cf6a962317c709f25702ae5eb90dd21,1
dcefd8390b81f7865bde48754bcc4d79ef23913d,1
f31d743b8e2e1a7a59116bcedb7568dd543e1078,1
68f3c0859290f7b4ec5c595ef915b9c7bee2df40,1
4cacb0276d92983fa496435deb5988fdde5a7ec7,1
73d2ec49ff170ee95724941edb500800e856e153,1
c0e3cc6d97fb789e391908e6e6f81073b938da3e,1
28c28a457c2bda833e1e7d8cb0064cb27070cc0e,1
72c1e2493a02548ccd332abbd5daddf309b07949,1
fadb52003a569aecd43cc5aa73e29c344e4e38ab,1
496720fbe013406e909b4ee1595bed76da2b74c6,1
69357f7ef93222014df01a7bf85b9cc7b5003571,1
0413bef9caa3e3ba16f3dc9a9cf3f8a9f1965a1a,1
ec9fa9b4c3dad6171ef1a6182170c02e6cffedb9,1
3518d7e91a36be00378678f640411ef58ef6f143,1
cdfb0ea70234249660d1cfb18629c4eee32a58c8,1
25eeaaeb814a17b7abfed7352e820b0131a57b6c,1
4b1888893e83e1ca85af79b74082bb07602a96a6,1
247936d4f2d6dfbe9dceff034b45b8930d443578,1
e18a0949270e578a34bb756ee8ec6e3409af4dc2,1
5cf4685b79e54d6ae31d45d5e9b930805774926b,1
c57ced4921b19a9f912fa7cb35263ba316b70564,1
3c4a451ed97a2cb03f1f0c40b6a16a4b02bf769a,1
d819cd8996719e94846d7122c832ea0e6d3fb455,1
8fdde45366133610cfaa36e83ccdaa78b4808f8d,1
1929cfe3504022548c2a4379cfcabd7ff5802a3c,1
f65d754e493c64164bce299e31505b5738c5b839,1
1b4791e7ec457ea4c2cb77e255cd9b8ab9dc4256,1
6f2e97a9c236654137f604e8472d21b6c3b3a790,1
ca37a241fdf04270b3196eb2a9214ada917dbe73,1
becf4de8a732c6399ad1b1a6e42620f4a1d2a119,1
5c18d65b4ddfeab32e3eb0f08791720e8449e9eb,1
926d4d59b00b041690918e3431a2e7b05ab2f880,1
088a2b3fdf7e8a6a93da0219149954ce4bd6a77a,1
f60be46ee7dd8404a954cee45ae462a7e4301fb9,1
b9a733612ff6188b06a8b6c8ae1f3faa6a1df21a,1
7f3bd0154dfa0c8f5b40ccd8aa5d6ce9551031d6,1
17614e8ed59c9dfcc0dfa083672ac7ce7f51f78c,1
4c9e92ad81593b4ac7551a0d9ced4ff754a6efbb,1
dbc3eabef9ecf72ac1b9b3f2948a2852052ffa62,1
691f6e25f1654e7a571ee7632d1ae87585ddc327,1
885824856ba730a515825b599a41574e53d5ef4e,1
043e7fd9f7a1b1165ecd0e181088b8960c69f39d,1
93e210a9f9b3c2ac43cb20421624304070472c3a,1
9003f34a735ee18c578cf7a9fedff61c6fb7d0fb,1
fa7dee78d654205b0fda66feecd6ca80541e0408,1
259ad6e800fc5e4607a4d70e639fbcfbd481d1e2,1
68f4c03f8ca3fa0836e795264db8b8d7467b11e4,1
b40f765994e57f987f2c3d35b2e5a0c609093c36,1
6fbfd650c8b06fe1f60c3c0dec2669a7b52cf23e,1
edcd965b2cf2255cca11e5c7e268225124c38b58,1
2e949ac1bf323fd44c6c28716d1cd24cd164cce9,1
faea1b4defbf5f07be7bc495f72878cbaf1711cd,1
281e9a07eece151cc99e64bc980d5ecdfcf1e20d,1
2be268ddf95883bb2733a0833c78df8d3a88a0e8,1
aec6230a71855af7ce9c0499b300bb5edc2ce3a5,1
1586033d23bac8c38b20768e7d4f160639a9a74f,1
0d9f50fa1e534eadb365400c84dedfa78153d754,1
e75a8b717f07126407af5cf8d5c6b782edfd3abf,1
ae44fa4ff3ed89102d927fd8243171d68bba656d,1
9ad7dd25431405eca35c34e5779e205af646b784,1
8def6f5ae5891980e1b49b6585d8c48fa5bfda61,1
e633257075ccceb9334bc9aab9650f82bf30374a,1
ca35402fcd288593c870dfe1e5a45b20b6d2d04e,1
6dc58f94dd869db0a38f244bd0fabcd4b442e0a8,1
30972020f9edc745abc896b7885aceb7b4711d52,1
7ad632839eaa5e44fd9f1aeae773b63108d0cc0d,1
883364035a4c24ff6d1696ea3384c1354876b303,1
0eed822feef83d06ca864d2012cefc9da94b623c,1
03d490c071fcf3197447f1832f8a5958a161903f,1
514d99a7453d15ac742ffb4a54695fa08f98fe3c,1
3b020502d49b8234a8159092cc4b12aab6b3a445,1
c2f4d26d10160e68c28a3ebdb6700e04d7928342,1
7f724319d99c7387988a72405d96363f085b7ca5,1
6406ac2b7215609f8df25511328af605f2feea96,1
76802a5d2da8b45ba5e4bccc82e11eb0ed223e62,1
f82d3cd006bcc6312d9810dc71bba5a079628360,1
9aa4eb289957b5524bb84d14ebe05f1d8b928c93,1
8afeb95702a28f9ef8de9ed23ab3689af7f91d03,1
b35656e5b894470197fb89a1bc185ba2a3af0be6,1
ef6e5e59134ea4e68b35af190e9ee7279bb517d8,1
f6690b8ad37c72ca6416fbe58cfc864810018d13,1
259018737d89ac5c0bd0d23e09baa9bb763d5548,1
e63ae44d06d19c1f02aaa8a1a9e212ad8b6a6821,1
6074fe28179aea87d6d971b4a20dc5a8f3e90336,1
925b44473a57329b114ea63fafe73dddb2348576,1
87f682c86dffd6f029184a2809532cd3b94265cc,1
fcf06eb85c15d0e9e1f3d72f5076a31fe8543345,1
5ecfe75932faaeaa2d1094b4aa79feba52734e5e,1
26a76b9cdfef351d94241c1565765d90362bd26d,1
ad865d2faed3ed2a151ee2b0b4099337060b6e69,1
d1ef0419436e2bff847cf9b97bfef706addc050a,1
c2a7511a2e09279ff5b3a65aa17e66d8b9fbdaff,1
f80164f07fb3fc5a4fc8adb0b895e7ad77b4d5b8,1
468ec12da94cc3f320038e2f8870ba446b75a6ea,1
3f143679bc40ac2e494f8b0ba2ec6fe6d56618a4,1
370dc5f2a3f9f2a2ef9d547a51c60e53e1cca8ec,1
29c0922f199776aea5dfd71fcad89768a528b428,1
3d86e3d3de90347a6b6fcff92855f13e0bde9c2a,1
8d8c9d337c4355c548ebfa3cd5e5f60eec38576c,1
ea6def955b7843c3b177ef8b5f8a11825427a0b9,1
ebefd3650158e306bc76ace00d2fa0c17772bf41,1
50106104d67be1db2564ca7bead6788b217a1828,1
da23ff6d36c311d3764c96f97a526d5d307bb0f3,1
29a486744fd77bae7a7a2408b5ddc6b850fdeb34,1
87c71541af8a3f5d362267d5fa1bc3869e94b628,1
6b8cfc6d21d6749b963dc9d5d7538a4e5ea0375f,1
89efc4db98cc22be13abd09d0bb3e6680d791335,1
3b7de66de98b9a544a1730d0c9a0ba4a31794f96,1
2460a7b4509a50f65e6e73c3ff42f816cde76b6b,1
2cc13ed8304dab0478d621bfefd655ccca20ad5f,1
9e39d833ac9422b9b6f7c4b9800649cc7eb0204c,1
d6ffa33e312df968383564266957fd7f1912d820,1
f7ea966bd9e52882db1be88f421e6c1b13863681,1
b86fcd3d7dcea7f242b9c744bd296e229c51ae25,1
d48e355e6c5492cf21386d6fc82219f496c0cbc6,1
a05614ed53c6fedeee3d53cf30a5a6c3684f60f1,1
5b2b27cadc4d40b3998b1db0b867d8d1ef3b8da3,1
c8f5a76c9f6a4647f46c0527c08f8311ab938bf4,1
a12d3fac88463372cb199810ac23e9200eef7cd7,1
6b3171e989fdb24f3c002cdac005d9129baaa3d4,1
4bdd7c9e2146f7d0bb9a27a9f26235d06a547956,1
40e5b4dd3bbe56e9ce9b79aede4051a6fad56b3f,1
6a8fff7d06a45ccde99afb83fcc27ed4394230a9,1
19f06d4091e848f590c0c60291d1f8038d84c579,1
563e6502b357815b400eb9a9770b870ec0d96ca6,1
7ba9254b58ec157e11accca7bd1de44a51c7408b,1
7e2509a926620ac240552212aa824a7ec3d72c56,1
da27b4f66c3540649539216018ff031f84b644e6,1
f8f5bf2e7cc39fbbf396dad0d27eff14a3f8f759,1
3a815fe6ab6af2cd6ab86fb7148bee7ccd0de8ee,1
05c7ef804c52bc80e5fad45ede952563ac7b2d37,1
d3a46fd1f45d0c9c77f53f842d1e6abc5c53e2fb,1
00e84ddb415c414ad86be132979386effafab19b,1
a34dd17d30710836fbe0cf73a6ea5821836a810a,1
d5dcebb96b921fef4607accf4c89d958c19e6852,1
8904a9be29f755e6d6c06be72bdaae7e41cb4319,1
18ec1d77d573011af2c45f6d791fc47e12bdc7fc,1
38618178dc89a48d190f02c13f18cc01955ae0de,1
511f66e29154b6bbe328d273541ca1d37d5e5196,1
7a3a9794bdd8611131ee718cb41147f77054c6b8,1
1cf3004e70c34dd125dc0f0429c32c14c7dd12ed,1
ca57518ae548c4cf26832cf5e2465a46aab10b79,1
7a074244387c51effb8f9179c152789ffc2ac255,1
fdbc4562c28c7ac33867cf16628f99e0d43941eb,1
28a3c5a178fd50550ebb74155197b7d9d40f9df6,1
7f44fc0226d21b6b511b980a6ccda34cd391dc76,1
be50889e3c8b87952dc0e6c449f866b313802a4c,1
f01fb7bc3189458eb8cb1edd9cc312097929f498,1
df42f19a0dc4b7ca9c0c1730660763dd24ebe614,1
3ca9aad5525a89f894743315cbbf953c7ea349f8,1
718300498ccf2c7c0bcbc8921b0e119f9e519a0f,1
3cb23edf9f5e3f4e0f20084f838b25a6dd3b9790,1
50454da2302418064c3e6817bca0ea00e5b4a03f,1
fa421717b801cfc5f6e7748baae93760cb4f9eab,1
5e2d42ecfb4071447430c60915ee16f337e118b3,1
04aeff16d3296e1acdf4eca5b25305288344910e,1
5760a8beecf08137e2b3b121f10414365dca885d,1
0819d0a33dff942e2b523053acb75e239c9d016e,1
cb1724374e1314ba7e5321b2020960bee52d3090,1
f2b0d1d19c5640d0d5ca2676e48f74d9ba470525,1
35ff48ddd5d3431928114146f45df3c6d0e63e39,1
98baf77321636a266b65af3c1f16cf0b38750560,1
c718e62cc8f0f81ca2bb57f134828e2cf81d97aa,1
9e0fe93457f340ee8252547debf6d27603478e33,1
2b84bbc2b64114a7b04253f6238800c899cb93dc,1
f287d362cdb78da4c37b574802fac845c3acf0b2,1
acfa6ebec2b3e9d4abb2ee7e2ba4c6019ea021f6,1
05723eb429807c633e0c1a9d5cfacf01028c7d7f,1
0bc9dc6034ee1ace402d16d5779795061ec8593e,1
991392e0c85cca7b64d9df3b45900dce0f832f71,1
74402a4b41940684d5b313bb19597636b945985e,1
5dc1b49412e57cb06bada4eff179caa3bf1d1cbb,1
2d310e7a4c6b93beba1ef3b9a621bca3030510db,1
e78a487684b2558d4897d9d2ac371b4910e9bba8,1
9bd5f808c43451ac4bd6a2ab40bab9b59e137c4c,1
4e415ed9552b954d91f2a7ac72c170f40e6ee967,1
1c9d604090d700104fa13cd4815932bc568b888e,1
df7d5d84b1c034b50410dc4a8c43b56d70a8fbed,1
2bc0696aae4674079519ca6f4efdfe46f5ee2486,1
31250e4046280cf9721279fbbafdadaac017197a,1
e657847e7e5c71a8c92715410331c2c06e41b6e4,1
90ad08d047b729147c388c2ef64d3eebf01d1017,1
cf42f189acc8e24fb57aecb37764d98e7389b72e,1
39a082d1a77c068ba0edd08fcf248ee098e1d307,1
d9746f36701173d48d372881dec06055474b2a8c,1
fb049e448a1cd740b364295c4c0db2810b2f0485,1
49d88fad7c440e92b0d2cf6dfa5bf6ee02008414,1
000f499acc525aba7381358d4643588e52e7bf93,1
795178ad1b4e2c23d0d46c45f5f0cd11a116efb0,1
bd6011cdb354b940d208464163a6ea98d4674aa4,1
aafb5b379c54b029f395eb664e052653a8d5c5db,1
4e265e164dc0f955d80c29c3e6b28ee74b6253de,1
7d3ca4aefaa9489b34152e6fd3cf9606064620cd,1
203a2480b43aa56505570a26ecf41d9d4d9a6ce5,1
8e0e026b7cf76b777c024a5ef1c554513d62a4fc,1
324743eb974ac9609e8ec8eb9d7980411a994698,1
d9bb4211f94b4e2e3ed5fc1af77d2c143b6a5287,1
ce8c61550980752b13c3ce619e0c6e0e396a8e1a,1
dcd8824f5428c2a715a167a47d5fec43443bde05,1
0424fa7c7eb54d6261f411c0d7179e65b3194536,1
01777a9e7803c2075f87284616bc10ebfe6aa848,1
6ed17fb9ad89b23762fa92c0a18a5eaf0b620d6f,1
817749b273024651a3e8fa50e461e28034b74f5a,1
6f0725bef190199f5cdc34b6dbd6e009570bb2c7,1
008580177ed25cd6ca61fb2ab734fb70c213c0cc,1
1cb83bc21f67873a59a5563be9fbdddb82463464,1
516f54ecdde4723dba5dcd8e2f92234f2e345078,1
02dbfb8396ee603c6733331c220c73f8d97dfa15,1
4f433b2be082803d23fa9fec81c8e92a5fe675d2,1
7ba253793f308f55f1ae2dfff9875edc18c10533,1
628b44d8dd8d6deb54c213a8ca19212dbc37f270,1
15304cd4bf3e0e63e0ca247a2e94f2350646eb1f,1
dafae2652efe7851fb7f0dadb5718dc2df35b10c,1
b68521efe7b9c1eec44e5c6dd28322eb51563c88,1
73f1d07fc9c540263a31c0e2c0ae124e6e834185,1
130d59fbdf85ffd2e1c85ae6ff1d9ee0919aafac,1
6e4ad29857caf94f0197410d29bddd688ddbac0a,1
3ea1c35829b08fcc78573c4cfa4186ad6b24c1a5,1
f76faefe57d2c2645ea757a6132d5532313ddeff,1
f89c67108d338d6702e7e9ad84f54f4cb9c52ac5,1
aec90e6260b1ab9f8e71ed11ee59432bb8546527,1
02ee2bfa4e138abe59e97070b353136a6ac3b64d,1
606b2a7d7e366413d19e9128cb74a9177f642232,1
04fa4fc8c7e30b01550be5ee6ae4f63e4fcd754d,1
b675b0d6eb7e57b55cf2a2246acab22c1caf10f9,1
8ad77902bdcfce4a796f9fbff0b70867bc6c8adf,1
de735d6093cbd0b34a5e6e821c38ca6b47db2ee9,1
72ad30bc315428520dcdcaaf4b3c575ef778b90e,1
46d5dc451825fb0e426c05b1929c7667e8cd0900,1
3689f527e3dc699be2f55235c2afa359c5829620,1
9297bd70dac593bec8d358af6be0d51c4377877e,1
f4bee79a8cb7d8fd9dc89197f260a52970e5200d,1
3a5ad80ebd1d441e0b98b53288687fa3eb7c9c2e,1
ce570e41c4faaae5dd101e8bd92056b97b63be8d,1
77e4ae78cfe9af9796e5e7fa734a4c71314e21db,1
913ed1fd3be46c18d20b589205ef25180da7a72e,1
be9688907a25380d34ab64084688deacee8721e9,1
e0517c93a8c10fbb12131fa8d224723385c6f7af,1
faa7c4a010678f95d70ba9e0853081415bde6552,1
30ad8f068bd87255990a02a44a600478b6aacd21,1
f06722f1e33f5a254994fbee3872acbd54d91b51,1
e709c23342751fef44b34cbe927ad7f809a3af08,1
a5ced7239adb89bcb9a900e7f5e80e8584d42f68,1
39665058d70f602449401f1990f6d629d52c62ed,1
c9643e7143652b0ac454f1004516118028591951,1
c6e36b46c4378379985d42ddd2b13ed680c55b5b,1
bacbabc650f4a07454ca76a7134be7041e318437,1
e7a70a92762d543731ca2354d6d78a8c9b3a9e37,1
31cad9f8795ce65e18a7caaa2d762c27ba960ec1,1
4d3e2c85e1e572fa56161197ef055435d68ee402,1
3bdd68473f3c84084737bbda47eaa4babce974e1,1
44b0f2ee6cc6d65b5f0f0bc2e0a93da96755c8b1,1
32efe6056e96a4aa8030e8dbde9bff209a35a0ad,1
174fd2c831ca5b55b4fc6b03e9236c1da0a458d3,1
990926d81258f62361fc773475efae338ea48287,1
4d8603b19874269004d31afc235181fbe0374239,1
b39310a3063bbdd341e4f3c3a7e577f206dc60f5,1
7c257c68b1902c97ec796283594109c0dca212be,1
31cb1755a50436b4f4a4dca4b9aa47b291a4bb3e,1
a627c57e3fa4154ab3d28fe233f7fbcf4f0b23d0,1
47096f7bf90246a34570e0378144c530ba2e68d4,1
e9a68135d26c177e1a6c9ad02994ca3c1d10fe0b,1
a25f57df0a43a7fe2d43c24235ed5aee72afef52,1
56438cc70daafe77350772d5c7fab2a6d8f68906,1
dfc3915481487976f5999a0c950c31726c4ad159,1
9fba1f13bbe43328cfba575d17c15290c6388e99,1
0e10604094a993bd1968580a066e38b9e3424f40,1
4e02e0b04437047507ba0490e70009a2f2273598,1
01fa9a7748f8a823112864476610c3f03f97df40,1
f5233a0f7397aac7b198002f8718b3255af7c25e,1
1aef7e0fa2e7d2c7ed585e4a022c73f7ece09d86,1
4f32a8149a460265bd5a6ac176d2e00ea380abcb,1
5b5dbc363f3fda86cfbab5344f6280224fbf9afb,1
361146fc8f4c4aef1082636404e3f7f38f6e4476,1
63c7c45020f75a15b6109a27d67f3748b83c4d77,1
2b49df16b261ac9f63b7811c2079a0eb9e6f8886,1
eaab68bf85d94de89ae659024596a95f66b8b13b,1
1ac710db69ae9da8af1df13e83ee66d52b3675fb,1
d93faa486bf990cf97cf7bf10576c5abeca53711,1
da799fcc490c9532928af61491cf2ef11980ff2b,1
74a15d95ee3dd6280f11ef0f57c365f17d752ecf,1
836ede9241a4c2ada1a8180f63432b27bb329efa,1
75c48ac3d0cce970d20ab574ea613199f68cb771,1
76d576a5bba5a120cfa45cf6737933746d0a5a92,1
ca53fd9130bfbe1bc5b0ffcd4007c8b266b41a5e,1
af8702e61694137c83056589a905ed4e4d6da624,1
1fca59ab3ce0a78239ea7fd8a5e0feea666f1083,1
14377c7453ca2be2df17c9fe1d2883b4dcae9d53,1
157b0c297ea48ea067fe328197952a33adf073e6,1
4028df3f3496e940df6b300eeb42a1f28149822a,1
52b89dfe6d08087e509ae9a53a0a1b0f304ad979,1
7683e9f82bc263b826ea5f55a403508996def30f,1
9c7d5b5cee8fc024d4234ed41f8b558de157e69d,1
195d766fa6b9fd825412b972d36ef8c804096146,1
1276940af2ad7c5ff093a35773817a9ccb1989d2,1
59e1cd14a4d5f3aa80e93cd81dd0dac5573e1ecd,1
dfa08fba3c2f594856fc65b2f42754c1abf77f76,1
178b28be98626cd5c80c36946ca963c3b2e745d7,1
6f9123320e7942d3c36b995c90232e2329a0f48b,1
9a4a30322f8bebe8684b6619ecbc15f5cfdb803e,1
804572177ccd212c58bdd27b4da460b9ffc2af2b,1
95a96579880c734ac86446c45a115d63db1e24bd,1
0baabf95f8524e23374602b3fafc5664192d0db1,1
4b5a8bcf942b35b871c86685512eee42471c7961,1
d14e8b056b0835e9584898f51dba21d49a787c20,1
05ef3131a6a58079d4e9aa53f370a6208757b675,1
6eace32468a77b8905a9f52e278ac878d130008c,1
2fedd0725fe8bbf50b7619d29fb6b51860823671,1
a509e239497a4ad71a41051dea442340ac5c08db,1
bcc03b0dfda0957194b3c91595c46f6fb613cd7b,1
0465ef29041032036ce154eea30f5abd0cf9c02f,1
e77a61e62d27ea3f8bb4dc0f4399e97b2cfb8e77,1
35e5033b0594b6718a0371416da4ca20833e27bc,1
c82c6ca07592b97bc5af7b32d808d51a0e14124d,1
18ad3af28bd6121ec7452f6fc659c0fd9ff4392b,1
9856d7e643341148424613a15be160633246357f,1
ce1d734365a848ae8ae222f488cc8dc44a460cf8,1
4537cccc997d12e273bf443384ac1db645f08fad,1
cddfbebbca8dbc5c1349599bcf9f2681ee5a49de,1
b4fdc64c831de3d787943626da6fddb5e65b2b16,1
2586d71e904f16b381f5450f7349c22296f82fdc,1
3bdaadb4042977c8bc163fc88170398e6b480e15,1
b4af596f52acd2318ce8a6c36e7ac484e5b256cf,1
fc3e515dd34e69fcf443cc8599ceabf517239c07,1
7bc6252d1a7b04cc2b2ea04f44cbd564f5d8a295,1
0d9863be704f0fe397475cd3d3db48c86a49dd87,1
22159eee4c87bafdd0132d13d3a42e52f8761a48,1
a0f2f5a47e3d1375c4014f7e925878803efcee5d,1
0dc8c1b93b8f005fa73670642adfc932ccf2d95a,1
2072bb8798c88562188984f41dd5aa391d40bdf0,1
ce7767bfbd7eee481f7e2378ca417abd56485c55,1
ab91b7114f51e35e4146de1f3e70d3fdd62a10c4,1
e2748f262deaf8ee69b44e3f631327d6cd373918,1
ecbdd1cc0cb136a7898db1c406c67388b1689a58,1
1d2d3d0d2187e39beebe92b21386f6ba35ce8556,1
4001345a776d1c552dbf0d60d05c7215269f5ca9,1
ffd3848c77d7c5266d85538ded9b6c6ccf9c9628,1
758b012a9479ffe1d8235cdb8388746fc7113931,1
b12392eb9fbd9a0bbaa1ba621f0c2659b240790d,1
98c136996f4e7b3c7aabe7083dc1c05f2b4bdcb1,1
9492795e6af0c8e96dd6bcb04e2d8fde6e7be8e4,1
a6384bb7a118327ed787db685fc6989300afdb83,1
cb0db6fdb2f19d2fb7b2b5044cbe3a64256da924,1
7ed50b75f9ba756136cd7d1ff885ed2f98ce835c,1
582d6c7e6b8f38be34811d6482fa8221f5c82e8a,1
92274996fdc74ef25cb1b54afcac292b75da7fa9,1
3500c83e165e02bd6b1ccbf9355f8e109fd6eeba,1
4f41176c0fb00506172903b28a50bc1b1864e762,1
dccfc142c1408d76c70f2d66efd8445094577595,1
32078e5cc4f4a93365b5f8167fa0e7ad8758e585,1
764fedab8930edb19651459aecc80e993e6fc83c,1
80f9f5df5e836bd1e33993cbcbbe9bdb8cf0bc53,1
92ce40798573db47ff5737512d623f5fc5bd6d76,1
c1359c5ddcd58d0fa9750cbcd53a76d64ee3a566,1
5776aecbcd4ec561997047616dd21a0cb5b60e54,1
1dee94d9c2596b548f11a55b979d3d3bc237e69a,1
fc2df92245ea0daed70388e935ee7cdfa5e13e36,1
2055ed613678c8d2e48b1c21e6b0f83a4d380b41,1
68ad61626604a306815c8fda74b36f50241d0eac,1
2b3a36f8833d0e5191a615213ed33648ea5a6147,1
e24a584aa2feb46e54ad4ffd4c4a9b762d01416a,1
7180ff4dd59a0c23de99b9fdac2ea56398fa3759,1
4f0562d70f6d39025296e5212247009e71731bd7,1
8c18a8a03cb7cd732c00bf2afc602c670f004bd3,1
1c33b3a951bf55054382b62f8ad7c1eb4791d33b,1
dd29a3fa86fbf2fb3b20dc056b28f94643dfde35,1
53b24a7c4b656a85fba0d406da66da15eee5803f,1
78a165316152cc839fc710e8cffd7ef9170834d2,1
da640426c413ebad130ad15e8c3669a5e30783f4,1
599d83a674725fad2c76a1e3ee3395a130372617,1
ee78a5cd797ba20a8d0da5c794c2327db0e33d07,1
5d269c6406104eb31a3646561ca7070c4aa31420,1
47b87d3d74546c14b3b7f1294978075c2c5eb015,1
74ab5820985db1991ec26f5a6e73aa0920ad1229,1
2bf8268079ef76a4151ae7892788980b2bfdc996,1
4f7971d6b952edc0274a5724f056693ec45dd296,1
22c1f85800ad6a52d334fe68021ade767f850ad4,1
f7aa425d3dfcfb73e7c9650ce2badbe7d5e7894c,1
128152232657682cd89132a80db06705642d193e,1
442acd8579abf4b157eca21799455dd2283d8209,1
82d851a0cbee469092cc39f1277ef357a4748a3c,1
ed72bacb390bc9f35d9626ccfef81bdd9e0d9f43,1
0e4558f2dae6546ecced1e06d458023c6f34a96c,1
dfecbe5f84d8848c165b2ad9c3e6dc7a0927d10f,1
a91aa2b7342d62947b675deee7c334f2e4865a46,1
1c70f7ba8028802f65ae7131b7ecb62e79abb284,1
5353a62738982b05f56a2e32366297f894410828,1
862ceb4ded508812c330556dacf2fc76a3556d5c,1
cf0cf8c0d7b0a060dc9b3865f9674d42583cb16b,1
eb115280e6498103c7da8a17484b65917e413925,1
f66012005b1ce3ea5081988a18d8fe16429c14bf,1
e2f4772913e693f72f73033fe8e3cd932939b0f5,1
1000c463cc09aa21a0c4ba311e2102cb399b57b1,1
fe697f9553f80152e2b90f25e9fcb33481028987,1
208d76fa49381ab2a5bbbf623afa8fb5c0f0767b,1
49dd7880d7c7e989d94423131e5d91d04de88a1f,1
a841ee5b201b29364de75fd9faff16e915159674,1
ae4e48b46605f6e31a57e8e67e0aa560fc019ef9,1
3c58881f82a41596cd2c71478409a73113e5d6df,1
4918ecfc3d4096f1ae389123e4772dc37a1f79a7,1
79cd362020762ee9adece5628bfcfe4635a4a240,1
7cf86baaad760d3107c45f7a2cb6234657f27de0,1
09ba3f3c12479946d87b0035fed30bf0f2124596,1
f36680d500ff290963a844f47d0d7752bacfd677,1
8b80af272f0e80e5d01eac34ef7bdfa41790a4db,1
c72f3a0d405ca1a6dda344dd3cb4db4be7d6064b,1
49d2ee43bbda41fad6106ebddfb9a0c08b949e56,1
de5e3cfa28a3d51899cdb2dfe9d3b0d08d0ad829,1
2bd0c46c80fb6c8616f26a517a30eb2f4c0d83fd,1
3ce050cabb6a1fdc5b69ecdd40df6d1252fb7e7c,1
ea73a79f7ae9dd2959f4d2b43111eb5fb52e8351,1
2df12e511a1810ad980d9193e4cc0febb227a6b1,1
0aba5241eab20a41f6ebd867cab1e5a4fd7e3344,1
d1a5eb9b834bd25c8a35bf1b20c2609615f444f4,1
0afeb31a49670380959502f1958548aa2bea47b8,1
6e24175c03a7b800b3de3ebef8799f0d50df5e39,1
c15fc893087dc00918c3bc82a558c60c66b54e6a,1
de7615d38a8ba9b7d4514c8268f3a7355aef5250,1
0d1358940b9a2e54259527a60e030f4576295112,1
eed326f97050836cf120a9c8405f3f31234c4017,1
b94267c8d570fa1ed6a98b38e1e7509da84900fd,1
e6fe3266a5c0850015b54768df3edff3d3c888f4,1
ad74dc194b0885a2fb1b320f98c47f40a0b83d19,1
8db428e88a7610c25b13ba3b1bd27f03884d63cd,1
31527a15ca96677400640f2e51cb27a63c1319a5,1
534f5da692135b4f719f2b20c9822b953147230b,1
cd3721d6dab4ab2fb226aa6da4114f8c20aac316,1
d6a6f4e7bc6fb597765a16ea4f3da0cedfecc816,1
dc7020bfdf90b844ed790bfe5121b4d63d640038,1
c57c4399d0c56d576623787da84af892a8e6fa41,1
657a166af96a80e237696979752c68f2485bbf24,1
3ae92d7cef4fed58b766ade91d0e8a51fd4747be,1
4a12f155ecdb2fc30942491222af7afd592b4ee5,1
17dc8d162778390409c56cdbcaa111858d5ce40f,1
bb13d741a474f70e7a2f80f18402243260f19c71,1
5ee8b6f2521ede08afc0b0f420b653d5ff982245,1
50e2b4eaaafa4acc81aa6754b88cbfec402641b0,1
4c19bdee0986d851fcbac4f7baaf52f8b729014e,1
e71e348d14907780ffaca6355c22b35098e89c3f,1
03a764126c5bb66dbc06f908bdfb2d7ad7915d6e,1
4bdd13ceaf7661300a5b1a2a9395b89a6b602026,1
3e0b29a27ac83c57f7d2574809aecd6958746207,1
1458c98576bf72743293085f882a5bfaaecd31be,1
22a1a7a1039e0e4f4e4e16b573e4d8ee6a7afa24,1
c11611378750179d47b66c9771b1caf909e76418,1
d4f35f42ad2fbe1e22767d44af30f5bd05a1a608,1
c359f60f43f18274a17c63699736e93d3459e602,1
25689600f9fb5f1542a41650256c48143c7b5f02,1
2f914517c5164294612e23e1736409a596952aa5,1
7a63403959400834cadc9d5e7a4742f5389f0a7f,1
11712f153e29b624411f7933d0b4c34d47cecccd,1
96e1e1dea987061c0e6f99bcf9af54efbb448a8d,1
f033019b54f111e32b431f15aa6f383d72ffe396,1
836ee769c5a3bb9497c6895bebb7802dad110f82,1
82739713d12d66792d540ff6d952a7a64cfc0cfa,1
fb626615cc2afb4b2ac41b81d31c405a0c6fa5de,1
29c2506c68851620ac19305f6a367305321e1f8f,1
21afe340f3f0768d7b2f1537cce28fc6219adaac,1
6b831da68bb27556c05c63a7d91dcb885a3681a9,1
5789ea4b7fa988780901a3991f607af53d39333b,1
ecbe64ee85c38e3d303aba5d40b56595bbb0f699,1
c9c71410393c154b0b19719640247722449f9d08,1
5e7ce06aa63e0953f160e93f02869ee87a6bfdf7,1
ac42d8829af2abb825c30b28d086ea440c605066,1
4dd4dba250324d2d8d12b11567f05b6d3245f6cf,1
fbd25569e9f56da326e35f2a9f7bccc77127c991,1
324c07837e97ee3a35c700526c2510b7c5b45f0e,1
71be55f22017ae5f67e28068bdf4a6445f93e092,1
86e3611841e8a6ec388a39a82128f5de1117d2ce,1
4aa69e31a6396735d682e5a2244dcec21d62d515,1
ffd1344a00d94b43987cdaa704a93e3f9f8b28ad,1
1730986e7d80d7bcbf551172bcfc063fafe09f79,1
0ca07047e7d3270a34558fbe5501a0b658d9ead8,1
72cdf1af28e8abe0f2ce22ce51400b038c9207f9,1
988ac23354b568d6ae240af3761431c22d83dc06,1
930dfbfd0cceaf3803c5d114e872f21cc434cc8e,1
5cc913b3e5118ab0327450f133dadb8f87d0a935,1
a02139477b29928806ceaeb63b0889e2edd29964,1
cdc6cca3054b8a4b3b078d67daba02ff6914496b,1
d440f2b7aa622ea35f1381b4984956a90f57d88a,1
dd2c8a9cda2638860cb4dca072d3334c5f6b31b1,1
7530a3374509a341f8fd230e5dd401a9227ecc96,1
800213fab20fcac40d3c6d6258b2d1df9267db12,1
7f3c8c0e4cd501734109044b74892189bf8ddac4,1
86c01043b520195ce1154076b71c8914a1321c18,1
9e8c3f9fb0251e7beaa9467246042bd3c8154025,1
c63111bb81146ad7b090424b9bff5667f85717ca,1
d45ba08c3474329a8532fd86ca0a174604f2cc88,1
42dc1e7d96dc438493ec29c4cc9548eb4cc80348,1
94c9ffb9e6986265aef97e1c2def85a92d2cc617,1
47439c80cbd06e4570cd837e0593a455dd1ea44f,1
a3724bf99f2c63f583ad77331f56ae65f1707177,1
04cb5efc6b3a913d3b0ad2d8746b1c5578cb2d40,1
2ebce4179e85e1602a753622c2b027358db8d655,1
534ca152d52dbd47663d23e1dcb09745d696e012,1
b20d9740383df3df3b6446d6ce7a92d7243be7d2,1
8ffadab960bb7dc2dd151712b8483a8c775ef6d3,1
d2ccfe5a47ee10c135a5439ebdd3b9fbf5be4059,1
ae23372124d2c54c1b1e73b5a2edccdc8d90a871,1
af1dae6d6d8aeebf6305757657ac8c07ee49ec1f,1
df7e4f6879453cb961dc0dd6d0df872c67a6c591,1
ca3f146254656284dee968c1de2fdca6848b5568,1
35b1a395432fc76844f84ebbd58d48d11aee98fb,1
72912c9d937002df5bdc24742aaa274cf902b912,1
295fde79965b0a07e46b5ae7f3cb5c8f6219c42a,1
4ebe8e0d563c00180212cc576d316b5973364ef8,1
f0cbc600e3bd9dd2a52cb03d3485e50c612abdef,1
44463beb68f5c3ddaf1a55a8df8bedb9b656bb68,1
594c38a44003360fc871c3dda7d9c9e41d02c37c,1
00da9cfbdc1b02f7919689bf250b4f4ac752d0eb,1
3937e1708dabeb36f843b90ecfcb1c826d0d920e,1
ebe88872966f27df3f4b36060bd5da59e0105b6a,1
79581bf59abc5209ffe53566fa8559329f8b5940,1
76e4a5413c2bc75601f383f1a0849c0e55416983,1
46238793d9fcdab60881554c8573ca406874028d,1
a08e5ed414f71d8b406f3a8cc1b9cdf39c417654,1
c4fdfd8cff8f7edaa373ee9a6336a1e0391ad16f,1
86779ec34c39781c2b9b511905cc51137bf1632c,1
00201629fbaec7abdca3019942c9d63b39bc3515,1
e994c030a25ec1f28d00a90e4300ecca6e854063,1
29cc9b2d12bf6c0860884a25e11ff5d7a17bf19f,1
49ef61934abb5a88c51fb7cc94369b769a1d3492,1
73f94122d48cd2bd601a7072e5e6428258833bd7,1
4f0cc34af5888ea7cc9f1b4d68891098fc706889,1
ac3f4c23ac23492596c325da3f9560fcb02cdefb,1
3af3d61312bdb9547922b8840adb41d0e6d1dcb5,1
1115bcb9439580d700f87282b54cdd52dbd266fa,1
fc25ff67ae8676420a91854df4245823395b1770,1
af7bc373f962bc4ba9b4efb7bf5f67b7578b5bdc,1
0a59def1f0ab78c248383d670d3e7186e4dcc9eb,1
9cc159c67c4e738a4f6535bfebf0c4481129ef66,1
632c23c7739340aefca3b992e72007494c4190da,1
b7ce98a7971706ba64941787f2cc79d116d02b03,1
75defbf1332f33efa43f6d1dcf971d5f9b614eac,1
35f956e2d38ed10aacc8ebb2367037e6d79dd1e8,1
cc82261474e3508a5828fc1fda3e7a4e8ad7d215,1
e71d92a0df59db334b08e2e781583261f8b7df07,1
0d66420be87cc7bd0b766aa34bd14c719bcbd26b,1
2f99ac53b981d04bcb03fda7d5cfa02aea5c69f5,1
7f31df00c8219aa391e4172a94403738e62fc748,1
4e13e6042dee54d3d990d8f07a68f6b2b43d0a34,1
592c50ac6543e4a8514c2d798f66790679eefe6b,1
bc3d30d4b3409a541d5461c4fe6a92c62c3d7fa0,1
65d81f9405206a7dbe6f5ae26674401ee94c564c,1
3d17b9ad5a488640b656e09478765be182bda6e9,1
2427330a0103fdbd9316598d6ea40b9c527ca7e4,1
a482026bb16e8ec9920f0ad69c035a68fae953e8,1
e0f8581cc6a6b320b5d779ffdae0b0467ac39f36,1
18df2b599adc90e52421b1c3e079278003347d3a,1
5b0c906a217403278f49a62a8d1fe801d96dc731,1
3c8c10e60d9b376af1e7f4688fec08b5c122eabb,1
76083dae91f9a93c49061692a01039b57b9ec0e1,1
997f4259e9f486b3dddf22d041f79b3db1d76d7b,1
6a7e87060874dc07fc5d28bc248ff12fa3d31ef6,1
aecaf7d743c6b8295b9646828cdd5e35bd4567c7,1
104f467697a2d6c992dd16090ae6651b86c5fb35,1
60489121aa8b9d67f1604fecbcb432fb43688eaa,1
c9778943dd91400312a32031eeca77ecc25734db,1
aa87f42e21dddcb962fe90eaf4e9ae8833b89684,1
e19b336588fb5d331c4e0b6e0f580b980690ffd2,1
5721ca5963d519b0ebde231342ed579a79f546c1,1
5318a764a4e47aba3db0dab1446f3048168d5178,1
7022087015d6ec70b6aee38243e2cf442bfa86a2,1
87865f8e0869a4c6abd1d1877ad94966cc1547ce,1
dfd67d693cec64060287142bcaa1bb582fd36955,1
f010c81e070203bf98a6f6de48124b28cf0b16b6,1
692a6689d8fb4ab43b901e869be66138cded7b7a,1
a913698cf208d9c462bc013a7c9cfbcbe0f38866,1
478193f342ab5d4f2414311631e92bfa427c9ccf,1
07ffe32ff69c6a4c474f5ae0723e1e67546d6a3d,1
62556ec8d872668e9981246cca657c74b90304e0,1
349d5cb7a7da62b586c7d068bc8971153169e330,1
ce7ab3eaeaeede0ccc4fcb7bea5e6bc2fd7c0de4,1
6f829640ac985eee7b90f19061846109b8e26004,1
bcb276137c81811aca8a9e1540c6c9f48347fddd,1
6fba524fba14fe1e4019285b9fe21cb8bf5ceeb1,1
b18dad7cdcf9f792a3d6918bba7b9641f8894661,1
688e7d5a33a5a9ca2b388a15a04082aa39e22743,1
731e9b9ceb6dc0d25ed6b2e4cf02aba7e565cd1c,1
669faa8eba2b5a8d0b063bb499a4bd1c1b39d24f,1
ce73d4251090c67c004af8f95d88c8da94f0eb6b,1
8ef96b9abbe1e865b5d5f1d4e10d96d41251e872,1
99bfdee7b39f5c4e6c6b7790e51ffebe0c996309,1
b7afe8c16a5184bca6eec59977d84a12bdbfe777,1
f977444831a4708c9b0ab7105e281745cbb4433c,1
73c3b61c72c524fe3c7529de728d31082ea3dae5,1
67ae1814e33e952d57daeec62f37dc19306055fd,1
094174de0487986abd8b7fe26598b1ff905c3e71,1
ec949990912f05848290de4a695282e69d67c45c,1
bb238f7907804a148032af69286bb00f57c27e80,1
c05fe50bdc3f3499444fbb45b9f71d4acd37f0cf,1
cbb20890ba1e6ccc895e018d1f9b7c1426647b0e,1
c2e10c959c49c3d3db96e2be93957c6eaa5277d1,1
955d148baf7f84977dc72b6e9f34a43e55f60369,1
26f6c37126a08d4e362685887187c0bf63cef5d8,1
e3087880eed0a90d9df156fc368faa8e159d82d2,1
c62f00f6a1611fcceec97c34fd2dd7ac68c42eaa,1
e40c8672119c1d532bac1f0b8e40131b306e0de8,1
56b5733f0e3267c2a4409f6f5b3f07cb17da237e,1
bddfe236e7d13538b4132074880926fb8eec2547,1
1e768e9eb792de496df677f7cce04ea31efc1aec,1
835bb12c23c33ac59432e1a47bdef9f10149fe8f,1
576995f4ac8fbaef4d6650f6173a1a9d82dfbb3a,1
ef3cb8641792ff15374958740a0fd2775a8eb533,1
512f35f07d14ecfb6437424655014116fe96fba6,1
0f337e8d2aa8c37b67a00b348fc1ba44433172cc,1
a5ae560e8184fec9915bed3c149ef11296113284,1
c6f5311724a2311149dbbafa88abeb3c424e8e61,1
cc2641fc48661e02aa9e474f2194750f2859d069,1
25c315a46181410b439a0c540a4e07fcc5947a95,1
3e7557043154716e046b83b12be10644a3dd9c5a,1
b3453144244a2a3e839f38f62688fb4c78d9cbf1,1
5b1a09034af0677d6cd7967a4ad918847a592fb6,1
d644a415b856fe17b9379e25dfed8e1821e8e0bf,1
95110328074da3e582d356e1bde3498df40bc13e,1
87f8561c7fc0418dd4c251804e02ab9b1b2a3f6d,1
2349f07a1f5a2732c20ec0cf7cc271c077909344,1
abfe0feb319ad4f231eb8dc218405fb2dec9caa8,1
2a828e04827198326f0faa557dd91fc74016038d,1
25f492d633e353b4332da07e7f677e0f8710b6f0,1
81bd203c094ce251be3575472734c66830ccae1e,1
83691f4806fed9a6ef388a1bc55287dcad412f22,1
d01a0ce86ce446d0b1b9dca0a5f08cf0ad525f12,1
9d9eb3137484709d12d1f0d3ba409f945f972920,1
d753c3069b3ce76278839df04a1e0ed606d3e0cb,1
7c0b2312b9d7dc1de382e70731194439188913ae,1
f0559ddf71d8d9bada8688debb938740de7abeb5,1
46d2a1eb184254e4b5b9daadc1f446594ad8f5f6,1
a0a514e7c7ab3edbeed8aa9311c0c1b15bdee2a1,1
b8c400b0087524ab0287b09bd9a37aa25ced8f7a,1
f69cf34daddfbc516e392b12e9ab72758d92c578,1
5f911b55e2ef2492024ffb91dbc430218e9cc2a2,1
6c34c79f3908f2870825141ec3a5346bb3067d3a,1
c5c7b7eb529d056b43c9fb6f083de40024aecb3e,1
c5356d99ff6476f60d53622fc8ee8e179814a9aa,1
fb6b2e4d9a41f30b457740aa8f9e257f661335a7,1
c983682a69e56b1ae931cfa42a013a012b5a8ea0,1
6a67eaeef015d4f1bfafb65e97fc94a835832cc7,1
dd9ba3e2894effc39086c341ffd09b2b19cc20ad,1
a36a353fd9abf341bbc49947777cde54234eb899,1
5198a9564177d43273ead937eaeba02cde7a744a,1
d8e5bd767bec18e738cbee2f992a3e8997dfecee,1
9b7165b0f5d589a1b09f3b2657b0acbac44b675f,1
d1f2bc45374a6d2d3b1692d0249d5e0f0fbeaccd,1
94a31e73594cf022bf7526d0cd909e0926306df4,1
da5c879bd1bd5d8bf9b4188b739c7f9630dcf567,1
7862c132e19e6c6464c4083aff02bf6f44d50da3,1
810f887da45a9a8728106bc4554d21ffbe08bae6,1
59728fda1314332368636f5e2e6e9fbf44eabb61,1
682d4de76e8fa71b93223ee214193ebb9a3507ab,1
1697774bba9213f676f82649a3732d12a41f9d5c,1
3193e451cd459f93259944bc98d89004f2738dc4,1
a085afd47d8af3aef92d03cda16193b67ed52b0b,1
d996c469303b80c557cffeb7fefa8c98f244f46c,1
1f969e90e89d473e2fa380620ed0cfbdeb95a050,1
6d68f467381d2fe110897397c7df6a3563001f95,1
77ff4fbd6353253b8964252591ed579da08db296,1
6f66bdc5273bd850e3e7c8deffde1122d30c0724,1
184d3799f204b5a3e44a6fcc5883ebe4bd90843e,1
2b759aeb9f029ddd9d791efb77c1c6acb2b93d9f,1
89244bdde891fee40a01799b6388d11c18b1108f,1
f29c8d1f3e04bff7e0da28bc07a9715031ce72e1,1
3fcb13393fd72be4d38e5f8a2d0b3214ee7b4f2d,1
2e96710a4fa3b53474999c1e3fbcab6285d99990,1
f9300cf69030b4e806086e63021ec0dbe58c91db,1
cc7ac87af49e2042a987b5f8dbf5d5021f01e0f5,1
202168deb9a32c3528b706fb080efb41f7e2486e,1
0311ab9e58b3d1a5714c69691e1198fa2ef656cd,1
2b19fee725bebec938ea5dfe6e7ace9675edd102,1
46d997272bdba08bb40bbbd3574c494f274d4a1a,1
12c321b50c92efcc8ea59e7c58d6cf8fde9686c0,1
1130f9aaf9a0cee21c9e39800f5ebf17ef216879,1
f7acc7e0542fd627e2add35512aca616a2e74f11,1
b0e92d3d92132002f4f29829daeb7a0893e20deb,1
b751a246a9c53744ff69008bdebb5ea22cc1b49a,1
e1803592882442d2e32e368e33f18d928a902d5f,1
84e478ab072da144366386a143ba878c01edcade,1
9e8f465c81db3abaabd3ac9fac1f2e1f8f263872,1
6dcdabd0efe44fa7eabce3d7a642efc12f57af89,1
609b27c569c9bb94bb37746f394bb395d5187ed3,1
f098e18606c351e21ee0edb66fcac48927edb9c3,1
1561762335cc72fc24c04e007c839cc77db11b13,1
2920d0ea333335620672ae2259c6aae16e634efa,1
c920e9d95f93fd3f97e9f34093ca5807ae3ae40e,1
6e6fce2375ed3cdc5daf65fbfc49241f65e26461,1
74d5a084c05ffc3d248f9f5310944c2af5fb4572,1
0b1db418411fbe680b9bed3d93435d9d5ae362f9,1
efbc4e32d4efa33382f2740e89d9f305c6676d42,1
a87ad8610ac7421175380d64b703c2d0b2077016,1
deca8f178559242fd2b4a9de142b088463a10e0d,1
481c5e93a3b245743248f16fad066daa9aeeb48a,1
f287631b3193d3ef2cf4e3d46a5ddd169abb82f2,1
a8df613a243b42ae76ab9eaffe419484ec2290fc,1
29eb6d9c574d1a4df1a0f75c75f130d11b456464,1
a2060e726ddf97b3df63d014d41e1036f5e535e8,1
725ddc76474947ac96f20438e07450f3e6032bf4,1
9cacee40bf59fd9da63c3fe4e2f8bd5861e3c1b5,1
768ee16fbfe441684fee0c3093b7d60e79973e1e,1
baafbe5ee24405e020d84dd5581954663bbb699c,1
c67a6e15c4b875f7e5605b3b59f77d54625f170b,1
56dd4e24811e5095e984b2c026fb2215e1578959,1
13c00509fbb38212be070599c86de15440a92351,1
6a49d3bc00ed00089ae01aa16c4dd80738313836,1
38e7dd73c17b3af7dd2fa01e798e6899c5e072fe,1
0b1f56f5f9b7fc4dcf05487bbebfe5278639634b,1
524520f8ba030c8538e5056c71fbe886ee07a252,1
7479673cb8a918ac3fe8d86e55a0e1171a73595b,1
7c36680e5cd3ef325821c4ba04e17e07ae5fbefd,1
84483230462520062b3faa03be2a1992af3f39c6,1
dca0ca1ec167cbdf339cd979b1f9aab800ff6e76,1
d945ff39544ad940580838440dedd988ca93c323,1
c2701b6e787e1e1c2b098f8684b68c4daca1487a,1
97806fda60f947a72ef2a1d87e158061f88a38f0,1
0210d44a2256638e3af4a9bece764226e46df35b,1
dd98e8ccf12563ec985f97217106e8bdbeb72d56,1
b682a7a9fa587e7ab8a0eeb35d3b21b6ed38196c,1
d8bfc6d98e45df2fa58c37ef5d6e4cbb4661792b,1
9e509664f8951758db7ada8263ee03276b694e18,1
7d210792d4421e241b022bc06d7701d46fdbbdd4,1
d8acda53c01bcef45a1f37ed69b3579fa466a73f,1
9453aa61691fd79fb7916144b49a6b2d2538bc90,1
23f4aecb100d269c8e38b532614548148bc2de2b,1
72ce025fe187c94b7adbe95ca38c6570c08f5979,1
0db7b1ed83d8c4337c90acc2773d684ae16eade2,1
60ee41fa6843819bf14afa342abad6b932182b41,1
f92d4c530696898da5aa8111a4d5769b0a558dbf,1
31f617867fceb700937f7d3f4e3d6b14c630b10b,1
1ad06c2b1dacd6450067af289728feb158b6ec8a,1
8cc49dfebc051cc9a24f2bfc24f4dea316c4b98b,1
3e645a62e36f65c0eba9d545f7fda0ecb696015e,1
e9df4b683a94576d84e68977f8b63a053521a63d,1
761d788987368d8a07626cad617246800fd66d4e,1
fa01aa34cdaf999dbdd81ae50b96eafddd06c297,1
fde2d9f0838c15cbab3c4af2acb5ae9f378ad875,1
f34a54b650e5996ae66f98ec72befa42e7ea557f,1
3798b626d20f62ed7d6b3dbdbc9cbfe06f074117,1
662880e730df559a8ddcf2283f6c8bac2bbd550c,1
9f1a4f63ae417068dc46c675ae17c27f050cacc3,1
66bf79c8bb7acd06b0cc4bec435b5045a50ee9b7,1
a7c1fbb78c05f3bdb0eb9a863bd029a5bca54827,1
8556db1158b35ba46a653ab32d2338aa936304b5,1
ae89cac642a17dd06ebbea9194766369405cd2c2,1
d95576f133ae9ddfcef7ddb8e1af64f158e772b8,1
7e535315329cec1a58a08895d71d8ce4db7870c6,1
2ac24f9507559988273271988f258dd99831f0d6,1
ece7cc5306f2a72000f078ec7d26a70fb1df61cc,1
ca192e9321f1c2456097c5363368284efee31bbc,1
d64b8749c0120a4f6902223eb8cf2e81fa40490f,1
205dd250ee69e018266e8773c53138ee998cfa9c,1
347c2ab193f4b965a9ad3c28fbfb9613604ee7e3,1
821be016aaf49761eb2779320f2a250a2cdfe92f,1
006df4d155775dfd6319528812a257729ec87b23,1
83da2aefb591509b24ff083abcb5b888f1029f4a,1
3cdb2b0284f49a8bf4f4707cc9732cd9019f36eb,1
0213b9728264293a801fbf6867b7dd0309b47448,1
bf220fbd848f361bf2237d10d77bbb37967af362,1
da861b4a71f96e3b4e42ccee5c3db72c73ee901b,1
f5fc5c8b8f0228d5d36d14553e7d092f8fcf2786,1
f02c33f0e8ebbce7e0b0837a7b32a47bca0ee307,1
d557a128db81f25d58669e1dbb716ce24c1a1a2a,1
fa5251a7113f0791a25a0a04e503effb19c55610,1
177da0b33f010a81a00f2d5aeaef8fecbbce4813,1
b8d463893056e09878b356ecaf452213d889eb7f,1
f8504f3c08fc387cbd63c111a193254f7a9f05fe,1
e1cb0a33e03928ae03a0cce2105b18e523e81f2d,1
bb5c8fec94a356aa69e51a4c17a62c13a082d385,1
2549db0ba26e08e2d1cd73436f914ba9e97e7ae2,1
4c6a74b5d4aa9706736e742de90184d5df29aaf3,1
1b45ff2cb4298c4e059ef8982b631b08045365c4,1
2724a45744204ce964a8868c6ff558c281beef7e,1
94d81d455f49b5b666a19632529ad511cf83db03,1
c09ca6cead6590519f1f12819b989814510e26f6,1
feca5414692631856d7cf427b639e6cc7320b4a4,1
9e0e52cd7e7e73f5fe8c2fb54c3436476e6adcc1,1
401f5c1ad0af6b9702b361b020dde4a80c692c3f,1
8f14801b2e44d18d243bcf55b09182978abc740a,1
79791db301f705b765bf0d3d03b359c583d60b7c,1
6f1a9e02461aa4ae6c63a0d25807cfec7e818112,1
dd5b61af6cfe124c06471108799af8f8453713d9,1
c83d10d2037f56fd227eff863d97895ae85d00f8,1
aa1e1a8803abbb690ad430c6e7527d5b123da9a0,1
5ce5651b01fb2512d54ecb887e7400a7356a0228,1
40bc1e8e77eb782be2352cf963b56e1d76ce0b55,1
1cc04ea4ecda23bacf189f63f57ccd29acca9c32,1
84acf42665886438360ff27166c40ff0697d8a39,1
8b6b77d4d776d9530ca628ec5acca9c7ed2fefca,1
6d2ec4d8a3f3de0585d5edbf33916a510e2f0b1d,1
473bef97edc8611004d74d164512fabc010d0512,1
f119573752c9fc76db731dae9a2377c57098ce21,1
feb50a303f3a44994745dc463c717cf7e5413e86,1
50423e2a0f40f4d256dbf712c6b0ac9afa7fe905,1
459c420fdabc35354443f58ee1379d9d2ff20ce2,1
bb65fe5b951faf889780fbbaae7d9a16652d7c3a,1
c82e758c53145b106481fcaa35fc382bd7ae2d58,1
682b5a3dd335db36773424efcab4651cc1754551,1
9b16897327043c4e92d2ead8eab2c00988241a6d,1
d309f3ce9b6e2a245e020f467f427542ecd4623c,1
5ee8d1754cd6e0a5e35b3a7c0706bf7456db72ce,1
4322b8998cc12656c9c5b87d24dda12216b5c9ce,1
12384413a45612f73669ddd58c2ef3b7d298f86a,1
d53b0b5fe33bcaa006c1e9c950c569818a85ad86,1
1850c366429adc122c62877f04f7a77aab4b17c9,1
06bb61e06ea7b6a18b4138491d3963f807b2c5a7,1
85218723157d4819bb722e3bdb97b55ac6a63a92,1
aabf2cbd01e37d738d9cefe83aab67548a5c8b4d,1
18b939e7ffa01d676eca46b8218490ba361933a3,1
b1c537c09ca5c53504f18ce3c47fdc3500827857,1
0e0a387f2ec61e74fb7f4eaf7d8b586a2f89a728,1
8953511712091e35c2ceb2ca8dca6f54c3a10ac7,1
a4bfe75d54fd5f1bee48d7c86aebca79c4516507,1
279a5b94ccaf9c6ddc39c47c126971e749c7aaa4,1
a67cb5dc9c98fb0d837dfcf1a2b0e67653d3af4c,1
c8d510fdd99b5d3b89b664c418513bb5d5ae6940,1
690771a05fd981a99d1277f718568859b6e14185,1
723b0adac4f3222e5e4ebf98500af9a5eb1dcc6b,1
bc6ec9176929e65c039a1eccfb46ec159a9bc06e,1
e13500cb4d04c84ce44986e2a0381a4bc99e12b3,1
16f39da0767757ace850f4de28e9cea2957e0752,1
1bb65245f2762e6ef5ac8d42dcdae718b682ae45,1
dab3fd92afedcc8b8f00c590e67cd023321a1819,1
7c8ffbb383f8c6286591b8cba968129bf93a9cd6,1
a94ca505ae3de7ff4617575c22a53990ab7b2131,1
176931720967a0076455363866d01640924146cf,1
79d8fff2b5ab839bc69892e49befac1ac797f0dc,1
cf62a5c8908922185e723f01e540ba84d933bdd2,1
67f0d1d30e1150faabad284ad752b2c35585f00c,1
c249a12e31a8e593f7f6a2b8b14957639014f73a,1
a2c24e9f4611fdc615e16937cc89223be83716fc,1
22390f6d39e1a15d388f08844e3c4ddbda013e04,1
a99abcc3aeebfbbc67e867fdd305d33a9a0825ff,1
91b5e12cbe7add9318fa7dc7f4bd98d96fb9c9ec,1
689591a3c8c36e16a1a03793c01a900a444f7263,1
a56eb5d0382b955b01cb8279b53ee0036fe50bd4,1
24c2eebd48f48263bd7b553731f30f57bf6aeb61,1
f1415e336c7ad461d94d5a7137f0a2fe81e8a310,1
187405c8cc54284cd31c8f2aa8612afb292c702e,1
6ffd8f9479c833ab4d12d155d19ada14d1d342d2,1
0bfdf7748e223bf6859c9d28b57ccb6055e340c3,1
05ac867efd0e3fc10c7422064a83d79ec3fe3556,1
694e639374e03dafc752addc7762a10a723c9590,1
1c6d0171f57af837f53cf7c7aa3fe56b4c35a994,1
2727106ed8d3b2fc842243b91927c00f4f8c6e30,1
265f96d0f7db1b0d934a071502a38ae07f5cf867,1
d5d1d0eb610cec6ee209fa7ecb1b9bab99f78b26,1
14aabb0a5ad8c69db7119282cca4f1a2b58b5405,1
ebe1c234455d39330c2acd358f1dfacf5edd0d4e,1
b6dac7a9ce30143d3a086280602ceaf244efea69,1
b89bba168483521d82185f65adf62ca966ab8f20,1
d30e0d01de33a18a21563acfb739977f3fff9909,1
927a73ded5c2d6aebfc099cb6dcbb4850df2f035,1
0b27f6d2008917e836ef41a7d4e219b2d8803062,1
574118eb7002d43d63482c141e65e50f0081951f,1
42d8a4a378cffacb45141b4900698ee3f1820da1,1
0385cb29797605e3d34632d62b1920f89e096a6f,1
e5db67b806c23b1fe80decd156681c9f88808f84,1
787524a6f79e5118a9a3951ecfd8005b12db6ab1,1
651b2af708cc15fb296aa34570ca5f9978c76928,1
53e7bf28141aed103ffc4b19bfcc11e98382ca97,1
7332794f43c55f8d9f4f0b5c5c9ddc1320ac0698,1
5f565bb222abdcc834875f7867c764c911622f8c,1
e0cf11cc207b0b5e78d6652e6ca0bc0ca059235b,1
ae1eb7dfc0b1e80afd1b871e03e360556051622b,1
74dd7405a406595809ecf1b6e1879890aef6abe8,1
890fb6a4789712962da77c68f9d26bf73773d9c7,1
02f68311b4a82f829d8eb27ff6d04f18989974db,1
ae44c5a10ea7c1a17f8843a0e516aa492de3c2cf,1
d6064336bd2ac77202dfee87286eed99f5ed5f8e,1
16123d727d8e8798a2cd3ba473db9813038dcc57,1
1c080cde25b6bb57140f621c22815434dd6ad935,1
1fc258542686aaa295d5acadcbb8f6a781b66710,1
1f06dd5f8a9964795b39ee0b2c0820d168d7ef65,1
286ff6c55fdeb085ed293c6a37e1f6b948d2ae54,1
1d1595a5b784e2d02968e59efb52b1f25163288e,1
34a1563746f057c9374e61a259b7e3c33a8083ca,1
cf7b80505e0430c1c4e6bc766fd45820e2e1841d,1
81853d5d8c873984fa0e676e426ba4d8d5780b56,1
8834ed9090df483276631a8b78e127472b3d9e52,1
c064bb339364068d1573088382a29717f3e0c7a7,1
56a9f740bfa2b79088e09de6eb1ce7c14680e071,1
119e7e0a311aa48702c916ab3d06a1b550ef1001,1
dccf68e9c5a9e194522dc01ee2ed8f875ded92e4,1
6a828397d63282d3ff2d6d794412636ce27a51b7,1
d29488e41ea516b39028b4879ad4c5391747ecff,1
78dc781e81834a14645e54a339c11ff9af4a84b0,1
4e7b2fef98af8f553236831e697dc058fd7a27e0,1
e930870872c49b699f6a556deb228d9f5c0a0edf,1
25ccaf2ee2bc683422a5db1db40f3271f91009d0,1
944dfd5552a5e84881b3b9f514457254a0acc4d5,1
995447ab6cb15a652f0581b4b22b9b9906db3c1d,1
68bc6d081278c081407aab80588969e8bd066656,1
e6db70aabe73e5ca6fe430784a23c70f75c4e9b7,1
a98fa899e1301bcc2d38b5d17c8fa455fa7fe382,1
b5dd9138bf154675848e395eb58a4d3fd16ffcc6,1
ffc3d7f46180ef2fca328c96e97561e189a34f2d,1
b0c117f72c925250ba6620dfdc010176b85436dc,1
feb7c611f014420f4fa7dd58bb92f85e9bf02a6a,1
afcf2fd975622533dc180e2e8e186bab98510f44,1
2da54aebf4a89367f955a974950ed0772d0d5a0d,1
6c383924e2d65aa612884b2219fd5835a8156c65,1
5331307df669fb22fb9849f4635046b5a6de2822,1
2849efc1297585929a95abaaf21c50e69e60aa5d,1
6493f77a59ab7ab226cdc0c25b73a480dc471de3,1
83241e6a4de673a65182b733142d0be8180d773c,1
a69ad2a85837d3f36f36e91e44d10bbf03cf1e2f,1
b6f839e7a501e8f99b5769d2ab277266ea604dd4,1
3ba70b1bfef2b91df25e47eae407ce55ed023763,1
b45d1204a4106af98b1b3e2c8283cf993a422340,1
ac797f9a9940b62757990a162a365daa3f0728e9,1
4fbe64bea206fa8d3eb9e1dd5ba1628ddfe82f06,1
e115517120cdaee1611abb10f833e58ef9307af8,1
e29335f2fbdcd872bab36f2a2ded47e6614f3dc5,1
92aae35690bc03b021e74df84b2f474e827562f2,1
903cc12df472018dbaaafcc72f6355e384096f33,1
6a3a0ee76e6e30c103efb3be63e2dc03049b6354,1
8b5a2bc4ab2db1716a1fdd09805df87f088067c1,1
a38b1ae254b18ef003a22f40220d365a47a0114f,1
c77d093f1d30c333e6de232124bc12e37fb0b7f0,1
aceb0f48cedbbe51a27dd49ad91619326b7f9e8f,1
ed73b67bd7db2cccfc23291bae23f82b670a55d9,1
718cda1256ad79bb23ea9c99dcb7a42f99e6ec93,1
bf549eb7062fe49bb18d931c4ad6df3cca7c5612,1
ee44c47442b5166ae7b1ac661695eb45b95a658e,1
747b6a5e78d210d9fdad761145480da0d553ffce,1
2b02506312d07fb3bd774bdf7b6b338d7c1a7011,1
36b17019d0b32c2a6017c0f6289c881ab6721233,1
b86d8f6aede57f60f47701d5e52f0b25448c78f8,1
828464433569112dbbe85729efee8d6d9c7bf65f,1
6277696c8fcab0eccc0b08597c364a6aab01801c,1
cb3ca21b29a63f5b4a7886d33414da97d7d45dff,1
81a0e2e8c4a30d259a6bdfe98fe95a5212b482e6,1
ebf2fc160ee600184ff24072e51b7924ec2e1bbe,1
77f5058582781ba03c44012a545457e4afe236b0,1
dfbe70d8e026a3fcd5c78de6c74b5b18f1d6461a,1
425986cd7889135536358fb530c9e257f6d78fd5,1
f43aeab4f6424276b6c2a60a20d3872bf8fc8d47,1
555fd86890779a2011aa61acfa437ce880ae0499,1
eeba03b7e9d7c4856cf3c3ea28aadbae8cfd2611,1
4d4e6bcbc0bd471443f71d4a635d692663096025,1
fb610156ac155d81029c186a707c68ebf65a0d7b,1
d8c2644edfa4b478361dc66b087907b9ab07126a,1
c1f334520d03e5b63b447e13ec3daae45172c66e,1
653439fad33f1f531bcbc193258844dcb7a9cb15,1
f778f5775eb0e8522984accc0cf308d20d2488bb,1
2a77a5778941f803498b81843a27965379c20a06,1
b110638de954b79431957dbec16084b7d8d1b08f,1
2a53354e56bc26d48df7cb242ff0976879e64fc7,1
38207c589a8f94c7e31a739f165454cd0c2d574e,1
8e97cc0b86d21f58f46bedf84160bd0482fcae47,1
b11f8566528c857ee98fa13d0e98c05116fed7ca,1
127dca678be7ba679197ffbdf188f87f81b4a0a6,1
a92ffca0980379b184888e2a93f0c94788db2c37,1
c0bf4c468ef1f8b2f144559f4e68bb3f55846a5d,1
4ea0f94dc3ef09b2b86b6fcbd0b54d5a90f2f1bb,1
9e212633642ec1c2ea597b94b16b6014a9c036ba,1
9e17709ee5f13555ae5506a325af007b4752e51f,1
bdf70cffa343afae6ab54aeba3a2232751d0097e,1
1d2b35f4388df2c155dc819558edaaa91de43c83,1
b1b28dea70849c82758e9c375127fc2f614df458,1
6963bc50b8f12a8d26ad2496a8f6dad4bb6d657f,1
2b4fe02214f2b1a6915ccec79e8ab9bd0cbeb272,1
386a87370765e77ed5ff7c1fbefbdc3bd8a294b3,1
e3fcd9bca6e306a6a9d661cfaa7fede1c111abf6,1
fe83d01dcd4ef3523b544344abf39cf95fa3ce4b,1
310f1a6d9672915c268952e29f6724a26e7a0cf5,1
39473e7218daa44759499d43e6ba7b7d698621d0,1
fc2b7a70f9a1b2f7780ecc76837ee2286d1547f3,1
3c5ec1e0568ca637a225eaf79a3f99e3548de691,1
3cadf11e8e3157dfb647e767147b40d106cf8895,1
4024c3c6281a2b66d9e7e9cba3c0a1e18d4e71a5,1
a547958a4a93c0f4d073e228dda8042e6e5fc1fc,1
9612865d31e33f87c55a59c55d5207563c9484c4,1
41277605717c05e1649f18f10ea6762b694acb93,1
7f8586149955a6c12aecfa1b1814ef15991af2bc,1
4710f678957701442125a1f2a4215ed9564d7f1a,1
e939ddcd5bbf2377dbd45c8b2111b6dedd8bc8ef,1
3e538a0657beb58bdb6cec9d85b6c72acf1d4c9d,1
7608b736862e1a1d3c32ce3fed2eca3f586dcc4d,1
cf62068456df9bb9fc796d97fdc8cc5b2b5fc808,1
d6ee5ff0693d0a83a242003bd537636c19a06feb,1
3ddb9fde4d2cfc1ea0c77297d577a7de373aba4a,1
c9c0850d034cf6e8363419d1a5bfd2022c48a3a9,1
3b337829de4b736392a4a0b44398b50922d7c87b,1
2bccd97e609dbb946914240f5dd77a84f518097f,1
abc0bc705309a33f6f23bd1ac4c8bacbc084312c,1
539d99ed35a5fb4f173b51bab0555c2428337a17,1
1bc89906a71c10c6ec08afca0fd4ce4ab45f0469,1
e2c3f4fb3c0ac4a1d9d1261d826acf776c6cbaae,1
aa4d0fef96dc9a327bb4829306fb850d6bff51d9,1
b7d8e67ccc8e68bb144af3fb647db0d6e10aa8a1,1
85b5474bffd48b4e6e0697ade626316b2569941d,1
5accf31850d26cc8e9109690be1de4825222063a,1
dcd1272050f674ba84bd0b96466a8a3d6f9f02ba,1
71a02dfff999657167de1995884b96b1088a0de8,1
699211c73d31dc333e68dfe977a470795c8be65d,1
182fc7ed6c2c87767b634d7b114b673efd2f7de9,1
573f6d1e8913c0a43cd27ecb158f5ccf165c63a8,1
23164d593c2d8e71faaa536946e945ffca519cc9,1
8311ceb6cc2a335010cb0e6fff1bbfbe5ac3dd83,1
ca5fc738e66682bb5719106e4d1f78ce69d0ed41,1
0406e07daf69992f646c7a8089e0df2cf0522d90,1
60cadbb0ef3f0892db894a8f94787a3703509d24,1
3f4f008d8080681bb082a24447734e2d16509519,1
723da2b0d0490bea995dcc9c46297a381a87e6fa,1
4ebbb3656e2f6e457c16cef2c4c38c0034cd353c,1
7d47ade78fe89f67bd48827793ae96b59e882358,1
b72355910079252fee9525c2957b6dba36a91559,1
9d13214506a4ccf36c0eca1bdbfb2bf0fffe1796,1
1403f188dca49a7b38c7085dd9046c4740a0cb56,1
8d9f7840bea89f63480703e87e263f1efe2dba7e,1
ed2a2c5638bcb6fbd24f7a4a3a958706b5e67bfd,1
837051bbf9a1164cde90050b54dbffb7fa9beebc,1
c2398879a329b7d181b7292c53dfc364868baebe,1
3efb92eea623d6b8b82aa5e0b99fa78e19e81e61,1
655b0ad31d73fb2893aee1b801df41488f88226d,1
4ae9f293a9150309cac6de7745a7b8697688ec5e,1
6c1a99a0cd9840352ed983fcf09cd51c7bddb188,1
17a08ca672a7afdf6287c7413bfea12b34191afd,1
baee7b61f1a63e8eef4b8de90e83efd364d922cf,1
0048325a27ac26533eed762e8f25aac2aa819548,1
c61635e70493ea7907788412f7734a90ae1aa277,1
5440d880633ec4513baf16ead7900026a7e184ca,1
b6d2b94a8b1fbd48287843e757ceed3111d17d21,1
c5c58b9449577afa0831ed175f36bdb69269fc6a,1
35bb9e62764e1c0d7a7e0a0d23483d6227debd57,1
b524ddb249e1a2289743b4766d3e9d5ca6ffa39d,1
a309d42ff589f9fbbe2fae8189998ae5f046a477,1
601f29bc08c707b268ebe0aa36de8c4842e19cd1,1
badc2a9446bee2b90d194be0d279c929b41ab593,1
3096419009a6c26bb038b3732abdf2d59931e82e,1
596656b9a14c3410a4b5e3ca82d33f25c99c08a5,1
54aa6b1857efa515cb1857368f480c3c0de880b9,1
16c6d6bc55965ba2be4fe498537f112dbbefd005,1
c048fe8232fa8bbc6b9cb5ab2707269ecfd86a67,1
baea186ec2cf949eef77279f0d6943df4545f3ef,1
3c3726b7cb4df56fd395d2eab9c766c686cb2a73,1
a6e15e9a8cae61d1e3da30e1ee484b59af0f125b,1
b51fd7540ea85de2906ac0c428b0483a2e9fc626,1
a1d04daaee51c279a73a50c264f96e23af9c5e01,1
d236940a5127294510ae0c4db5cb2ba1df4cff9e,1
3e3824885582df8bee5672a4c620d7d026c64fe7,1
af59d1d83c4612abf7dad330abb8a976f5070ca8,1
de7fc2f6b66d0004c3480031db1697cd77b006d6,1
74442b875afe802af7d62f5ef511d91d6feebafe,1
b6e6c46a7c4fa27ff41bd68edfba841fd6163128,1
3f522261ec8cdace7aa6f9d180b794ff938c347b,1
b10c78ede629605671828fddd8e4584c80d05642,1
cc5ab52f5bb6942984011a622373a9de20979c76,1
4e706fe7e77ba8f21c13733a13557d9895e2ed6c,1
a232cd8c6d24bc5118843fa6905460d08b8ba740,1
f6e5a8bfc4d5825d5b4e4ac4eb8f5dae94867d23,1
b42968e8a2023a847b2830e65905cc9693078e92,1
e61850f9fb178a454d8bb16305dd5f87ec27c7a5,1
64382a28188f11156b9ba9cd70f6627e6d2c59e0,1
979842469f7c1c6ac0c3073563aecc4b4f3692d2,1
8bebd9f8f8d2fd2a4194f00a25d9646e529040ea,1
049d81e886fa7fd8fe73ab101f1f477f23c32ecc,1
614745c1ee285135e915b095724ae2cc37ff6004,1
71a74c2c234672f1861f285dd285fcc76c315d38,1
c4daa047af5eb4362a395047939bb5d8f20664b9,1
f7b0870513baec21dc97ea0aab00a4e0cd7e5bf4,1
cf46eeedbab087aa3e91c6e960f34cba5cef99c2,1
dc8b7a19a4f63e932d4f0f893524ccaefa73887a,1
5e5dbd7769d7e023a1ab20007af1f85f638b46ed,1
28b50ddd6960c9f0610baf7417c5128e2f47bfca,1
8cbf73b0aae54a463a1da6f3569d26b5817774be,1
82eeed7abc3da65a4d664e75b1d48cf4603907e2,1
94e907c06958e97c2848cf8d336bd94a0265eade,1
e4b7cb501b11449b9069014221a854ae2be72349,1
5b5870a74d2ace9ee09a61d3f456f12098b80aef,1
f10e731392cb77e61ebc823b6798070486390d81,1
da12ee241d8102b0cda99901f47eaf12b5a90caa,1
cc40418f90423884433ca03915ad1dc0979d16df,1
42d7341a99cd7b9d9926c83f113c7cce47198de6,1
947ded20969fd6ada08993ac288934b0c3a97265,1
944c3e387e616c91db7c2a264266f689e3903e5f,1
26a195df740694c573f671c12981b5001f7995c8,1
5a938800c207cc40d6c660be36392e65e9510ce8,1
a1c62d8f947d4cb42bc8c626956fc37648b2e285,1
9afadc9650d3dfc9a38b13a93a9fd4bb76276903,1
157a1b991cff2aa6f8300d718cc20a0abc9a1bd2,1
ebab9a31d7c3b48ec4b245a1abc434713ccf22ec,1
9fe470848a4fec7018f11b3ea674f549934ba7dc,1
35f1267bff60f90c05bb47f56b6407961ed2d870,1
e4b67731b2ec674081bbb3b6142ac48d09f21fa5,1
e244cc569d3aecead2343694e09301cb4ade8521,1
abb8657b5950f4df5647a5fbec1e47c089c58aa9,1
0f068fbde87b3747cfc4e2f8b38ae598f340577c,1
84441d5924581a1d27ad676521f9f92e12a3fed9,1
61082c0b510aa5d09bf4251ae947a8f947997810,1
52171206f13d6279ba15c0285c55b4fa9bace176,1
c6991d4f158ed7a010731da5207593ad16943a1f,1
806124217b1d9d8450d042b3545767c12b7dd136,1
30b8bc42f38b26ef949ebc5ef9ea0a945074a7fc,1
7a43cab0eee4341e943cd73d4c02ade4cf3df0f6,1
132c5002843c79fee1b05c184669006609b0898c,1
608f458a184df84c6ec40b337073a3a7939cf484,1
da532a1441379a9b7fd16834981ef4bdef1a0394,1
1edf37bd0f264c63d8d835dea9ef534666ca81bd,1
6440e2ba22be76805fa5b38c56d88b0e1ea948c2,1
0329cf6a6a4642547084942ad390faf33cd3fd1a,1
1158435072ea8d01c9e459b03be4b694886a195f,1
0c9937a206dd4a92c7ad123031cbfa1c551f9ac5,1
d46db7d18ff3cace35f05d8a3f412d2a61f83e7c,1
f8a0670b00685ae3e63407278818e09d26bb3c2d,1
65503f077aa70b88d628f67b2db5ef4409fe2582,1
6b6bf8d1cbad225cdcab406beb2fc14255bc5fbf,1
51207ee2f92f7b9e65e5e4cc28478653eabacc09,1
b8de73933f1152f16db73f4743742a4af0cf6e04,1
9d1866f816b4cca6ce436a2256a5687481811042,1
f93d7927fb7b62fe2e494a6933cd1530401c9642,1
721a4f01d5ce12f3487f63af0869a7252d687f93,1
71807704ea5af8b8dba0b8d26f55fa01a49b1a31,1
cf4cc30caf9e6f823c05c6d7aaed02a35588e597,1
247bf5e8aa50faaaff57739ddb64b11703a63a02,1
c7b2c2bbbe0ce1d9280cef97914871202a661e00,1
2d5acd5b10797c66b3f50e5037015e02db6b6d20,1
e69be258d240499e03813b9bb52e62215e0575a4,1
3bcfd8e52f360972e7ae61c17ff2393a9d764dde,1
8f825505fa825038dfc5560ec9d25e120f9537c0,1
49f3a2ed18a9c428a16ff0ed9ba93881e59b0fe7,1
9cb170ae82e957547e29891a1fefda0dd7ee2482,1
754bc54dd19c67696e76cdfaea12fd332cb15690,1
15d9893feafe307513d421a6e385f3b18eff77aa,1
dfa2ea4ad160d9470484270e147a57a7d9f25052,1
d104e073ed6e1fa218f87bfee7839802bc1de94e,1
078ba43ff4cfee58b8db3683846711daf1d2060e,1
6637a691920b25f128f2521bd5d0f8d5a3451149,1
e8e6daad995d1309e5b1d7cd7b6a8a148a15452b,1
92f691ddea6bc03d5b18c8d64123e320f68da5b1,1
f9ec63e10534f527be9214320693d35520d6eca8,1
cec41878cb04d13139f2e58986cd1c7bb9f15359,1
733f61fea6ce00d42062415719b28c2fc1e6f73a,1
5147900f1203a301fc441eb4e7e9dc506407771b,1
bdd1aa63fdf42521f70da4bcd672792e0ab14519,1
5eaa65d5fac00307a1bfe3744dfcc98459d95a98,1
15d46bb3400beb4d4dbab89b381fd9bb31b79336,1
20c56e8da810c3a57f76cbdf6e936fbb27fc5f52,1
272eff75107a8dfd69e0a5dbc1b16ed07a0726d9,1
b713c997927ecd0488d3baa145f1a4251cf0ccb4,1
c5e7440238f1e5f4980106be369c16b5e9b7169b,1
bc3b39263e48998b305797bb64daefae9dc14bae,1
0dc6a9e8c5d1b81d14ea15aac6302eec9230dda4,1
0d15f498c55585e5589e7db1d6e34c0378d46651,1
ea911026f3ca0dafaed5b7f282dff154117581da,1
a43ff7b35c64a0f93f33c09c74977375da1b41a7,1
d99530f057e96a2f61f23a332c615bd6d6a7008f,1
27e5c49b4f9c8e05c9eb21e25e2366e1bd110384,1
81348065742f256009aeddf647e4ab0e630e9961,1
830b1a7017761d6481dbd7da1b31baaa85a6db63,1
07fed5143df351bcc5684c6c87c34ba12ee13f43,1
846488821ff16488b518b2518ef5a20b6b006333,1
84a49f96fe29554ebf85e3a8e53c62f9a62972d3,1
003c584ec295080dc8016214b1607e1552d6f9d9,1
e229bbf2d55939bba21b9e19a8e2b4d285a1622d,1
53a35008aa1113c01e74d9423f77e45fe135e38a,1
e19487159ab73170f3424f870cc0c821f628c3bd,1
565c4b2702ccad4ad7ac62230446a89c6043f682,1
9acb4b9319291e548d25d78d6a8f69ed93f06ecc,1
a74fbc2fcc95fbba705bbc143858316e68928332,1
77c818d72a574a3628617b862d9cee4414259a42,1
28358aeb6db77ea27b7b82ffe34ca63828afcb0f,1
0018f45df78db5e21d0b52f4d97a1f6540786aab,1
366fed38cb4de421917de5ea2a8b50ea212b577c,1
ff224606baf521611295081878cb65f2e486097b,1
3eda23e6d598ba6def82c5ca3c7e67f375b44f68,1
1299918cff1bd41aa94fd08e5ef672bd1a47483e,1
8d29cce08c00185d7a5064af4a237fd8877d513a,1
89e56b54f3c644941fc3fc52aaed35d5c9669c24,1
231fec47b12b9cb8c89216d1ec3915eabeb180fa,1
142a7806aee23b1f7e65130148be9307c457ae74,1
46fd4968c4bb5dd7c25d04e88232f27bd576f3ec,1
5845d1c0664671ab96cc81c15a2e0c6565d9b559,1
b43419345d582b4d325ed21294f7cdaa17f94003,1
07ceddfedb35eb61ee6c32077c1d9b4135a523be,1
d67cfe27eea5a2edaccb467ed6e449732387d873,1
a01e2cb9904df867f286159027208084df412d5a,1
80c1473ddb748c38f496a0ad932d8f3e201ad734,1
78085bf3b0dd4dd10d5bc7399140be79d1e500d7,1
a5196f6bc72a98fcb2d0dd29b0521f4e871632cb,1
f82c65241ed508f53c04d82e369f930f9d2e9231,1
05ce96e76de1558ada854e01ac6a0f5a926c04f6,1
724bdb1f0e7f626aebcfb68193b9c4a83084d54d,1
9650b6073441de98f2fe98acb09cb8ffc56b5fb4,1
194b22d379af4211c09f129f1b6e7ebd1b12c9e7,1
b7738a3ec2ece92aaa260f017db57050332409fc,1
946bbae93db9406e04d696cba675f45e6503f037,1
97a766ecf71835b12f56b44f3745a99ce2fe51a6,1
4fabbb12e7f79b7aae14d9ae7349327f694cdab1,1
c8d5dbddbd9d9ad4bb90ab1939195f6a99995606,1
34caf67c2c4ff7d04a05dcef6dd54d33246dbf0b,1
f7bf695844af5bf110cb94b8f6b91f8d156fc3ca,1
8da3d16bd293e11ff73ba9d8dad5184e815cbf63,1
bb06df0b1e9171852971b20fb4f13ff9294faae1,1
b1f1b0abb565babd4654d60a2af1640bd32c805c,1
e94e3977364a30f257917be402590ad15cb212b5,1
38e0bb6da708f0e293fc62d1dddcb9e11522c3de,1
c419db689f25f7e6d309eb801f687c3c0be6bc55,1
31bc6eb6ff65fb60855b4ecb49e8b69976a6378b,1
72c0f116d06d34dabdaca1fb6c0238f9f5359e73,1
d4be207b9174e3ddb9a878fda4cc53005afc4263,1
333efbc97c5c39691d809f41a4ac23f0db77083e,1
539655cb1356e05191866e1022eaac6840f5eef1,1
38fec979e6ba765777ae1f880e65d69da17c707c,1
1e48addcbe22c270aafde0e083f01e803e44e1d9,1
45746c54de5294b70c274f4764f6abdfa1b10285,1
f5f63b6b52a995ee2c9262e2257f8276f97bc4c4,1
028a930b90152cceb1baf3202a667bb2d75444b7,1
5b8f046332de502dd4e73d264ef07f5fbb94080a,1
73f5dd23a00bc254971d5032a6346dc4f0a4dd8d,1
e0da6d1ae49c1a72d9237946f8e2afadbaec5b5d,1
6ce709a12fa4558c0c8f4735369765df08ba55b6,1
2a224fa3c142ef9db438969f60027f3bc57d9467,1
94a036967bc3b49eb37a64b23448930c608a3bb6,1
a0fd6cedad063679388bb89c6f147b9bd4226811,1
22bf67d36f25462a5f9c965d2909d533b0a3d0cf,1
bb971090711bf545d1265a550e9dfbe91b049b04,1
ab7c9f260772a042508c1e6642764b73799c5935,1
cef856481d104ea342821387ec94802e9073bfce,1
e4a932e4ec632966826ea70b78755c4784449c8a,1
819cc2f4a2b1e3767ee53227d800bb973f2141d8,1
719712f19bac3c984b4f802a3e8187374229f9c7,1
2b15cb70af6565b2b2c679e75be45996bd669913,1
2f887d778f667763215e65930d57e210beaeb15f,1
ac8ea1f8aeddc34e8d20ed64d6c93fe16c6f3631,1
8dcee8b29f7943007d7103bcab40b4db25727446,1
b4a0acda08077c1d6b0facaaddda7f8076054697,1
4f0c85aa09ec160d1d00be7fa7b7995e30c52e7d,1
eb1f7ed8e9a5fec252ca144b323a9bc8c1f781fd,1
898d82a450ac7adc097e956b9eaf7b4ae7286983,1
9724da7f9c0881bab38ea4069b8860d6d930cb92,1
9ef679847a680cd96ce7ee1d2702b997c63caeab,1
b59b60551faa2bae465db9fd8d9284be0d8ae34e,1
531ede487690bdb6eaade221dfab65f25fcb29e5,1
2475cb581fa22cbebb54f638d3639d93b66393aa,1
5c2d97c4f997adee3d0a8e33c89c8c6948f546ba,1
e1cb0662c4a1bdf96dd016bfa8400a274fd39f6b,1
065a25ae52a39f4b8075130b343f2bc314a34a57,1
2c1f1a75d5c4705d67493e60914f6ac80d4daa32,1
ff58009b3324ef2ef3d96c24c1b075e986a3f10a,1
89784dbde7a1fd194b1318712aa7fe52e135a904,1
d0091d5571cc6d8ab6de8e5a8341b340a52acdb5,1
9d72a5550d883d936eadd1bf8ce7c5f01f59e1ac,1
b5fa4da4c11b9b4b5f5a5bd4d448568314a8e332,1
93312cad08e1316355b9c5c985d59f31312ec267,1
ce4b7e0c14490286acba1ea11c543951db977cbe,1
1f728fe7d72fd81c762c34717319b119eda69c3e,1
1fcfee4f8bfdabefa06a9a797872706321d21e0b,1
2a06b9e96ae67433cf66917fe0c3ee6693469b9e,1
60b7ae6ffe40ab9f4dcbbdf2d25454c29b6ae1a2,1
765947ca292431c7b7ddd6e43d0d28e1254b2a13,1
09d0c3432ec1eaa25ed21c53b19965a7380a19c9,1
49aa7dedc5c1588c5401761a7399c0461045f865,1
4d99cdcabdd540e6c05410744e33f877d7359869,1
196d22c720d76945343eee00260c878628d681b5,1
02e869e8022881b80673b24a1649bacdcf0856c1,1
a5cd3e59b1a263a58666c06678cc3ee26adb03e8,1
25c367ced2205b564c3fa7c49120ba602b81cb12,1
04ce790ef3cd04ddec0959ea00f0838c257576a5,1
6d6d42a20a1d80ab4a34823a5b6607865d0bb6e9,1
1d58868fc4e7329c400792a735c8a41c2dabacf8,1
c706184408968d70ca98e17a703d5e02ac360ea1,1
4496507328f7ea6f2590f3ecb02d50771a68a074,1
b427a904ce3f256a15a5f684b91122c55799d8de,1
051ba5252a1641d7ae99832910c7fa63ef79c17e,1
ba67f8cbbc483a90f30ec6833c7c49b4b581efd5,1
bcaf69b979a39c1729f8790527dbf21114914810,1
46d195b3d9d4553261e1d6a0eb1c4c544995916f,1
a75f88b377a8b44f0e76532e37ff85903676fcf3,1
765c050a8c23c8c9417945e167233679963eb4a2,1
8195ef1fee4d21e063f42b56bada9f96c1007787,1
656b61e590a2c86e34ead355107c5f652dfcbb79,1
387e3cb965af92e7cd79a023d0e15cb3cd0289cd,1
03838c8536f42dfb57b3f5c6b67ac1c146de79e2,1
c9641d9e3c2b34e7283578bb4d849d067b996b55,1
b481a905f2449bed17d2ac7e126cfe00a91e049d,1
7e34b6026c4b85a39b215cc8275f6f7b91882a0d,1
09c087210f6b763e66cc128e01a1f85a4f5b12e5,1
0007e4f8f2e61aa10a7cdb647e8ed346a9b4398a,1
d01898c30d21e52f574720d8e541fad5e02fb185,1
9497d18e13f9c50d587609a1270251ed1a6838c2,1
368b07ee86a1a180b2236708c4d986ccd4c570b3,1
04ba4f6614f39e0419c8ed3aaedfcaeeecdc9a25,1
90ec32d66d72ede237749e2acc1258d19bc012df,1
da98e288daf9784c6d8be4c0c80f0a839733dc65,1
2da45b0a87cc707324de4f477d8ac7a53757e6b6,1
15a23e835f162556e8f56a11161842b9dbd66876,1
711d6c5c90f6cb032a476c4ea93603e35e67ae82,1
49fed22753bff1b322a4ebf43a30566596d29a65,1
17f930d86ef8572af90d40de5a7b180bbcfd4286,1
d4ab6463d8098115fe49b1a14004e8ef255a21f1,1
839a6649e42ea8c6f62aa950480fd164993a73c8,1
5919dd3ea9128372efb00f71d3974c8ff7f5320d,1
ac4be9e2c6c2603a566c83f0cbe5cf725300b022,1
8a6003c3cb60f4abe17dc84435684e04829c503d,1
b9a447076848f1e1272b5fb394f449beb02c19f2,1
376d18afb997b966fa56571c1cfef194211d49bd,1
de466d466b8de3916a753ced972eb8da96607e59,1
08d170b601d145549af1581eac11e5d9fdac4990,1
35a8984b91a4db9c101a4ca4b683dbc94cdcd6a4,1
07b7b0553c9ead3cf794288edaaf832cffa46967,1
cf6a97faeafd9a5593330a90879dea6fbb288e6e,1
cfc3edbf4da47e0027b214d57754edcea700c423,1
3c3607043af14faba85eb03ee72b1237eee26c9e,1
02a37e291eb86ff61b9e1b9bbf6f3c3cd75521e5,1
a3768a66116f9e8fb71e493c504f9ad32476bb09,1
ca78303b458efae66d6a2644b0296666240f713e,1
8f452fe21e7ea0ec0f99297381de2ed64d617d29,1
9e1eaa765fedec9d9a72f6159e82d8e3206ab3d9,1
93d36a218767e9f5a2cdd7b7fefe94739d805917,1
63df316495bed2220661cfa6ea6b56d1057d50b4,1
4c766975eb91de5aac612ab9e10f852e8e20db04,1
e627413cdc7cef794856f729b48fa69c681cdd74,1
07f4a65dc9be22bd3740b30d7daf24ce8a6b6b4a,1
83f11ecd989b529b3972872a1a446ce77a6f13bf,1
cf39f8eff949083b277bcbbb249a547180d42128,1
eaabe727edf0ad02f8319916df8abecaabdbed0d,1
e7b4b927a043caf8c99f4e6a9fb1ac5d7a523f5f,1
33149365bf4faa77901559a31770686bba235589,1
455267469a10e525a6fbce313d5366fff2cd38f3,1
18db76e1dda85d8e942d4e8005389756089b4575,1
13dbd8e339d4407858aee48da9edad390fdef983,1
7948a60d818fe97898a03ea6579c178a31cc59a8,1
d2da98c39e0c63d74d093dd4ff5c13e5b579fc57,1
966572dd3fa6a3577b01ef09c481a06287729b4a,1
92e8427eebeff94d2a4efa00f32fa55c1d407485,1
d654b297688e452755f0adcc7ab7e069571f4d63,1
e683b649711596b100e38cb3487fd5b73115bf71,1
50b0046f98b6180fbc817905a4a22dc26fea4ea4,1
3948d0d6622d9cbd928be94a32d05b25fd8e9344,1
1f69ba977aa2968b1f798e52f5d6a5be0f637107,1
1eb289b637baab096b19625452240b85c758c85d,1
425435d07c9f4135fcb3b703401c9e1f05a2cc58,1
e02385736096f55b32488c5335a190d36cc65efc,1
08d824e8cd3e858cc637cc56e572fa14f68983f9,1
d98bc4cd8e4333330b0530c1b14befa58f009ec9,1
cef8a3ed8dfdbe362cf2bc27f3aedcc8af580a37,1
4c5255b804aa518feec04c78c492dfc4822df491,1
1ea584e48c19547e98c86c241ee705a896c45209,1
bec40b1fa0fac46e7e8f5cabacb5807a88671cb5,1
acbf5c50dbfa84172a25cb29de990efead1826eb,1
69168a79eb52c9f1f0cc91f9dbd9ae8a57eadcf0,1
871196dbddc95f05a1b81efba6f2d57a255203ae,1
9ccfc5808b7294a3a21ac1fef185c8246bc970eb,1
b164d542971a6e8cba089f3ecc4753523df9b45b,1
9844198e52e72a1ad7f8e98814643e9d27b990d2,1
55d6d15a5c8d29410d6097b7fe6f422bf3eec0b2,1
87d67f8f9842912ed27380337dd7c797917d7572,1
ed5a70aba921910d1af57a8e468c7b90036eeb99,1
f460cb232feaafd93fdd14b0d73ff9203b08c45a,1
cfaa48c60222dcdee9f001924a28abd999dbe688,1
7aada9e807dee6de81a6d256bb239b81cf0d7b65,1
5a8f07b340a004e82158f874ae6747880379fd8f,1
2e2cda2fb8fc7973a9b010ca5b7e4693452e7b70,1
cd1e2ed4afce30f47dd9af40ad1eca0acea14aa5,1
0623161cf81cc47c277ddcb7375d4799a09e62ba,1
0beb666a8d7e8fb730ecf188a3272660b9fb6eb0,1
077788cc4bc66e9d7870e0b531a0ba12ba0e7f49,1
f6a5ccca5dda5b704abe036c37b5a7ec6adbce84,1
0e5bf98373dec41b60dee9025150556335ee9ec4,1
6fbd064ad58f9ff070718201773e11414073397a,1
076e9e24feca1aa751c30b62bbe3bc4efccfce2e,1
089b1ad89ecc2a6cdf64f4cc2c3df7f88a7f795c,1
debddf93202db2a262ff413379ec8ca0a6658984,1
9ba9d5c9d1dbece9446bda5b48a5f488f4574627,1
3db2a24774bd8bdde36892b028a2f7052d436913,1
4eb151f1f2027ea07271054e3c916e1d4693ad5a,1
1704ac7ca899c0937afe6b1caa71619bffca39f3,1
66e73c3f18ba873fc13e3063ec71ea84a4073905,1
8d0ceaca8d3f2c55e71e9ab847f04b65adbd28c6,1
0608472f0206d9cdde6f09422b75d0f5347f293c,1
c9e377c0eebd1560e0c31e0e71377053eb0a3aee,1
882e216737cbb4a03b64a745f8b5893c2b754a57,1
e851b3fcbd0f5449021537fe45f55536dc32004e,1
b0211bdefe1819ae078d2b00714e9580facb901f,1
ecb475bcd3b6827b094a439a9c664e5fbdf008bb,1
5d2cc996edea1f9f743ac334534534937ca695e9,1
4092d0353e73b55f572ef0bd51f0e18d351d70d4,1
f5b00b90e62b81ce6bd62427fff289c9a683d9a6,1
0e3bb9215ce05dbcb2c46725f39c4addcb36640c,1
6d9a3fd8850b08b822cf7478a1d2084bdadecee2,1
875844c170d1da41040f6ba9a5b154115d94d88a,1
896f27307fa8bcb32004b39304991e79e783c24a,1
45a7cbf0d461fc81a23e46b11adafe1fe2822dc3,1
dcccddbcff8e68efdae9c8f627e1fec9624e9e27,1
c4fd30912ad9062392ae18ed5432bd598357f761,1
249b93b343fb74a5157872fe4698c2573f12f291,1
3ce22d4f09ba055e8c36e3817346baf020459e02,1
ef3245c274e0dc533ea97b96f03d13c08af73fab,1
81a18cfa7464172ced00222bea9095dffeba8bc7,1
3e5b86bd5c462dc8639f2f6a9acc10b1724f400a,1
8ff7b62d1bfba1ce07f1c29484587ff6fa92a710,1
e2c6dcb2fde84453a04219da3236ce621f291b08,1
890b62f10d186db9d48a800fbfa23d41d0b161f1,1
4e5d90b366850cbdc91e073e842b3279f7d0be02,1
3ce43b63d31c3ebc4dff441fed08eff6e0cf866d,1
b0622830b3645402667297afc44eedbfff334322,1
f42b9a2efc05b07cffbd9ffcf55a9154b1975f7d,1
e9297c001963acdc9306ef1763b1e5dda4185f27,1
1df6e318e2ece5183cfcc287aa04fa621232629d,1
81d2e8ee3d70499b076cecb265ce130ccd676432,1
6792dd4f716a08fe807aa8499116844b7ec20dbe,1
77bb88bd624e3eb210c65fa9acb49022faffd8d4,1
3ffdba6614b548dafa93ab8aea9977b160e022f6,1
e627add964ead930cae56f983cbe035aa157b197,1
7228243c6d9cbabf59eb08eb2bca5e2f5367f580,1
8d5c74d31dd671c0d75fed4d6d844fc9e926182e,1
d57995ff5ebdbed4bd894d18000aa156c57aa3ed,1
fec0c538a3d8970ce0ab7746c0aed77625a8e95e,1
c9deab709e92b1fc4f58fc3869d65d25a3e35ecc,1
dc8a49cb0166816c36d393d8395f7ea62602f6b9,1
c093b00e37e59f402586ed0c6546a7f7a451c318,1
39e52d9cd7145df053b4c4c560f6328d0b8747b9,1
18049ac72c090055c80886129b721fa50ae5e3b8,1
9dca596b51a696dd904a4874cbbf0f613869ca87,1
cdb58d43e40db81228ef6115ecaf01cbb85c2ad1,1
31e608fe866371b3e74dc1ade804b1f9e3e6082e,1
e69a94a033ff48511da5cf6a1451da3d5c2a6017,1
1bb5b3110f559baaf14e67240df9082fa2c1a205,1
f7e20d9a5b136b32bbee7b17a4032b7ec39edf10,1
f87cb94cb7af7d58a007a3506396e5bb38633dcd,1
14aee44cc1caaccc74344e33ed59545b467b3792,1
818203da2e1f687a80678d12f41e0bb3765da24b,1
e3b023a8993d24221567e5f627e22ce8dc3db574,1
14fa5fe81e468388900f6ffedc7fa785d0921520,1
bd84700d3aa100df460287c53c2fa7bda62a3ec1,1
53122df1b666d31212d63d02d99e814c1c049173,1
f14380e26ed7733f0fca299c86a0d43e406ea12d,1
d6a170606bfb59d690cba6421fee3ce551e59459,1
7a577a008f8c36295994b55ae93f56ccf2db90c0,1
4ca3f743f007ae29cc552cbefbdadbe57d572a84,1
61a9ad015d07ab8a13a2f7db3d2afefabada4c84,1
38571f284650f4741e5cb0ec47070da3c43bab41,1
fc97cf29279c93f5203f60df348e8686f3f3c613,1
eeb4dba4606a7a5f3097280763f5fe1f13411caa,1
96472993269b88c7c828e16f5d1d16d46883575f,1
2fc3b1b0b35b5ad0c84938415513f4e1f3c4c489,1
9e30d57bc3786ac2cbb881645c7852017b4ef4ac,1
4a4e6908e5dd27315452b3a99f6eaa9511ffaf4f,1
cc7ff3d6bc3f7cb5fcd2f17642b985a348d0adef,1
942920053cc04b413342c0efb091096d80234fd3,1
5fc6198d1f3cb0f520723dc4c2300927a9c630df,1
0d9dc63a650b57a066dec74ee7df501cf492d0b1,1
73e638d8308707dbc9e218a1da3f110da67cc745,1
f54a935350cd87d35e66e7c4c6162e7d626026c0,1
f2a48134a01bcaef42161eed4b7cea56f328029d,1
8ae1b53f53cdcc5514098d190abfdcefa0ce437b,1
c03c982c4f8ffece27cbafea3e815bba887337c7,1
ed72d6c73b8c2da96340bddc47d0549c7681e7d4,1
d6201bb805694b72f992ec764219c7566c8625aa,1
ea5448b66db516a78e0893f8b9034817c74faaad,1
1bf10b778202881ebe196486e743d9b78929b6c0,1
557e33db5f96a48312e598fc44dee44c22510a7c,1
8e588ccc8040785e172ad2855eb4b39c6378ac2d,1
52bc027912d001e1349d9bb14979d6bc6eaca571,1
6d6855f780145f4e375473db49a153f1711cdc77,1
8a39e07e1fd837ae004ab8c5ac891ad0c98dd324,1
17a6e08f336ead1988b938b9bd728570ac37cbf6,1
ec5c61638ef7f679e932f2c5ab874bb93e360a93,1
273f6b5c8881dc6b857ddafc2b74f74a35e8be7f,1
ac1f5ade3d4badf7300fa49d89c957dc73c02bf5,1
b8ed7c0d58daed41ca784bf0a422405f6a193181,1
afe05fa768cdaf5ff378babcc2244b7d3aa5e35c,1
a3c66450c7264ec5d4b2d8b9987231a831a9f704,1
820d2e6d208e046753acd140b558156b43fa4ec5,1
51fb67d7f4b28534bcb7ff96a8e091be7a490ea1,1
cbd0e40e68b4731318a4bdfdc1fa8f56ce6b6b9b,1
d0dc0ec68a46089881a6a52e6b3315230e58d312,1
7f90109884b801d703c84fed9a7891085fbe1872,1
19d4e9c1d180bda3b7926100b2fd11e424e79dbf,1
eb66a1b58da249657c21c2a6b3b4abc09d5d09b9,1
8dedbb1bfd81f93afe03348ed78fe93ae20152c4,1
83ead86235663a461782d01cee0cccab442968a8,1
e861ef4effd20e4e10d502a1983240b271bc8490,1
d0d5748836fc31eabcc32e47213d8ef14f82d5ee,1
8680ea0561d82512569547693222ee52ad5f1e94,1
4475e913ff58bc7df69d052a43ee88fc0d6805e1,1
c29fd1e1cacc9852656f488c936e8e236cb69eb2,1
b90e69f560e8f8b8e028896d19004545fc7c182e,1
ef5cb0e8f92a7cfe260dd68912e6405b3cbb5511,1
ccfeb2e2ed1e833a2bd3a138075c319168b9e815,1
7a912a5639d5c506faac581663e62fa1b7e2a434,1
989d11527d8f5f9e7f31db07bea10d4d54499f87,1
0034b2ca2861cb4fb054fbd87f933e9024d5c9be,1
ac425b98aca92aa211384e50d58cbfee1d5e9578,1
afb413714349f0b4eee4dc4ae76edc215bfa21a9,1
3f2b79db72d9860ee60a7d74a5b9377b09b8dbbb,1
4e5955e15e533c37cbd05020ea6d995b7989c144,1
103084033d93028b22a6148341b7542967905df6,1
fb017d04b92a967b7017bcdd34d82658d70d2d45,1
352362b1152a54f10b68a8ef9dd9fe7049b61c16,1
445e004dfe5cc9e1cbbca3488375b26880c55d9a,1
978431e584449aecbe80dcf10f9df27ad4640bc3,1
89fabdd6141de4a831e5fae00088a6b9e2a1b8e6,1
e564a130ce21ea6382d3bef54aa2ffc74559b35e,1
71248ef3406d492299043abee3ffcdac329fe332,1
f2d74983276bfa5b2ce6cdb0d635c54b2e840301,1
7fddd26b27899aa8d14c0a15fcc717330487508b,1
2db08ed1ec096abfe7c98b6936c62c50d3206fbc,1
3f58febbef290e6de35c1b1928a1e175cc8a4fe1,1
455efed820c8d7b76afcd4cdde706a85b51bb302,1
9fe7944d29bee377ba2c359fd6bc1cc2889857af,1
e13a0db68253ca36921e4bfa44a6611a82085c7e,1
23bc4518273d4f4808a5e83b9b8f3438a4c790d3,1
ba480fa07ee6ac4357d3fe5f19c2ecdb586a51bb,1
0b9d55223882c44f2b465d0cd8ff6118278d66bc,1
22810c44a8cba0fccb1969bd1b8997c2f27f6599,1
8e8cd13c1a2884072e25ae2eaf08bf8719759434,1
d9fff273434c81474b4f28d1c8f1cb4d58bd35ce,1
e918cf6b30199ec85fd572242f65a84377f8a659,1
3630d2b7b23fb84313adabd89e83531d5e7207f1,1
6f732fed62913ecf436391a2cd48e494bc4633c2,1
9b7eb3705067abf2688e1ae56d9ebd64801b5ded,1
7f36e41789f361788a42bc03ddfa79342b653503,1
949601b419434261739b991eb39b1a0b01ca4ad0,1
d716735c6e102e1b1704469aafd1d3c0406db087,1
17c7c056b21baebf1c988b18a39f694adb86a523,1
b66fb7a1b82a9befb548f1fb3dcbc8b5b512c64a,1
63649f40f6256abfe54d35326af74f2eda75dfe6,1
344873e1d913d36a5b55ff866e7aa3b4ae1732b6,1
1ac9e89db1137b5a195034e17910080221afe6e3,1
456cea82cf9cccaa03d26d4b71afc7d7c1890c7c,1
ea2f024af9fa1fbcb8eba7cefbf351744081dde5,1
dd93cb23ae2705b3f24437dd3710245a36e5855c,1
ecf40b7f382969f3a7336b6cd4c5eea8bb697b2b,1
5451a15fadc8e62e3be831a2125e8c797b607d77,1
eb69e5c2c9ddd2f30cf645009d6e229727eccf8c,1
2f2ce4524a661cb5462c8274c6b1ac8e75af8b75,1
c607262904f04eb89618e9f98cc9a49483fd510f,1
bf08c135f913fb4850596779926f4301a9c5f915,1
88e70b369ca355385ab6c1a77f35b3235b39e924,1
5f93401b8d858a0762085d0a1923602b95ab28c8,1
30f2400572e1d095a85c49ab9a79959c85725b36,1
006b0b9a6bd1716e4a65cf902c4ed181dbaafa3b,1
c44b5ce30db9d8b2a203e6b360275f1a1e102d1c,1
c29338fb46bd0394ea0a3361bbf7e3eeaaa29a59,1
faa47c9b34e9abbab0f65f22f1e94abeff6401c9,1
22c1ded797ab25f847dc2bfe604f4e70a02ef031,1
74818d35781bcff3b835798b44db3a05b28bb2f3,1
3a8c5f3a03846d1dc8cbdad1a85b3c7e5b266580,1
a4c2cef37b46e9288503f62e1ed22648ebd542d5,1
f13549e348f66e7ba039036699898e0887ebb334,1
86f1f6964183244f9627af2fe3c6c6b85355e271,1
6ed3bde18ad36e7e8df1493a7a205a87141cac12,1
bf88fea259a375913f3621cc07c662288f246717,1
1ee38cd02207a9b1e5fe15f830784834f4544690,1
5db16b06d40a35aeac4c4177db64af25067daa0d,1
b4d862e31f3d3ab1e7069149ce310135d9e1960f,1
ce02f59d57dda0f7ef0f15cb58f002f9e4a4775d,1
56ae836874fd7d2e0e42a95651f07f793e7352fb,1
9da61dc0f0f9b03845a05be15b26e8aeb035d6cb,1
ef226fa10c6c84e76df3ffb6aedff319d41a7904,1
c20f675bb00b0a4bef9365cc198c9925f7ec79a3,1
0e3ffa4d1d93e1ecc881bb0ec30921ad5fb03b86,1
3aad7f84ad258f043ddf4389e015d928e3a72df4,1
3c6b06ce443d0ad7925c2f447267ba88ebb440dc,1
b3c64584a653122e66787e5a64f579166deb0cd9,1
f8f7f820cb8706ee8423f8836d843c624086d88b,1
fc3f2584a9c39b8476e355f1ec3934233fab1a2f,1
308aeaf8e49f68881eadc21aaa05f699fb35e252,1
ea7ab5a4570519fbb4711f0e1533f62e72eee692,1
11302dd69507cab75f394cd83feb49f3c550cb4a,1
8bc3bf4d1bbc155406e0aa1d224b968370930ee5,1
d251033edddae23ad9d2fabf616b9d81547e5b48,1
828e962d32610e6d8b6cd3f8239378e19d89f59a,1
36c5a5c242d4fe501494f25e7c00f1d638939240,1
a1367ded1bf923f19c2faf3dcb76cf6143b2006d,1
6e9a24defeac6c3ea45f5fd6d80c8a516ee6bbd6,1
7aa40712a891de33d5388911f18f99ec2ae62373,1
c670d5c40820c66645c470d2f2a408fd62bd8cd7,1
ffcd024e74018b7cac072ae8fbe1c6ec221e9e86,1
629c0007eb7d0545179ddd2715e585e96ee773a2,1
8114ce35432cf212a809e46be7137b215de6b61a,1
fd75b3576db72ce49f5202eb6d241559a5de9185,1
7045d79928046f4233020b3f690bbaa63fb88bef,1
411026b8e188ecaf3f2b6da2df1d5006f8e16dcb,1
83cded83d119341f6021ccfd1e6112040c888ec4,1
8ee1e2822b8c076c99aaf201f895542aa2b80cfa,1
9fb6203d26efe84e5aee48c245529ae7f5954156,1
1840ced9a2a558d114ca5d2b776eecb3ef96200c,1
f323933468396c8f855b5a32d740b432860fa28e,1
ce8a8fd18fa722cc1c7d4550310b16e029ea720a,1
ef75985ecbdb65bab758fd73c44ca1a1d7711515,1
59b23cba3abddb53ea9552d80d12389248d7b6e9,1
e7d8e4752dbbeb0fc6908d4bf0278dca3ae19235,1
b7b98ae45459affb4f4bd8909fdfccd249f2abae,1
e6237bc1b9e20b2f71064ca72bf35e8549986334,1
3a67e89996f8d3b8bc542f08524b28b0d2a4ce8d,1
2c0574b0c80a1c56df42378bb791b3b9d7736b6e,1
1d0aaa997d7fb1f13a7bd358c94bf91d15d34a0c,1
f99ff9fa2e6cfb0e450cd4739f5a36b72df45fde,1
4bd2cb82755043f649f3cd1a270b4b1164d47150,1
8c47e1eed8d8728d65bb87f937868b12a5b5c9a2,1
0f49a229f092d601b34d14bf32feb29a981ffa0f,1
a4319547148de11555d0e2b0777b9314afb828e3,1
2722e88dd0796963aedd96a496f43916e2fb8b85,1
f0bbf1631d0d97a020063916c467c4a9fe9f7db3,1
de87ffc3d7b3a638a8a7a4c6984af346272e8c72,1
6a4c2834a584fab956e2b6276c1fe512f9c6ce2a,1
c069ddafda7c1f159da1d5697065a2a665c6c204,1
6fd1444ef42dfa5c6c4860ab6735cb92fb894e85,1
21a39cb523dac6d974dcbbb4eba6d44409c60672,1
479c47661807b7a923258e62e685d31379ba0d6e,1
a68f6af5fa1242732bb72a837c327e5228d722cb,1
dadcd6f68667abae4781f2acc0840536457c06b0,1
22623f588b03154bbbcc4d9bc3a96d5f85a816be,1
0ed9f18c67198e8cf68fd48405dab6d32d930643,1
71f1f073ea237be4b08dd1e4bfbb6c2e65bb3c85,1
22a60b4cbb679a377a37c6e2753a059dc14a9371,1
06f17bc3939f347ff6c10dc117aff52bf7fc4629,1
e7c65cc71cbaf40cd332c296080d7b36fdf1b141,1
28922aacda4d27966866303f004dd3668ed9a4d2,1
97f03bb3c75cb5658822bbef680456a819541bac,1
1f8265764ec781966af71661ce3e59aa591c128c,1
2fa094598cb15cf4a4171f2c58d8d6ba9a688ab1,1
1946b56fd12bd07c25eb7c2d4d4a1795d9933508,1
16c90e1dbc2fa1694f2c5641f45964a46001fd80,1
98f40dfc69d886d187c599163d6c60d99245d656,1
1b90462f30cb166ba3535daf4af38f4b6e81d718,1
4e868a6dd5f6cffcf54a27f368937cc6fe4b672c,1
a45515d17cef7758bbcb83c029dda46c05e6f36f,1
805f75a4549be1ca2c7bdc2b8ecbb52b414ed698,1
1b54899fe72e27046d3a209a3905d85fc1c87a0a,1
75c66f05076f15aa15eed2a8e1e16ab48d34cc0a,1
6e686dca153825c64b4a62d9ce8703d8c3b5ee29,1
bc4ed2d72d37b50dc2b13b6a4373e676b2ba2ec0,1
3ccec6f3a5d01f413257095f8bc516d6134ecb65,1
53d5e9e4eb503816d0859e0e1e857424aa34d5be,1
9d4b11880ab098066b9bdf5e014702ccbef666b4,1
6791f38ac05e29a128b86034c512403619977a16,1
59334cc355905b215379b289dedf7bb646480312,1
38e831accc79793834416deac54b135699c96636,1
5171757a904a046051882c21ebf4f0fa6119fe26,1
2463e5fade3f76b434fe7e208e4bf5ebdb5858a8,1
231e4d3069c51850a4d7a8f19a1f6965cc569152,1
44907817961577bedda18f66cdcb6043e7044d6d,1
74574bfc65012233d6b7352e4a5fc3843c00ac31,1
1c80dbdbdb112a8d97b4adb907c90d4dd03b81d6,1
1400f80ee08eb3636fb7042d4a2070a2a95e0e43,1
d072c33af920411a0d4d0fa273a85c517d869113,1
faa2db2711499e2c547cf09e93f50ef9e609b5be,1
efdab74088f4ff7be6716527ba221062bb712051,1
df1556ee878c9fd188a5345b02d0b57954af5b05,1
3b4c0b34cac78d3f79f058d9661cb3a17279812b,1
bbed4b4893e21155df52754241faebf24ba80449,1
b86fda7683ea9f3e2cffd6be2bcd6b6f93e07823,1
24671c83ed5bd77235e30cbcd0263a3bfb0c14d1,1
133a549f8e68acfc9b3f77043ecc38ed19cb368f,1
e3dd294eec73c1f94d343bfce5c68665a9408cb6,1
51cf462ac926b63f25820bc5ea4613ba086326a0,1
2c61a533d04165c2f381ada79a46865cb79c4298,1
78d37a32f5d25240ff92f986eae0d2713049f90a,1
75e4c0fb5883117e6ce8ceaabe68e268a5807cce,1
c43f64e90b1f27ed8c82eea4c843cb89bce36e6a,1
a4ebd93ff56e42790b7b21ae8c331b9c22e24913,1
f3dbeadcb62d40b6b53114e2dd30b014d8001d5a,1
254c123cc3e1a1a674f55ff086dc2358a3ecfa6b,1
ddee4eb9f9f08a512e454b6b68723f794c9d860b,1
15c8c7793ee5f1b410924aa2c81d0c9777343b7b,1
884c10eb79af04794a46a8e285ea1038bbb876d3,1
20a1cb0f963f7a4737291a93e008e68c8cb7b9d5,1
fbb67dd64dc2a2db65ef553a30c9ddc29f92dae4,1
9eedc4b765b609ac0cb544e03fe7372db2ac7133,1
f798a0671e0def2a5aaaf92a2bccd193043e39a5,1
17db00ade8906d5004afa387ddae211051083eee,1
bd657e50225241f0859bbac6f3f6c0517239a887,1
22e82361ff474d4247c8a49bfbddb8c6a8153485,1
66e213e4f97729b7c0675715291cf401b6748074,1
a47f29b662e2e0c8c77127ff26a536a84b783385,1
649657cc3a339d3efb6a3a7ce39839e99224fd6a,1
e809a901c48e6746fb7e430b69d2df26d87d0d93,1
2ce7dabe290bffdf4a1a9d6b7fba6dd9b489fcf2,1
6414bff7ac21efea5d192e1657e285e3bacc5ac6,1
bef72410fe582496d9324df9c08a588189a9d418,1
3c682ccf818af6126ef63cba4e33a355ed221cc5,1
274c1e77dff07025d6354edc4d0d047e19f6e2b5,1
68b7350856ca0d2e7e9b8fb1f01f8549a3899ffa,1
598bf3cc974b276c83d1496775a623ccf68413f7,1
4f8728736ad560189f52bd76477fc7107a549468,1
43e0c2368d78bd17b5658305e8df335ce776992c,1
526061d22836a063a7970d79b4a08a994509bf94,1
e352a22242d4debb67c4cbfa9419e10d9c4cb654,1
d9f7d312c4b3523af6522f28d371f4fcb5230476,1
9406555c61df20674428499550ff89ceae04755e,1
82ee33413a5749955335650675a16e2c4a01d5e9,1
2fe3fcee7a3fdedbb63fa73beab0c169640151fd,1
18431641f52d1c4f00971019024eca2dc50d1e1d,1
de359e38f403ef9e2d9693fe381d9ee030a40993,1
26bf5ba298df3b060b54d56b1053bf0bd836957d,1
805cf97544dfeeba45f86761db32a792a35bbd36,1
0c00dad4ab5a286bdce7595d1186c3d29aa6da41,1
dc273eb5b4a53c51719d98f040348dd59a349cb1,1
fced2f881a94f0fc6c1421775d80d0751a791aa7,1
5e894bc1d95de450c644d88d4020f92f3b808d68,1
edb48f346904161b99412a792868205c1567e404,1
dcd966841f695e576e9ac226f4aec4127c76a534,1
d0d88531d4e4c93d801b4b0ef7fc368bb5c690ed,1
08e3264a81a85c27ec8527b0a7d10f08ad4a08e1,1
bd2a85546b69dad4b7b1cae6858680cea5cdbb2e,1
5436e674026c1e7bd226c51aba9bde03efffd652,1
8055b3c02b23084e798aa60a5a70cb216d1a66f6,1
7c372d770fe7b0f459aa0527be9fd6d5d3d960cb,1
c16b492c67cc9c5f30e21b5c5a953596b2715bff,1
713e1b593a51e8b24cdd12eea21b3af4c79c29e7,1
d384334509ab76285fb323cb5a3ef585dbbcfa87,1
4a154d231a0243332d9d363b08c750e838091ec5,1
a0a76f70ae2d6d4d876ca7c3e8fc40c65a62545f,1
dcd9f31f61b392ad0a47a32bbcb01b20a2c7b152,1
e5aadd325706e01f8ab3d5c02e80a5d9b94052d7,1
c77b467b697e7106dd1abd75031151a7a44c5f8a,1
6e340a5183b0fe9650acc7032039e4542202b7ca,1
d1db8b9319b6c99a7cee7195a3c3f36408773a88,1
c5d8b56e2f3248c5241d444406fdbccde8430350,1
2fb7b2da68d1c8dae2886ed181c5e1146fffa2d3,1
13f12ecbe2f6df7a8278a7a36a6676ec8647a894,1
9349821536f95b394893aa8a2e546be16c3bd451,1
eca65939f3b62f36342e476b7919e29f64eef4fa,1
29f1c30e31e17073c6af9ef24d720d15a2a1f2e0,1
e1f52b695205f6d44eeaf22396ac51e6016e7489,1
765b6af27430dbc4121920b0b1612545bc79487a,1
9ae5addff0bb4b57b383ed508aeccbaad6533e5b,1
307edf8d179f5a0aa843e004df66fd3cf489da5b,1
ce409dbe00d62022f68eaa7bad0970d53be03f8b,1
e6b840aa90d1f0d82bfe19f89b10f05c5fbcb9dd,1
80372186393ad8f9aeba64eaf226542935bfbe3a,1
29c87fbe0e1b4325575c5e16d19b005afe0d5aa5,1
906b762ce88974af6a803f285677cb36d7c06d66,1
9519fef2dcec12a91bb27e9d23e78a9390507444,1
14f47fc3548831e118379a3905456646193346db,1
b7962dd60acc886efcaa314e54759c470abbc325,1
500a9194916b4a2df76d7986e594713b88059fab,1
711f59027264bd168aad418755e6fbcdf3a79246,1
cf82c8b73e910184f6f436b6ba295a926408948c,1
f5e5f2c32a9b9aea5007f01a10cf177ae4b56280,1
27cb22fc4ed38810e7ca504a55a82e726d4c76e1,1
34a7310993f0ef063e02632ac805e7b61e7c42f9,1
3313c5bd500761ad25c72cb878ac4ce33623c54f,1
bf840d11c5147e6e3ab59e5ae947024005ca8973,1
471907070d601364603ad4f4916e24a68853bcd7,1
176737581273111cc4c7ee788f13b87a2a2dfd01,1
f75749530043132c79f28e98bb090c16ea7f665d,1
94a25657c0bee4b1c85ef916176baa510404ffa6,1
140e0721a0d4c092311c4cea52a38132bb6c4787,1
d325112cd57f46b4be4995ab67eb997e413e0072,1
91e95f003e311145ad7136d7dacc33345a63ca3d,1
f431a99bb1412af8fc757f554ba005a4a491d285,1
2abec8f0ba47bd674b45303d11705efb1fb86304,1
c4bca740959c0944ff75bfb2dbabed4fdfb0ae05,1
2cbe5e44ccfa93456048eccf243892ff2a010ca2,1
a09634847420fd8bbf0a936f86b44df011a16545,1
45f2b24412c395b2980d7eb78e40000e9541a7be,1
98aac2c7656c6e5f24edc5e2ee47d86297d0b604,1
bb643ff1bf602bac506d36687b3874431a53a0f9,1
a427aca1eba1370688ad43ec5bbdc3f6a1b297d2,1
feec66e8ebf88c274a50ed034ac10fa1cbfbe4b8,1
b315ea123524c820dd35b134918a9727322d4bf0,1
36039bd81d12ca445833781034cf6296e4b41046,1
b829d74e9a0694eb1fc485093d94f2f827341b7d,1
4f5bb3ad1f04954abdcaf696d300638ebea7848d,1
80b06d7b76b06c8b42cf91b4e323b7780fba92c4,1
753f5d9c108db770fc0ad2dbb76e678273e57088,1
2bd9e58981667d53d0ad20a052cb5dff38c076b1,1
6faf4132c1fe83ec1c6b4a974c819e2c2dc58a13,1
b65fbd9ceb750ea7927689ba885d4429a586fae8,1
670aa13b04a99944de98b65db987003146e1600b,1
79ad8396bb4077c1e2b1423277505c85ad8b2394,1
3c162388bd7dd595d54b2d434653de59e05a1cd8,1
e12df4d743b976c217ac686d9ed7efdfa8d64cdc,1
a3143e033179f91f3cc832a452e2c7e27c6365ea,1
2aab63c7cb987c0a2638866e5c69ff6eb1b20521,1
34d1f5b7847eadd8f01725fb02a673de630a4bfc,1
bd6ea1556d99a1aeeaa99339782d3bd281bc7d50,1
f78092eae058c5675e8e8ccdc4f5ce685a726ace,1
e28483fa6f9feefb44bac47682f2c0ea17379714,1
86db39ed24f47735d479aef8f9d0c62954fdf888,1
31d61fd0999ceca8c0743704a5f0255cfe0149eb,1
a21bf3b58a46e5e1847d525ab4c0be05ae434961,1
e36cac08da169fdaa3afb5a247185dd722c51507,1
c4c4428e781dbb5aadcb20aee7f460e0fb6e9585,1
b1448a593026a21562de09097da6cbabc6e30119,1
176571286f213a4b2c49d7addce5a457911e6db4,1
8879f16a1cbcab627241977ce6fa7543c270dd95,1
b36281934ef747a8195e6504c59333da52246d4d,1
6f7c1df98440b0b4889c0ae3fd457af9c51dcca6,1
c6c17fa97753290c95cee5a5172cac5de6254278,1
e3da6f642458e63ab1e79c9f988bf6a9a5787f83,1
e17ff44a41e8b00e918e3e1a500c24e271cbdd8a,1
1ad8a68d7de0a6b4624b98e64889259ed8bf805e,1
bdde34c2f7ffb2b4bdc0e5249c0f1184179f106d,1
6fad2d049382b658ad66a4c2cab5e29eaf54b1b8,1
d660274d518a4e080c0db01c3b2350a1a3d62b57,1
bd35169c9185474d9f792a29c97ad56f092ede97,1
b748d7560d6993a368f6c617ff0f79adad389110,1
f9fa0a88d4bade5a42e4c65edb0ab7dccba712ec,1
8e5c2aaf5e5906140f267fa2e4592adf7bfc5520,1
a808b12e2e7590995082bc1bc781e28feb6429ab,1
e1424a0084d853bbd47a27604fc590b591f87392,1
fa79640fed761efebae88e455f7db51f04deb34b,1
8d449d8df18a24d0e979a5795641222cbcbc4a23,1
af179e6e881dfcba9cc57e871b51f95575ae94cb,1
9146afec24da083358eddf78d6d7b9004763cca7,1
65a6219d8609b87bac2fc717630dd39da4ba593c,1
0ed8e7998909b1c96136b558740d7c3019b54fe0,1
e9729daf1c4ecd0d5b070a8a55a7aec950edc24b,1
cad64de37ccf98a704527375ba85ba1996a2774e,1
9f153710f98b84de458e542e411579cd893d79d2,1
39c5e689a71596e521b7b8f0d2dc72478ca0967e,1
e9eef20fa2587317a31abdc902c5ffe84302f10b,1
14229887362ecf2ebb6ff1c64d71c1682da49d50,1
04b28c3e1fbca0dd41ddb9a829091db151eefc56,1
545273300b45f5bb1e7653ca8e4432cde6b8f8d7,1
6cc01dc3766f9a9246b10c2689f154bc5eeb6a5f,1
c69c8b6d5e912895d4454ebf33539acfea559de9,1
e24b04e88bb65ca4689bded6b4e33435f2e1f700,1
3da4393ba27d6862d95416e601416cbcbb440e5a,1
bb9a2d8cf327d1cef2df45ffff98bbd95c450ba3,1
b5fda6e2fbc1dd73734e4fe4dc785d5002b40e8b,1
a71c63410187eb6e9cc63d9f048b21ebd6015fc2,1
9284bfd289fa34d0baa1449a02f499225fde9302,1
aa382add2bee9a66fd45c61419990c7bb99c23f3,1
57d1344be07ffcb21404a7879498821ed2450cf5,1
7e0bd66b0f1f44501af071cb5fef924f12d86269,1
82eb22afa544c3623f29418f1c2c0623fe0a93dd,1
3ad8555e3302b54d17d23091f7c831af9adc270d,1
7e55ce9e33d8d6374e4b5cd855a35566483c3691,1
e0fc41ef57e5716263b08deecf95542f91fc5b08,1
3e439edc642eda5763604ef0516d1525aebd30a3,1
32918ad5318cef883a0dd5b460ade15237cf0517,1
cd5bb547b64664830eeb2cc2842cf5e5eb294d7c,1
0e3cbb12c26348714b7b11caab5b039ac732f1fa,1
321c15d47eb53c3cd66ac6a2be5abd155f853a54,1
91844764f5fab13add6627b5260d1015d47142c1,1
2f996e13df7d06a9e7e165b7557e320f03eae6d3,1
b6c8e8e7ca20ad8056ad7137643b12c363650a7f,1
651f8afe31022d3310e3b0fc8d3bb7d0b67f1355,1
6a436f6fa37e42a56148774779c8eab065e19aa3,1
c64d8dc0f52a4c9530ca07549ff36df44f8674c5,1
6575b256f3ac0622c276d00d539354ff9e8ee5aa,1
4b41a9d16430def4a97a3f8fb4a53442584aaa19,1
8eb0857b7bb775fe95172993a73c0626babbd075,1
fc007d6181d436ba88d50f7ff6fb33a4963a4f74,1
b5b5c31051bc791879e74601997ef88ebcd3f438,1
07410f93639b7cacbab45f9080476b16d316f58f,1
1a82e655c67ca25bbe2eb7a1afbebf068fedd09a,1
7d778a2a50bdeac660dcb601a900a179aeca2b72,1
5168aa74d443c80676bb9ad1c34445a678237356,1
d0e904747b3eab1769e17acc786ef95fbf296a84,1
25f9066572de3f3daa4eb20897049f991a428ca4,1
d22e8073e10c8a203e0f5ab8070c37cbbd3ce1da,1
ca77a564d06bceea15f60fc50b236e1c78e3ecbf,1
2642aef81b927636b3167d6b2b6daf8f927eee14,1
cbb320851d84a55c0f2a7c699d6c6e497c914504,1
70a4f3d5b6a6ec67a7dbee13eac8ec059cd8aa41,1
8a244b5d21c485a2827fa06522164165e9bd3e53,1
a51d91dda8073ceb9ff63ffb3746d76777feb6e8,1
27691427bd1873e95a3bb994daafe7e9232c01b6,1
df7e8fa6f036db92b10a2a3d540c57f264c10947,1
c3f752863226e4eb368b42a58908b3056f4cb424,1
f1103320f258777ac80e8046c7848184a1d544f8,1
350bbdf7fd97171edc97b6cacb1f56178e57e58e,1
201cd36db6e7362f1b01a65942f6e4380dd8657f,1
3f517f5ef4ce9fded0bb7b592a031bd93374f070,1
cb6958696b336099fa0512a0e0a097c8c3916bc1,1
2a033aebea0695766d6e2b14c5d2274f158098ba,1
6276bb14610a86a47a8c7801b114a6a9eb0b53c2,1
b9fae481a9489b606b48cf3408a476c0cde1532f,1
5ea0114fdab8fb2e4196c57c868df042661281ef,1
7df73fdb4d4441f136ceab6ef5e15bc334cfbd4e,1
0a1d654d7ebf4b328b5bbe2556919bad09be8bd9,1
c136a05ef9527ad7c59e945ea8cbf94320e98870,1
c32d77f5377c82635771b16dc6192009f878d8ee,1
166d5deca904856dda8b36db47de581610b1d46f,1
ad88a4a1f9a65abf90fef817c073fc17423e0df7,1
d51a548c98a9c5d782ec30c12136024b39ec86cf,1
3e4fa3e858091ad6fc73549d0734a8def06d05c7,1
8ad0ccb8ea8c9fb25507ac334361c2dbd3c8ae73,1
b96b2eebb7bbaf5d73ec4c55530a4acee075838a,1
326e72c6ca75ce97c8b78ea18341905cd9d4ed8b,1
75aa79b278b7b81a582b6d105db93f953dcbebc9,1
53ed708382d7ec2501d499d90ff50fdc366f0f86,1
ace0419389268e4fd4f197fa05ccd8b020e7ac83,1
174a92c0e90ffc2aadf90042aff3f28a17db6399,1
10cc3147cf4a381f573659f34e9e4bebcc7a11c4,1
4cffe89c45f66d301530d2e665276f578c14e7aa,1
3ae7f299a460719273f6f022ee75b7f5b69e99d4,1
78a1c4cf86028870d4299e7d3d735c9fb729a967,1
7740d88ec8d5974b643ae7126445c69326e8716b,1
bc56664c6cde30122a54d33ec5d114409718117f,1
072c01aca18381cb2253362fa0f9fd8827ffafe7,1
e5c1e80f75001d3cb20f0a95af6df0e909f9aee8,1
6477eb06f13760802b91e8d990440071eab1ce93,1
22b293ce04431c50d1b8e980dcd3ac8c2ec66ab7,1
5246d820f9fffa3c6f2275b46de3a1fd0ca330e9,1
c845d8ff93b8de4bdf97d22b2403af4b2785f506,1
17469b35fe10b57172f80e2025e6a7c8d4234ea3,1
d4c3952c753ba25d92832127619f5224546c534e,1
32f8c814d0d6d5b5ad74380b8ce060639f5868fa,1
07a4b14c5485a184a2e98dab2a39505d717bc84a,1
d865015c3d6f4e48d90cf4d020f69f2c3043de11,1
1bb4a6483755b8a70edf2b3b04d67bfeb6b2eea5,1
2dda1fe2285696e85794a19c4f1d624ba621cfde,1
7a7f4e6e3651169747682ddceba64ac8dee506be,1
10bbf602bfaee4bc2e3eeb77b57113b9283c8a93,1
2fdf1987fe500380799c49c8bed2f3234aca3e7d,1
f80ced91786afdaf830c87e22031f6be45c13d4d,1
17d35996d6bd41b12ddcaf2f8f86042a12f819ca,1
638d6e0ad2564f47a5d8ce6d6392f915a1f2659e,1
534a67b0bfa84dba2961f50bddb763f415952d7d,1
db9c801663174d9ec754d65fb665c1a590142453,1
bc4380358036984260a3ab06b09e597a78e20999,1
56fa68e9e59f6f48c9dac8860e62a5e578013851,1
841b78ccaa74cabce061be311e4a7bc3d3e4c05c,1
142f090be7960c1dd0841764d523f6ac5626fc27,1
9d3c93af008af5ba1ab088aa92481774a34b00b3,1
e5532d1d2d3de0cd0d44808037bb421da61f3152,1
b229efd32e6f3308e7c920a26bed947dbe554d87,1
d1d16be0dbb09fb42edcacf1de3a3ef64cb7c471,1
31e3743c52559bcbc10a3953a3edac6e5a834277,1
89f04341bf8f66847318776adbc86ee06081f743,1
7f5c806cff1edfbd54e3d9e8657105aaf0d75a91,1
085696059439c00cea44913a8e4368c98a16ed1f,1
5efc440348de9a52cb376615aa8387e702e21c99,1
66f988f70ccb4121229aa89af87f2ce458417e40,1
ff339a4bfe7732567640b0c70916db09e369cdb9,1
78cc69d22806a451933986c58069d206648a18b3,1
de8aac57b6c32a936a1eb1472f6cb9b0cccf4915,1
5096f41b4a39d9297dc04aa335ebc578e5996d58,1
3e0be6feaaa46d3edc55b14c1fd05d1cb50b6a8f,1
1671e72a65bd4cc4527c257e1291c5df3485e82b,1
d98798422d2525b7fdff70d1108ac9f846287602,1
8833ae24a62d6795e5a3a57b49a99d93d672af91,1
ad928db414ec4a414d7c8fca983bc05508e57dfb,1
326db5a50581977e7fa55d383a188eaccec01c50,1
5fd8905f1d549a9ef98f667c131d6bd14ad758b9,1
e6d573e3fc8ebf06730b90cb10afcd5903c04e13,1
fa3eabaa74e879eb130d2a360a4adfc9b3450b3a,1
f93179749ab0999236ef3b95661c430313087f84,1
dbc061a83bcb67974362b579b13e30688f8844ed,1
b48170c193d8833f948eb1821fcd68fcb864ec5d,1
7522784821fbff7283f06a2537f551ee95c0a036,1
c8838385e4c268cfc7fc1484e81c096eb7ff0b57,1
0c45b913e3cc7c0236c5832f3ca600074e878b4b,1
ddff67646614aa04c662f407395722ba0b5c6f4e,1
0283df2cde32914f4f03178aa84166bd7cddef28,1
98b5fd03871aa2f5b7423cb54d3905b56cb91c94,1
6cd05590cb1187c2fee75f32825791cd7f8921f0,1
7e1ed5d41c817273ed6476a233c97a9779cb7e05,1
5a430be42883f608966e99639b8f3bf22f9bd556,1
508658bc0fc7c4b393c9d3b039c75afb9e20ad12,1
57db1058866b3723f3448b008ef48109c559660b,1
b61e2203b7fbb5a33d6e1df66a0c89a92ce3eb21,1
d46dc673926d7f10c4eba5f2d1a5a753708611c7,1
50fe611973fda1ee669d6fea7b51b83577e1fb4c,1
8d3ef89664beacfdfa3393d9b8a295afdc67be9e,1
96a89e9d343f5dee1729ab4b2814f867eb47905b,1
098bcc3598557f3f0a91c0c2dc710f713d0dc5ea,1
5dd85a1940a661f6c11a7ddbb384c1776f818068,1
c5db109e89dd43671bcfb633a273df6f115e2f15,1
55a77da0319568a908de409429d55fa0e88f94ba,1
5a6289ea7e7b5fd5488d762a009c88b300004030,1
7ef50244b6f7c66d316f6bb821bf7b419695d4da,1
7f6e80f538723e1c49e28b0e5db55964c65d3176,1
198b3327a1c29701258cc8650e74a2ba8a9425d2,1
098435ff81efd85be184fb34216946d098d8a703,1
78d5be6a3ce07ba7c92e0bda7e0892baf84ca86e,1
cef344b97826097f9e00b2cbcbf9abf648472b87,1
1f4d8bf32929e134aadad0b688acacf4aa345cd6,1
4bdc20f37d3c8166a34dd883109979fdb5808bd4,1
65f82cb160ecaa2ae029533a7416aab7e772624e,1
ced1edc8fe6d5ef3a5031aae339c15e094c56e87,1
c5dcfe97f2ee0c8cb1f51fe7bb04d29ee93cf5f0,1
59f2783c319f744db164dc1a7534f35ef4a490c8,1
1ccef0979f1119ae8833c2168fee5ee95b4f50ee,1
8c1b54744f2b61a5c92f69a694b16b2a46162d18,1
538b8d4815b4a446502310b91e50b8af444c83cc,1
acfef7855530a98982a31007cf672af3107e122f,1
2d43075bcfb6245da64a1f125617ab1be7f3980b,1
5a6ee22a78ef9060c2b504de89a04d51415397da,1
df3efaba70e86c2a803850dc0cf1e2eb362d94d6,1
e4b08190e143ccceeb3d2825a048e53b7cdbc31b,1
f2b9c677134fe55365225ac7c531dd8997d0ed41,1
3c10956c896358c78116b51af029580591518e3d,1
0d5bb9f17516804a1459141ec46cc8a831d8ba80,1
3a6ad815c74c100366c2604c57f0c94d36f6cdd6,1
bdabb9936d4d132e34e67216cdd408a311eb158c,1
d9932b9f1ecb57a18e7a5c6f815ec8ea1877fadc,1
51721f5b20193f4d09d80b443237adb3f8793a9c,1
2998c1af1b0f3d6894d88df4632982a1d1cb7c26,1
5e217932dfc3be15c9549b34040e0c47a2b80451,1
a8599f0b9ca3cb6b2faceb77ef901b56bd9d0e76,1
3374052b38c6921a8188447ecf6b468e3f8918ad,1
84ad8408204d5e53cabf02a05da879b746331cab,1
0ab7ea3fb1cd0885defdeaa3d55a23c4e08c3d4e,1
2a077050860dccffe59592e5fef26296360fccc7,1
fa80a80bc096bfaf84ebffdd726e9e0a1606aa5e,1
5fd961680b96211c8355e4bf34c13fc234ef1b04,1
2babaf014b54c65ccc650c6e43ec4c759603eb48,1
686bb75317ad71e7a09ca9040ac4cce51e2fbd0b,1
319b861c4c6c129c4c0654880d935899a3133014,1
f93ceae79d42aa584664e15efde43d6e9c55ebab,1
3c34790f6503b0f617272a0f8f1af4838a540168,1
274768710f72ba613f2a49101a831ab1beaf24b2,1
f274bd8e7a932a5a3a4cb015837f89a3e07dbe80,1
d66c45ae44608e5e9d3e9c613f928e4f5d5c9997,1
41316da5ae829ae43406f08d69c8b7103842aa6e,1
4c55e836596c0aa4ff089b47e10941aaeaeddb98,1
1dc88cada598b7692df99eca8697a88014d4393b,1
d1fbb827188f76dc7dcb4ed1562108ba4eca9d38,1
617dc271b2228209b11e1cf40f93dcefe13410f7,1
ed56c3a8bfab15bb1971884c9c2471c664312a85,1
a4edc2503482ac6e6ea78cc02e18d8f6c401a24d,1
6071e24fa63c65d6e2e93f8602fed1c392e1540c,1
7d67c6e4fa7aa3a3029ed274a7064a291ba628cd,1
e659b0cef6c726fc24777010ba8494fd987c6c32,1
e1b2e0f5499e22956e0a98667e2a6817e6563fbf,1
13429f413c4c43cea90fe70ad966bc601260a588,1
df5d8df8d008d7e20f9a4ab428f9f40a93d6653c,1
920c8f3f2ab7d285b106fb6df56dccfdff8c2127,1
20692bcf4f5978936bd99127de87b912798bc8d6,1
2a5d720b0c718b0cb99f7804e9d0434f1cab884d,1
be65b8980cf644c89686a14a1700742c2047273d,1
4d09d84fda9f8e4644e4cd6b2dc158f391cb125a,1
6c496354bce0e3682e782501cb182368724e9a04,1
05f4b2f769170d0b1a359a673040ecbfc6cedb38,1
da0f906e9508b0d28dda7e2944650a2db4e58f09,1
445a5597d8293ea589b327a433e028faa292dd73,1
ca126974958087ae1d5c121a7c1bdd5c46e6b032,1
e4c45810e2f1590ad2555bacd6596328125941d8,1
d1373df7a9aaa1d256ce53d2250c84b638a5012a,1
0f4908b4a6cd63a487d7471a262014872e861cd2,1
badbb97e0d3e26a4889946c417b753d33090f472,1
5afaab2bacb578336c77f0ce3150613e7b9c5704,1
3e5b890509ba571ad5c730dfbef9bf975b4697c1,1
dc128ca7f45a8638d23aba5dee390e770a3a00d3,1
24620331191f4753bca5b47c3a455655f290f0d3,1
45acb067cd7f09201a9980293a6fce04a1456d1b,1
848296ff8d1c938b72f8593050637f84733d26c4,1
70025738f57018704da75a192223137ce0194a92,1
d6e13bfe310e9acce08fc8a26279571c450851b8,1
8fe342b1b9aedfbaeb670b99ea5f0a28d566886e,1
ba32dab7203e75f4f16599a921308e1ca282d17e,1
c50a31ece255d9c7e55f537684466e6433e3749d,1
5b89ecbf5d0ffc776cfd9b14839bc58a9d93e7a1,1
7921efbcc8b161b1131161dbde0762c044232945,1
e4760c9aa0d881724572a6d2227ca9a94c5e6d4b,1
a6739b4459dd533ff9ac4cbd443e07ddd1bf6896,1
1534139d990dabf235e0ea0ecbb46d7c26b71dd0,1
f78ea1222f614d523dbfe06fd0f7a38585424f20,1
4441c83472ea2992e4f40b2c4ca1a8e072a5950c,1
a209ba44b32076d39fe01505165ed466692d12cb,1
7047e796615019d38ffee9c1702b08d87ea164a4,1
b23c9616a925f9038bfceff8d2c5eea51564ac42,1
846487ddb277ad370b7b1f3f1ce983f1a59ea795,1
2e816a1d60c025a792d8fadf9d81d39f1a20065b,1
5552c7e80a145a51be933eab5e3346e8683aa1ea,1
c1e5031e69cb8fd5b61d65e8772f9008eeec8567,1
76f21cd50c54e50bcb6718d56c0a895a71b8588f,1
82b934e5d06c367b58631f208e6c346b321d6b75,1
216673d703a389577b9e383b9400161b8374149b,1
6bf10fd4895df02fa5d8dbb31be35469d650925a,1
06c5ae39cf8c9968fc8c95bb1a2ac523741e80d1,1
ddfc8773e286c6cf2d1efc464afec9681723c000,1
8ccd40420c6551b26502874ce5f44c30ba5b487c,1
4decfe61bb1e673a6276b7ca1c5a3db04086e067,1
2ce63f8d5adafb9d58ae43813f326d21408aaf8d,1
1830d0290828e1a1fd8c328be131235507b90fe5,1
483d60908ee46ac9298d8c09de9c0a34786f4edb,1
428efcc61e95d1b5898abaebe1924f9c3cfed4a5,1
f71222aaf36a66cb4d8b9c6e1eb7d3d7af3706a8,1
66cd9ead648c21895edc656fd7765d09e1e4efa0,1
20a0491a139f0ccef1e96d89308eb2dffe603449,1
5985477b342b1028251fac24cb18ba563e8ac9cd,1
f45a03928259a7e5ef4c9cac17988d709c448fee,1
10c14660b0e6bab72aefacdf43a1cdb99ee48502,1
a05dadfe79ebfbc7710c1f2fadc6ac87786be0b0,1
d3b00ab593ca8304ad8bc77d0c243034492fa30e,1
f4728719a62400fb0ec5c2787b3b9010bddaa295,1
0ebd14afe5140acfe898ece3dfe2366ca9f57c07,1
d7c54e8925fb6bca0286e29b60fec65d47074b73,1
5ab1a4030d00b42a0c43ddfb3d9360388e0ae1fe,1
615fee57d44e552fb9a4616c88b5b9bb126bb131,1
c34560cd896b006beabd0808ea292a418f338a5e,1
6e28a28ed6123d3bb3e56a44e37b979073d2865a,1
146e07e2c7e0ec288e0ddd827ab0c886dcef6603,1
ac76d4d703d8c7ea711ed30ab8fde165ff6d023a,1
c20951a40dbfbf1256ca8a5ee624d2e97068c679,1
e7d8811d19464f770a92d787eacd7f63a1d375a4,1
e116bdef63b293104c4278539b3af9d44935d06a,1
e77115526a1fdfc19bbf2e81071f495797f6423b,1
bfa99152d0ac52cd06d9a9a653cbf55a0b07f9dc,1
525de775d71a18de979982e26e0ba618b3470cad,1
4816da4c7e047ba703fa7f711a75ee07f6e6305b,1
0400130c380e56a41dead70ff45d5bb22806c8a7,1
2b8faf123a0b6b68183a9b61339e6142574554e9,1
58708168e0e9920132dd98e8c0f41e543280ada7,1
814d7fb6c547c0eeac9282926046b305c29430a0,1
fecfff33bc13f5df42f18a79910b28466257df55,1
5f8d8425f512570271c02a1781d23bc5039144bc,1
c4a3a6d0e0be877741815d781849b384bd8df0d8,1
77b0a8908d4eacd01231ed57da4f182f20535cfe,1
1eae1b3547ba9131ea3ddc09199a46a57addadd0,1
24f50c30278539a71b03249da0c20fdda5085895,1
8f2c81441d32f52f34e5f59187309a7ae92df85c,1
23b9c259e7520005b324076b5921164fa689f64f,1
9baafcd3a1e2656f29075ce51def7b17e6f151e3,1
a540e8164409beae7c854bb7dc1c7fa3d6c2e42a,1
39f096577a9162d06d0f7e3a3070fe7bd8c60040,1
397645febd9abb3854087e9451a55a7ca45010c1,1
319ed57986f823a10a02674776c37ad1f1045b5d,1
fa29fc0df4f0029daceb45824108798e0dce8f39,1
6f660949a80a8b6adc33c3421d9fa31fc19bfe43,1
20a7cf31f5dc750683017eb183dbddb4a8b237e6,1
a84ca36a0c92bfed266a75cf7be7f84d723080d2,1
c8f126927d75e23f5646fc240ab316e5142d7efd,1
bbb8f5ca93e631056928b99c6a5a288c25183d24,1
292c4cff0b7f4a435f26284c564fe24373de91fa,1
e11a53eccd5999854a78bdcc2c9aae0fbc876a58,1
bcf30638beab275be988b347a204962936b79aa7,1
9cec6996d8bc0299197d3e56ed15d4e87970f9e2,1
f2576a5700936c181d6ef3f4603fc850920ade12,1
06524cf43c0c019b6c25e2191d77b24e8e7cafcb,1
eabeb302e6f8b8ad0676e10dd8b3dc65d54ad2b1,1
a6c35b7090c2db3b8ef91180eacbfe947ca70e88,1
84c1f66f242752bca9eb4c180710f52c8d263fcf,1
52ce2169141ff5bb5eb3936b9e318434f6652d7f,1
423ec0d41c649e95bd02dab305f8841f3b1b18de,1
336e390dda473b39bbb5247d6487b1b44ffcf2ed,1
06c02cfbdd70c1cfd8d9222d1dc58453417e6fc9,1
cb1d7ce4511b245579b3cf560649cf26f97dfd4a,1
f10762610feb97e149f5a33570736e89406278a9,1
29d354f2e251730b819a8e363baba3b016c00968,1
645af4ab308daac080a44462f688c071da259021,1
a2f1cd35125ae0eeb7f46499678e7c03b423c9ae,1
c9605582e1e00c73db46cd9764dbdee12757ac65,1
efa170977451e428096637b175cd96daaa1c2a80,1
6662898c4f96961e5a603d4688743943a319c450,1
1414633fc8202d424b64a91110a3a05e30aba545,1
d4843b15076b3fb2331139b3d2621cadd5f1da45,1
ebb92160d4dd74e00cd1c2370d57f7eb186bd2b6,1
8228807ecd67d7f284e13fe6960af1e9104d2af8,1
5235572289c2c11b1b44325f981d3f7c8402c935,1
f3d9aec64661027cf02df626642c5f22c0265664,1
788e72a0ea9950ad4478aa9e9b1ef0cdfba5d636,1
56145dc13f1d8d1b7536e1e40042ddd4c61eca68,1
ec604de0b721617a21b00d2387a94d1b73ad31a8,1
fa16bcbbc5bd6280e4fe248a62adc3b7cbcbc0cf,1
370750bfb5cea0357f883fc994e120bb9695f21b,1
251f9bd45cb09b5560bde3adca273c2d65ab6a48,1
a54d1c33b5453ac485247a0f06333d659b62164d,1
d9c615de997c7311d4e901bdc114779ec83bce20,1
a200ef11d34d8be9fffcbdf641bac2391b623dd8,1
c9ebe0fbc38f69a27633e1d84299f7d43db7e44f,1
e5519b05e0ab05a2779505d21fa424d0c9f6c5d5,1
524fc51f5ca48cc54137e3f19178c3f1f77a9b6a,1
248b35f186edf5b320581238e216551361b8a182,1
e203a9281db968e4a3b0d7ab1f1421cf44f73b69,1
2c57fa1c9d390a99836e7a074f4cad604ae5aa8f,1
61ef22414b91634fde652104b885025141d5ccc3,1
f6927ec0cb71e57c90bde83e15ad1811923f0de0,1
b42c4fbc26fe0a4ea8bc6a61ec7097f2e229d617,1
fa3006af8c223d7e6d1920a17756d73a26603455,1
2fb7102ffe67b6cd1ffd2df80ee89ece3271ca7e,1
d45f954a17c20631d5a25140b3d3a1d40630c712,1
68ce0008192ae6a475fa895d3d3f422ec2ad1ea8,1
ec5860c705ed0eece161dc5c51fe0a9e86aa3896,1
436a5ade1c5d5c052a4533949e8d7f1ded81d933,1
9883520ec63769fccb9e48bcd761145de381df89,1
cd34a698f9f291b9d0149105c8b564caadcc33e7,1
b5e0218a884aa2bbec31da27b900ed67ca0ec447,1
ea3fa8f8d857fa690f59367531e12f39b9a268a6,1
e2ce76aec6216c649fd7b82694a9ab1df3cbe0e6,1
afb64a0c411ad80e2eb6db4dce9388340a0285e5,1
9d4d6e64ccc77c5150ecf3945643494c0ef4866c,1
facac0ba542a4c6a28bb2c39ffdbf5f61c1243f5,1
c667ae1c63b214eb7c44da3fb73e28a9dce2e6b6,1
f9c137c84178745cabb94f276cc44cff1d40d99f,1
36817493d1e3c21d407dc62d096e65a95dff6499,1
80760cd488c748d5f4194a11ec864513340e4e70,1
92d0c3cc20c940d4f929c2f8f14ed18bd8caecd8,1
95ce3254038427cbc1716907c5d18c9f3cfcbd4f,1
dd2242bc1fef47f38aae9ef578ae5a2a1ef8da1d,1
c9acbc2b0c27cd28412a2ccf5651e650d76c1630,1
1e85d4e2ecc5a2535162d89768538fe5d7f64e60,1
59f65e623b9f410b7c6f0f1ac9c575856a20bdbc,1
b3fac2becc0eee074bf5b55cdb554fc5c7771bf1,1
1c0868bdafad5d3399552175e30b8a64549eeb02,1
fe02a804f17c9981b9662bb67943ee2e92b99bf2,1
e0e19e6bd64a8554219e0b6992e8cdfb8a4dff9f,1
33201f4d1f4c8067e90ac3542eaad8222ac97c94,1
af47dd4076f3af5aa44505116c1a30cd7dd6ba9c,1
90147e9f2c387499a5d5473dc16a9b43d3e83043,1
9f333fd19755319eaa0bcee27caa2a9d2e954242,1
d39395b6f4374e8dd3a72e2e7406765b26b770a5,1
efc0821303cfb93c5fda26c254beda414bfc9c6b,1
90fb41485d8b06da7361cdf11dd0b7c70e70ef62,1
a0dee505e2b4708750a65403b55a51a5ffeca559,1
e77bb5cd9d5ca5e6a1f66eb7f3f70a5d09fe7dab,1
0702422c6570755090730c2f6a76e525d32d8134,1
4bf19c53dd2b43dff775e44c5435e9cca3ec018a,1
b448e73ddbd9918f1f3811495f0db4db4df72f64,1
1b9da66e8abc50ab72752ca248c182ea1b50ed6d,1
c80a8471971bfed4de16fc6c909fe374fecdb4fc,1
6a5417bfa815636d4aa34dd7d450018a5da4299a,1
a8efc0e4bc1a9fbbf82005cc1a489598a684a657,1
5faf7b07ee01f3699acffb03a1ca160db12f2f70,1
204fc36dfdcb5d6e1324a9d9651efe8f1a4ea7f3,1
b09f0603435c3444860bc8cbc74548c7e107b044,1
036d6c4c0135f549435b65ead0375034dbdbbf5c,1
b15cc99e9dc74db1508c8651fc5ef90c4b0c7952,1
ac0be9b1570cc477ceb290de1b973e6c5dc9056f,1
af31425ae28c00480ac60e382298ef507840f556,1
6062eb38cbbb8f8ae7134f34212e673aef2bdb9c,1
5a8173bef77c8cef68b689a5250e22081261deb1,1
5446d5557991234fbd5462e4b6bf4fbcde196be8,1
cfb6f58667003f28db58b86ae4a1d4d07fc84233,1
05120b397250f7c60de015ea8b498c5023c80534,1
179ef2147178c0b744a45b8037c32ac5db2bd897,1
60d81ca9c689b5b48a7fb02bb745e86844e049c6,1
7ed4a35001a653b59c700033dff3372f978fcb50,1
7d037df3c2a17e9cdbb9964ff79376b26fdccc62,1
b9d5f88e3b7554b4434b82e5f4a211319fc84112,1
752a94ea3bb5b37660a668ee46779427d6910c83,1
e76856d9ac8b37c665885984644d9c0a5b854d5d,1
b3deee9a17f03db257021ace9d5a5113e8f11eff,1
ffca7022c6639fcc0f816767a741b9450b6c0323,1
286cb869fdb6073bbaec3fae8ed6bffbf601339c,1
81b40b853bc940842aaccd529ab1a9b02fa54d95,1
b7daa7b6f32227c31c920fd4fa7cec6f4136f647,1
828b9b2d1869e4314d5f4250d27ca133338fc96b,1
99e867b36ad5365d0e8e1da2e4ed68969021de65,1
e15abd8f9b63c37509a23ef280ad3380a90e8e70,1
bfdc838aef6704099bb87da9d8de7e207dcf9f36,1
5305b1c9a5a544a9952a32a1bf657d6ef04f1f70,1
9ea54381590cc0744494111c5eaeb6d22856a033,1
739b1956659f81fd38a0921d662960a4fc0af07b,1
74d157c789166aca8423e6739ba4f9ffe7fa8c52,1
93d4071f83707b9cc9927f523d180f137e0d9406,1
8869508beb0a97ec1b7b4ac42a5d590ce039289f,1
0883aa238661e5a36800bb5751253b4151e5db52,1
e26d26145bcc822ae23afebabbf965fc435b7340,1
694ebc65ed5817347a17c2a6c5b0a072ce01e417,1
c6fd31fc3ba79579f54abf5eb1b2f9ad30a50472,1
ba4ce4e15c943daf555018fdf6aafba0bb569a9b,1
b78d84c176dec18935eee865cc13ecd2fae1b2b8,1
972e4454c850e8297799ce8185b024d5f464030f,1
8c768a4ec0921eb36ae9c69e5ecefc0b0274033b,1
ac1949489701eb7bbdafaffd700a4b8fa7a96f97,1
2a442ae3268fd2bb6d98ff76bc403daf17ceee70,1
79a5b9c15d3ea9273200e21626d297fe73335ccd,1
c0735c2fc5e9adb4aadd8110cbc604b2ce76d778,1
e37eec983c00c7d9bad5e02e67e69067a8ba0769,1
1996c210f020134e986823ca7d4df0a70a799c34,1
d67a28fbb64bb216b46f4cae90cfeecba97a1920,1
23d904b80adc09efdf3c4669c198ffaafac6b94d,1
5b3ba699d587dc1ecfc7bbea2e6bfb971d1674fb,1
2fe75cdb6d7fe416489e7d5067d7f84f37b7297d,1
4e77014470edbe5e04155547e5da07e8905faa22,1
28fa466cbce75b47d7cf1e85a4889a8a106639b9,1
eba653f54d3febe97fbb1bbaa5b7fd678581f861,1
7b0e682f43bf74634c161c072f64d32ece3cceea,1
9636a2bec32f703c93cbf8fbf1eaf3ca39a47cef,1
550531d9f26ec292ae84fdf3b8ba511fd5eb615d,1
531931963aff8e8eb28e4b3b2bb5f9d586dd850e,1
1600e0d9f695f8761e21b087bcff3216956c1915,1
deb6bc0ce1a95374952cb86621913e25930a8e73,1
6037422c18a5cc331220806a1c07bb7f8463de57,1
e5074908fd2aa0e4d2c2b81627cec1d401f2ebd4,1
f69576dc0a8bf2080b12793ecf7a7f4ae3e50554,1
12b7b91f66bb1305210d2691322649ea974491d6,1
28b9d0f44d97cc6682e96d1e1c434b1b2989faa1,1
2553c9e3fbb6f2debd5c96ab7c86fd62f38d0be3,1
bae70608bee63b48dba0742227a8c2309336e142,1
3c62d406c383b63682d7f9fcbd8fc1f29ba882b3,1
cb2ebfa50db96dc078a08adc76aa21d31074d254,1
8e38884bb8c194367b220c1417082552512d5bbe,1
c70df2089a05100199221589d0b8fdb27ce8d1ca,1
30332c71e332fc6b508fe7ba2e432540f2c373d7,1
15339da6fdecf586e6428a2f8ecd02cb1ae65152,1
d9aed3212590188b771625e818c8e7661bd1ecf6,1
abddb354980e00a4fbbe23939a8ac6caf973a2ac,1
39d2b86870c147146198cde12386a4393e249327,1
bed88872c8c65b02d8bd1773ccea6491b2c7fdc1,1
0bdc98e0c99a01a1eb64cc3cac3223ad0ecbc94e,1
830320a3665a8f07f78a5c42f2d56f9e3baef574,1
e699d0a7c93f2207bfe02a5bb57794524149b0aa,1
64a7a1465975cc3ab2c6acc59539dced3720d956,1
92ef67fe42d693b184ba9c0d14d90cf47f6a2cf1,1
bb6fcf01b64ba995749b388cfff884fb82bbda36,1
a098a09fa5f23905b3f889060205501fcca71e7b,1
e9319bfb50cd562543b872ae774e69d52c0a8df2,1
3a82895ad32e4584e1e9619db3b312f60ef9237c,1
e77553ddd5331103d6394a062fa79062536c18b8,1
6b1693cc67abec69e774a405ad123eb7eb0bd026,1
2585346202d32377298775a8931f389efaedfdf0,1
2c4f2b619fd92948ef9d51f74720d0c3ef59bb00,1
b21a05dc93bb2d7b1ec6389aefb8a85efa473d49,1
0fc90e7c25c432997c26344317d7b57b36f1b885,1
285264d3a11e4e33ce2cadd88ac4c4887594d91c,1
06514e943a68f44714a0608a19984468c28431b9,1
c86d6f0d3abe7ab169dc08d2865584fb4b4b6238,1
8d78521793857ac41266e3356c59fcd90740c089,1
d3060791db3c0e70275d9d6ec4c831fb4c9470f7,1
0e2da116287417bf426f11d04ef4f4047097f9c9,1
100dabecd54dafde6915f9ab05e87376fbd31437,1
06ea5428c29ced5028db8d8cc907bd7e030fd8e3,1
530833dc8a8c6b2b2c73f7de61b7a94216f9d348,1
25bc8a15147a0ef937690c04979edee915dcea6e,1
14fa4f83fe837a07c25b758a7b6cc3ff23c845c6,1
c6f675dfdf56d092dd391c6ef8979fb2debbf780,1
dcb49386b886292a8c1f4a834f6b28d58c6f419c,1
c54ae7c1203d73f2204543b0d79ad55d53c6a034,1
2224d044c52bc53fd0e6215fe994f03830e3a61f,1
696b3f8ce82642e5a0afb7ba37332b76715b49dd,1
99137bcfc9f1d878621ccd63f9b1fd1d63506fce,1
23eba4ad004a3cbe2c788174040367489ff863bd,1
d1c47731714dc2ca070097d8a30ad91f24bb6bc1,1
39dd5de19a4a406a92ce8d7522d071abceb52c07,1
c51de2defe6bd54639249f33663616c0b71f578c,1
11439e84ab58d5a4632c9630eeda063a582748b8,1
092a57ce633dbed21cd7161832045d92c69666d7,1
68a736b73d5e1c5b6c1517d04030e97ea1e40627,1
0adea38a31655bfdcd993fb3a3bdef1c1c1a26fd,1
677e0db5009f19ae71b740696a7cbd2e4aec98a7,1
0be60f9d41c3fd4e2e67b893a748c67122578802,1
a16e25265b29dd327ebc29dbd917aa45866072c7,1
bf7898df8b80a9d91fd94af38d33542eecdab075,1
d4987a3e662452ce06398be0928a2f59f949393f,1
b3dcd8b17e3e4a6d49a02ae8c6327258460cc677,1
63f0a25659ad8e1601e0ce097b3089a4ccab17b4,1
e83331efc833b625f5e14ca52aac8dfdd5783fda,1
807009d574b562073dac99eabc6af53efb3d7cdd,1
afbb9e33a52621ec0c0e9d75d7881827b89a4750,1
ea1427fc4e78b632351732f97d2caffa6a7b38e5,1
1a3496a298460d849e2b76c3d17fff47dcd6c75a,1
0228bb0f8bf23c1623bcbf940e5f04f29468c4f3,1
a134d45830d2e5c890402d65c658abacc8840862,1
ec088814e8f5c582bf643fb64e4da9fba4e0ea37,1
9f24b3788c410b4d6f05e4a73d1e6ff22a28a8f3,1
b27ddc0ae858f3372b99aa28be7a2f1306721d85,1
ad91ce47a429db8c656b3f64eb8025067c968f27,1
c119d52ddae8bd1ba5b3fc9d28a2d41d7a4cfce7,1
ab9e942e412822af0238f1479951694ee86ea2e4,1
fa2084475133deb996626928d6a8916fb93e2704,1
7d0e775a81ee14d6d75f0d552d40cd309eea9e70,1
9d46418fdd5569c60e38d1ac8d6781b348c2ec0b,1
250a73acfea11dc781c5c35b375ee7c5f1150ece,1
6e57278357adca99089edb7954eb9da73e5cec9f,1
b5f12cd69afd0609f29b6684d6391f548f81c846,1
35bd9d47126e75f52a04b73b539f5f29470976f9,1
149504b7273ad558406d5605d6d07b53f44fb668,1
e31356ae689f49b4fa92c3e2d3d52c909be3bc32,1
abe8dbe0aa703adff077e5e5687b7cec3f187fc4,1
5ab9a6850a6e753e41007f7fc5af573f229251f2,1
7a4b41034a9b237ac2d35c8ec0ab022367e91e06,1
bce20eb5e8a6c0e737f227c09253985a2715670c,1
e2869c0fd123686eeea3edef4cc5331bbb2ac8ac,1
a0492543bbab996a0acfd69fa42b164d416d54f7,1
ff2bffee8c58b880ea7480c6058b5079c2ef4416,1
55fdfc11a21e34392e507d82c9107f68a4883ace,1
4088ae9f1037ffb216b2d4b4551964c9574286ee,1
fbf0cf148a9c772166d5088ebd2f1e58aecd64df,1
e7af9c3d5395f68d5a1ee557a9ab3397c80e105e,1
a999fa51088ee3eb4120931e4244b3479d4a44bb,1
5ed9ec6a805f0fedd743d5ed326e560f556d209c,1
312f521d95b2d09a360cbdeb89d02806bb76ed98,1
93370407260a34c488db1db03a3c6b7489939b63,1
c944a80e084418f2ec6a60dbcde833588ecbc775,1
b7f38aa5019718350182b287cce6feb604bc0a61,1
d95e17a076847fd73280e5994fd82be3bec86f7d,1
c778f65e91f9641fb08c4e4091ab154be09c777f,1
980411e3a772c46dfd313d19bd4b7544643b0113,1
d821f862124fa1b2f5e5a6d994fbc0aa29bc1abc,1
355129ebef137df171e449b14d325690ddd64da9,1
6566d4dd1dbf06ba007b596ce0f7ec7995fe71a1,1
1e7190ed0fc22e8a45e369be9bbce5394d72d36a,1
d5cc5c11df336201b08ec70ddd351de91ee1c423,1
c98158af35bf070bf31e7b13bb1ee5d270887be4,1
7e47bd4249350c1c91fc20061f309960ca3c9c26,1
f6c2b019a769820444062a0f0547db1723dfb1c0,1
0e07090a6dcb66a45b0e3ef7a53b99a0f8082b68,1
c330aeae747fdc10f4c5b0ad6d2baed349400c7b,1
5ae1e17f1e7e9f571af8d0095fee63549ea3c064,1
2f61d176e1f90e89b923cb3857e44e41acd30126,1
983109c6db0c7f2a8bcc661a8b5eff550b38d720,1
8ea43cb3b8d4c4fd7e87f767273a0bea9c5330f6,1
30fce06dcf9b26eb0b351631949194847e10f51c,1
34ac8160bece08f8c3794b12c8437e041adec112,1
37d8acd4e6bb3f632bdd2ad4845f0809ce835237,1
10821f33d176250aece7927c62d6a3fd84f36abe,1
b042bd52c8098686025ffa972e47c0363e3079e9,1
618b7cf1b420e180387fd82c958290a69002bba6,1
4f989705bf38540643a07a6aa34660ddaef4906d,1
6f0dbb717883a074392bb7a5243c3815e89d5e87,1
e2f99e26cc30f6172413b96b928fc9a8b011f643,1
b83471f86ef53b24a6ddb1135afc790219fc77e8,1
ecb6acd7e9eef08c895cdc1eeaf4afa3da36012d,1
ddbda98d2f1b363992c5bee17156641083e56496,1
f7062bb9e3f581025a434b140b6270b4a3cddb4b,1
bfd0fa8d82d9127b0e46b23a05129b92860bb43e,1
bfea144f4eee0d24e097d4f3eb9983641690ca83,1
51dafbe701ed7594fe21c90131ff7b59832a59d0,1
318528565933353785bd72c621d24c26bc23ac05,1
674c25aabf47477029f61c3ad80e885be55fd9e8,1
309cb930772067b89bbbf569d9b15865050b8219,1
9859e6d3091dcb09b38294b5109d7f7514f7bf18,1
e7b31e15f37f5a465bdcedefff87e915a498ae3c,1
0c4968291de493fd38e7ccedc33599857791a758,1
b8b07889c79760021a78a0623b1316403549f483,1
f54a08b297ede6b0038f8cb4a385935900a4c078,1
25216742f7e9a3a5055a6d8ec141d14adec15adf,1
33c4e04ef1d05ad11f84271a3c7bef421b3f6d48,1
952746a9d35169f1c90a5cc6d9464df86591fb5a,1
a5a3da4c8c7694e88b3e45d85d20543d39906717,1
0b4141f9cf7b6ef3a45d429e5da94791e0b70f8e,1
0a6fed9e6d76a1e95723cb36408a28cca0005a7a,1
a5c65f616a9756016716cec1eaecb710b3b578c0,1
2e932180c3a3e0ac734d6fea36f4fd12b2289d21,1
e286dd9eada6ff387b8c9a9fabc1816aece26de6,1
9738c723c7f8fec10f7b493e2626ae52e1572552,1
17742f32f16c495701a71b4e245955eab92d0fec,1
3d71681f7ad86aebf14fbb6bb5f3e57f471b0ccd,1
f987c8996d58fa35c8f8d67adc95b73455317a6f,1
a47578de75ae8ddbe153210aa3ff2ab310daa3fb,1
9272c4633ed2b78f1c7d60bde2b86856d01eae29,1
35623c6bc848b0bc0c6244380a84e464b14858e1,1
37ba514fba34f799e57cb2ded1791ed3f05f0e3a,1
02fd9aa6bbc3de7088def1091fdc1fc1f3fca4bc,1
af4106c1849052d1a3e0f17d948867b65bfc95fd,1
6d766d222d57bb1ed29050a3515194ea92379f9a,1
e7b65165af079c5ed5fbe1908868bcab3d76a614,1
4572c5a7fd0aa44c0a0dc2fd230a2b4277e22a5b,1
c9b0970641d6adb6994f69d572b34b8d44191394,1
6b64e58ff0fdda9167b80f1f1d4ed8fadd2a63c5,1
6c6e300a2224e811cd7baddf3c74dd8aa35f9c28,1
5b9a9bfd5d38b640da35aeffe44431801cb2075e,1
bb5b0c3f42bb9f3eda31fa9e6ca4794b791692c7,1
35a00828cc15e38c80e0b3bce1c0452cacc73bb4,1
f0c36e26db95300c0143699bca4d972bd2870333,1
9d47e0b314fcdbe0ce34524690ed5ab30fc8e9f1,1
45aa1488b70bc3526b16976c065cb8131b829f42,1
31a72a3840cec033e1bab110198991e2d393f04f,1
1d660b394344cdfb9cd33be5daa80d34d754c0ef,1
6b09e7537bfbb5cc07754fa472bd9f1240ba1788,1
38f26133f58f189435176ef6b31700fb2cd438e7,1
94cd1e91f1530ce649c8b810582fa2a32e5e634e,1
39190417f274d7d37604c479c706052a6fc9b6d7,1
e496c188de8876fbad0490b5a549736a94cf51a5,1
a6476e15549e340dd88469aed02acd5cf47f79cf,1
670892156ac0048d651218c2f7127f72325103cc,1
3597c362b5e952fa9ab0a6246a7deffa230abd74,1
ffaf1d859792e0483d224c33bc85e9c6360abae5,1
927dba44cbbd116a67a06702f0125f2bbd998cd0,1
368dd44a4568bac119c8692050e4eaad9e59450c,1
9c10712d283b3634616bdaa47bae1da2c65b667c,1
23645354264b4e8c3de9b4f65a7c249b5b439985,1
9094c67e0c8bd7727f2a2679242afb84d599f52a,1
deb2825d694145a2bece0ee97eda1d831da5b8bd,1
26257d476c7c827a76aa174aa2a1c4806e4c3d63,1
9e33d37f3ba0271ba897efc86a37ccebdd7de474,1
c6f10b724206febb147bc3f84eb4da1f3e668d3a,1
7fa52e5a13d9b48a367e6ae17f1a838ff3d99be2,1
3bfd760ee6d29e76f769c22acd27e4ece0392068,1
770df178d8579fd47803a2b8cca60017317edb03,1
652234c28f3527b335833793d2c35fc162206ae2,1
2a6451bb350a80ab1d016e4a4edf4bc019a16338,1
036cbc52e105415fc729465871fe2b923a115fee,1
808db6ebf71f149745b3ad05fcb75e1f02995776,1
9eb0a7f2dcc86493283ffd000013774b069ee8fc,1
f82d927f6efd6e51b5009fa02300b1c344b720d3,1
0001a2bc5d4aa55989f014bfad74a95ac3dfff54,1
ffed3cd587d97a708c0ad607c874035b837d7013,1
2ba8903d7a1a79e0f7a71e0f119639d9a060673d,1
7a6008eb12903eb7ba370e568f2e37e748e13c78,1
7a59bbd40be70a91afe045f3fc203018ec483524,1
ab26a8973a72b56eb75986533911d63b6ce90581,1
963087d37a89309cd64a4343dbb140b2d72a942f,1
a506072033a90911b5b6a1e577d54534bea86430,1
4d6943a4166a0489c5a9c29d8ec89a4dd72f60b2,1
20831bb537d5b2c972a62ea78f8d795e831f01b4,1
4e802b72c8a37247485645ac90ba41d307d236bf,1
7ad289d8dc8ac7e55cee7cf29110007611c3a313,1
3a15e4588ced68a47ad32b40cb13d6c7e72219b1,1
8bfa4537e43be5369c309b7ec8f03f641c9724c8,1
7a361ed8dd169f65601cc4616347f55140e4c622,1
bbd299bed1e63740658d53e3514880e87ebb648d,1
28cda3b2b1e326e49b5f503af19ffe4d31bbf566,1
9b8955e7f8dd2000be6bc857dcce01dbc9424b34,1
7795b14247c4290d5cff67ec5917da45c481a20d,1
ea2b06e89f76b036e661c80f821984e66de1371e,1
ab4182c8c21cbef713da0808a7677fa5f0a0d714,1
e7a8536c880b0487aa96f3d0462a05f0ff16eb9d,1
3644d9a38e6dfdb4e4648454a59d60ccbfb3eb3c,1
288a0639afee798050ce080252c1c41038c11b36,1
5207710083c98b5ce74032708cff6c0eb43cc291,1
451cf0da377dcaf0f6b24e972925d2949cc3fd67,1
55ed06a9865ed9da303c608ce6d1f61ae0ad56f2,1
2b891baaa7e3d2486aef9c5f8b2351ce419330c2,1
fde26b6c1b99333f9543752df63c212346287661,1
d6bd46f61582ba0d93b8926228d2e18a8232b1fb,1
b2ec5a9a70acbb5b15f469e012548f2279e81718,1
ef685d1a2c50c45be69956ec8f8b438b357d81b7,1
ddb1c96bd9cc679cfa9cb940be75adfa684d2c35,1
d08a925207f223cdf017863a3623b513819f2711,1
e9f7d17ff2d93e8ce18c79b0b29873178cc6c460,1
716c3ef7bbe666195d75803c91a230340c6d1ff1,1
4b1ce8b5992436b52e59187fb1b79ab45e6177be,1
1cf6f4d39a8f008bb70888a40149ca4110fb1d1f,1
a4c4b00dab4e6822d27811df73a10ba840378d41,1
c0e88641335d425c6c964b8a28c2137913f4f8f5,1
5d9e43b53e26c140240e99cb2a235ea4b518ffb5,1
4215b396440ac47992a71a5f11e5b0069f61c658,1
b7618bb57269c48551fc245c2810881a7cc91778,1
8623d8bdebdc6f4232b5287e9f8560c2c67dabd6,1
218f9a6a01ce7238bf86d765c2479f91e5c6a36a,1
7b386595cadff8db398a4bc331824674cbd9c8d1,1
d8f432ac8e77181b10f0224a23a014f261722ae5,1
ccb5b456cc1f0dd59dc3e786c7395415b743fc20,1
9fc7443ad795dadde0140b6cf2a06bd9977e98a0,1
fb4b0a113bb452a11b754431b6c707ddd23ee330,1
62fad014a8d597ed814098960339c0e5fc263d8f,1
62d1b5001a946ce0ce7a08ff1a020b645c42db2c,1
fe61a4156cfb917daa5769d7665a8649683b7fc8,1
dc6cdb9366e8d6abd3fb0627bc9fa08e2b91dac8,1
2ba82748c4c72603e1f92d39ee26e3e91bd418b3,1
6c93e3cf10d8234dbce95faf8cde1788a0755cf9,1
70029cd9e802718a2413020b611385b884a62c16,1
a0629f9764d35e4a6e281e9453cbffd563db13c9,1
619390ba9b1e6c0444b162403bd57398a1c8d952,1
457aa63d5a8f6ecc5a89fb2449d256d46e1310ab,1
573b64b318349bc916fe1bd009ff14b93e6e47f0,1
1ee20fdd10d7fe234073833cc56b5b2a7e61849d,1
15c8c3bff0b8649e3a722d9b3a9a7cd5d7c2bb37,1
e7be3d6d9b4417044583d0bd246eb5fef302255c,1
6e51daa48ccb64e6435febd3a5dc254e3407a3e5,1
fabbd9bb94bd0880253d35b88b6a11e3938c8a99,1
a8e4fb74d65edb230dcbef2915eb3d9101730702,1
416a78c8b187d8c74e794d82a6fab4c378ebd74b,1
594c7a1917938d5f1f4d141b7f795094b6a4d4fa,1
5a39b6561168807de5aa92d1ee2c6931356a4f22,1
c398311a6fd7adb157d25b81b5f6b614793839b9,1
4347419e8d29267b5982c90a03de5773be7a9404,1
99dd078325af4b284a25759a5599b4f51eccb6ab,1
244721bf5f39ffa39c6510cb9523da2a51ddd011,1
d96808812ce469a0dffa20353cfe8a0f557edd75,1
f2af379f0a04195dad8e8f7e993ec23b62642385,1
e27ea2bd40c1796edc966bc4bfccd1a8c3b174be,1
a61e7585d634a4fa522516ff35eaeb1729b7b02e,1
f243d0d2eb700a70c598bed0e1d4121c721aec11,1
699a75397b9e7659344b8580350fd157c911eaff,1
8b21a0aa6f0ac75bff423f1862860ea67e3d704f,1
703ba1828fd5959a30a0c35d9eeebf096ac31cae,1
059c55a8757b4af90f389ade6409a0c596943073,1
10da8ee1ddad8e1100fb6f25510e057dfdc99e62,1
5fc202cc00c14573a37337677d37ee4df504176f,1
182947ccd7a7a2d2112f4e9b017075af25e938ed,1
577febc0b686a4f35d047e24ec0292429a325bbb,1
22e6e011846d1b3862b2ae1985c5eaac081d44bf,1
80e553fa58f69caf324111ae2c09be63dc8d3994,1
8c939a98f89a9a605d9b79d5487a6894fc9483f1,1
c0c8de6c2f237076085899d807d82d9df43c150d,1
9ec953daa2ba76b96dca95016570ad6aeb34ab2a,1
d8ff5aa6979851a48d3d4193ae8fb0d46f55b8a3,1
a1de8211c354fba91275bbac30f3e1a838398c9c,1
26def5f294ede178b96843d2df6ca746d448efa6,1
78562a36845168b3b5aadaec4361de134c97a295,1
4439138b77939a1f545195e8eeb3634dfaea76e0,1
da64315aa5524a168f7fbd2402f11129d175ebc0,1
76caa41802e04884586657ea19638e0b80993494,1
d44d0e1b7a5868113e1939dd401fd45b6c167bf6,1
8962ee904d1cdbfd8e1788e8fe2372e652bf6e84,1
d048707597bb7737d55f0d34f772a7a13357369b,1
60e6fcf91dc910c50a4adfa1410d8670659fba96,1
6db8b12bbc94043851c9818bb4be5993c2a21fdf,1
9232153c613ef332e825d5e89e4e18aa8627ccee,1
7325b7a13030c900b6d2af5393a728d5de3fc257,1
c45586ea9a193578191d0f3b22548f061e83b084,1
37a600818be71c98aec8436633bb0faaa28cc003,1
0a54f1601384533541377b76ffaae65f765a58e8,1
1d238ccc220cead861e2960da02c198a543716b1,1
119fbe15ee2738e92cc8cdc688bb0c74f3fed8dd,1
13773dfb22db82e5a1cfabb2f4b4f29eac353392,1
42fa52a7229358dd5e922385886dd629f33e7715,1
66408aa55e7594c81c61328aa6128234f67f08e8,1
138e81551aa41d2e59671b5bcdbbbb0406b65028,1
4d7a066dbd374d6469e545cddabc1cdf1b4e615d,1
d5c3963e3346c74942e4f07c07a3674076a2fe45,1
9ede6b8ad5012c725364a191964f2cb30e5a31de,1
5a3f3c4fa7610e0c755bbb883a63798faeac101c,1
f372073c1be45440b88c9346452a82cd57d0f334,1
5b5ae49bb629a751d576f65908332764fbc92bea,1
1791b400a4991d7c07550eb2b4696ce35eeb9649,1
a8b9b61ffba86e99761a17b9d68909b5bb2f9e0b,1
5ce9e92d9a9a254af176227864ef0fdcb2d99d79,1
c1490339b526b4882b66a357675589e9958fc46a,1
ba29dc76bae3ed183195e8e11a169c1496b6e3f6,1
d78b463c0741d0e3a4abed460d43776dbcf30da9,1
3ac3aecebf510e6b8c9c570f951db0f18ac701ff,1
615425c5b1e43fa1c26f73851b608ed088eaf591,1
e9113df68954b00c67f33dc80f14cc8d16419ee2,1
f909ac7417c00e45a31244f3c316910729041374,1
f5cde3ae8ba3d11a52402b8805934d69dc29d749,1
0502ae25f45091ebd1c870813386625af3272eb3,1
f06239f3c6cd9919000441a9efe33f187aec62f6,1
3b2adc6ec7e00302731eefe7360ca4248ddb50f5,1
baf5187437bef4d9c86c1e52ed44cae354534797,1
54de5143cde13756bb3ca9a33e38374cc0dafe87,1
1a1026671ec27276271560cfcef24fd7df6224c9,1
41458bfe0f718ba7026ea760a557f8cac3fc5781,1
936890fce702bf2a56417b041d718718470dc701,1
5cd2a3ef4ff21b927613ab2c59a5d230b24d396c,1
b7b6a4125c20dccf0f23dc0a4d269d920bbabdbb,1
2126aca730d4967030aed20222f6bc317ab2fb8b,1
90002e9991bb4912ebc92b4618bf741f7ae6d9a1,1
7e5349b071108d530e9ab9b88d9d3af96cff0837,1
dc7740ab9aa800ff6f6a6156f52ffc93354c1ec9,1
e2612e173abd0e8bb54a3c3db3f264b63d80bffb,1
db704771f45779b0f1d176b838c66d6bbed0784a,1
c2f038aea43388341323e5f6f67d535b9c18b21f,1
fdf0c00b9f5079bed3e70a092bc032ef3513e278,1
61c4433856bef58386278ced1ac645815125bdac,1
87a2e699fc96079602d9ff8477a564b866bc9040,1
92e755eb63ca917996d11d56ebaf4c89b19ae2bc,1
58b23975b1788da1ec68ea4b25f0b56d217700b0,1
f3dc051df62ca7cb94706b99b7bf925409c84214,1
9263c3b2538a9a2eed6905e2d21122a24a6636a8,1
f20f8a00a89e506eb6289762a28e97251716c06a,1
1fc05e9e64e3af5535bcf1d631cb2ad990351124,1
bc3ce8f8f00ccc19498ec9b9329921ecd038c7b7,1
b053c051ea5fb142f9c0134a7d2e8b4dad92722a,1
de9d8138bd74629227b294253f32483961e33432,1
79ab72e059e0ce347cd79eda243be880c0cbb53f,1
8d752feddda781b51a12097b3feeb67a26d3b93f,1
eb64da5853f3362434752f58fec044f6079416cf,1
bf05a83ae84c86e3312d8ae213d9c2cfd9802962,1
0e4916da5113ddff2bdfb52146e615c75d4ecd47,1
b8cd6f57187893554a71c336e4de7918e8df8663,1
2bbb38024304390aecb362f59b7d3931af20e0d1,1
af8b87d69d5f9298504da3a80cf8945d45235ce0,1
287e6282dd5e668fc195109beb3c8825d76a56c2,1
6a08407acd9fb20950e928fc14ed6db278afd7a5,1
fc9868f650f8a482ceb4c8501b6e97ff7f0720cc,1
c69915468b75152633ac06b3bd81301cd6574299,1
73a81472d16edc1b22d63d1101ff109a8c0325aa,1
7dac2c018fd6fa7be67854b31cabaac3ed6ecda8,1
60d9250d8d04c3bb8d6c33bdb2c05a3283fb45d7,1
8ac34217318dd101c07faa1b476a6e87476db57a,1
62d89640317a2a6f55c7fb4d4e0cb5db5636075b,1
34dbce4e913da31e35b607427f6b09387c5d2800,1
0b4cdfc0d6576a262ee7f6490efe8b3360034ed3,1
a9cdff0650ddbe3ec79d30ed5c131275ebaaaba6,1
2c4460c0a92aef61b2405b71f552356a07cf6f2c,1
7af7d797306571431695c90ea76139803dc35750,1
670c2d459060eb441ae18a46adc3a5416dfa04f7,1
60402971061371e054a1c586348d0c1a558a24ed,1
5b537115e81aa3ce5f843eefd3803aad0cf9c013,1
dae84fdf3a3e9e38fe84bdb9016693390421ae02,1
d06ccf8e593065e3c9ad7aeff69395e922d46f13,1
3a875a3567975399c54c6f27130a00381e5fab3b,1
7504fe01af272d28afc8203d942ab309659fa316,1
dd2389c9bbe662bb70750e5ce4daea369172f5f6,1
b7a38404294fc10dddef0ebd194d2f95ee047623,1
dfe549c0eaba0da82677bfdfe6cdcf64ac2653ff,1
ff30bf891a56b0c9aeae9d3b79969b098061ebce,1
c06d0732301a1dbdc457587c1f383865a6a90eb3,1
2a868b29b32c4aa69e7754847842a8b8212c7d9d,1
d4acc7ee4e360c6cf2e3d529e2883f929c89b484,1
aa21a2447dc17cef655eed47316ec6d8c85412d6,1
cf185c59ebb2e56a5d41734822973d518da56fc2,1
0cc90d40dc34aa0d23381e8a5f2f6bcc619f4b88,1
e0e5c014fa7b072d4405945fa6ce7779eb294214,1
e7f1f048ee4c6441ce91ae3a488db34cc262f4ed,1
8ad96b726334f64704247417c7c6beab1f81ce1b,1
dacbf7d215cbbe722a1289ba40d37184e0ce5fb8,1
1c4c51665aaa471b1d529d582e6e9de92e11df07,1
99e0c1c1a0c6959f9386a50a311ca9840207153a,1
692fe20a2ef054eccab501c4ab5896caf6cd1cad,1
50445530c299cbe179f5a137f53ed53d2f957191,1
bfb1e7f660ed6e266bd0b54b28f49657b4742aea,1
4fa47cb3e61683cf060b099210551c7d4ad9031b,1
335de54226c7e09d35462550f17e6f508ef316da,1
22994d11094f43f3a55eb98a3c4ea3af44434cd2,1
d577fdd7abd95f12dc2d910043bc44a2ff7cf623,1
5f6c6c89a360d1bb8f660e4a280010dbe74cde14,1
da7c79e0e65cc43e330b65164eba0adc82a4133f,1
a0f90dff97f003262194eb65e669587e841a8318,1
190398a2008764668268c851bd5c8aef91d37cd7,1
fd5368a4c15c683e780022592f99efa0b4ed0131,1
eea0aa65f795a7e30b35c854cf05c5615cfa35b6,1
ca0e935d0780e205a459242e74a5a8ce04c9bf43,1
288d5bdbe340282e947c8bcc676de22bd6ca2ea6,1
5519175f55bcab48583638d539e0fafc3599210b,1
5e294ac25274ef75ed6f163e3a941bf775f22aca,1
33cf4daa92ed89dad0386308fb4f3413a0df09ff,1
673e0bf036f5efbd6466f6cba492cc014d0d342e,1
2d741354527cf751c53228d153299bb73387ed80,1
ee5a5bc97ebc4ff85e07396fe4ebe67b1817b687,1
8169d90a11f92ad6556420fdcaadd3d2b081b04d,1
0e42854f0d9e6f7fdaaeba63e400511ea432692d,1
3350d27fc0a4ef1b6f21f3f9ea7aa37e38e0d382,1
56ba33803cfec481fd48cc6f7a553492a759e355,1
55d1b423da9ff472eb23c3be7592501fa90a48ad,1
864e4a0bc3a248616e031c2dc58e460fa8d8489f,1
3e16c0ca7434c8b5ed075fd2a916c968552d3494,1
93e63ca86a81e7fb1c2d22e98737dfe2438677ba,1
0862d902615b01d2c3464e638727bd5e8d5ac5a1,1
0eae69bce5c1642d5df3b73b9b1b140064b42da0,1
b364b6a45fdeb44b1cb612a779ec4598e8c4d8a3,1
ff36ca3fcc306412eddf0543279305c0fdf2c73c,1
8ec61ed87dfa820423e76bbdcd8ebcd00d37ed42,1
e15b09d0372d84ea262f5eeca0214ff977d8735e,1
8e840747332399dba058f988c184f8e8a7de332d,1
fe05d2e82f5e99b9d67bb178f3e116f7160b2883,1
ffc6d7a2e38a9cc5578b6c7c2daed28f07a361b1,1
c241aec23019195ef50f7a0def0fc784ed7dc310,1
1f14faf755a4d2b6c1093c32fd9059d9841621ff,1
d87105ee06c1286dd59e2d257eba72c65276f590,1
ef51ad5a500d1d51d9c2ae66d930ac21aefb4484,1
b7f7e5ae430b7ca2c170aab603fa9d52d6c24f25,1
eccf2537007948c77071ddceebb53d73f42fe9f2,1
ed8c966f9190c654f217c3591da6cfca242a06d3,1
dba8d09c0ca9a5c13a7a565450a3b1fc35bae4f1,1
f7c4a815e73243d84858fb310e51dfb1b2b3890f,1
a4d9fa3dd75e97c090c62f74774d51e0e1d729ed,1
26999dbed3d1c2d6448d818c099d54edca9900a4,1
abe806cc63a0b4ea70aa8c212775755600237165,1
16666d0068f46bc6efb0189e802cde740293ceae,1
51d320357819e376e1a4cd172ae7af6ca6522641,1
8e92e980a62a6e96eaf4af5979e8c70f8950ba55,1
13d8720b8a8a4f677c9417a2ec512a2179074468,1
d8b3b3224bb26f751daec3e537737ea7d234d96d,1
c1a8f75a3d2e71f9980dca6ff82274239395c5f1,1
7168ce3839d9a93479f48129903e4eee59a7c66f,1
ec8a2f1fb8199e805bc55ddecfaff1a1d4560648,1
e37f36ae98d58db232c2278c0a1921fb6e4941d5,1
6f62e8a179a905a094a51578765bbcd2f67a1c1e,1
dfdd7dc1974e3500e69b1e2cd4e0d3305d53cd84,1
2453f8f97310570ca06a6d255d8faef023dcfe39,1
40baa95d4ecf0b07ec0c9566c22c54e4199ea858,1
6e5d9b0b5655bde4d6091a87ca60d3da59e6d9a4,1
2a6748a04dd451aef5cc982a19d1912a2e43f8dd,1
be796529ada247c095ce2559f66751cb9e045d2e,1
2f3976dc153ebb08089b77e8e5f8be6c31ca7149,1
c734dbd24a2d3afbd02daf16250207816733d3a2,1
8d324e5b2a325fc9645c20ee6711e532a6a5c79b,1
4ef9192a589a254d64690d44669f83578ec4539c,1
2690dcb5bd1714f3c9bdc526115fe6558ab2ccfa,1
67a9ddab69efea0b94560c17260ba754b5d1c4fc,1
b81fa80beaaf388ee22819f319dd74f35cf1a771,1
e37e81293b64993dc6f0b92aa9a4ff7f9bc2c7d8,1
5210cdbfd27c5ea6ef0664dc0bf4cb97546938f7,1
9d92158002604f3e44efe30914a183bd675df6af,1
d5c1da778a0f01ee3552a0a3c9f0e374a5f9ae60,1
801cee3739d685ec7bbcd07a012e88640b114f0c,1
50786e339d6c78c9ed6aeaa8dd457393c15db7ee,1
43beafbf2303c75421ce7de9f763f90a406506cb,1
a632929c97d5f74695caed46768900241e5e86cd,1
c80bef4be217ec977fda4ed9e5c51af65f8625f8,1
d5625165f2906ece3cfb7e861f913a79391a44e6,1
ff0d61e90ef1dce0e47708ab0b9ea2e6ca8b5310,1
5316b7c3a2df0d9c375be5a9c4b6dd10d2dfbfa5,1
03fa7d77bbb11fa18b410103e904c22982a4e96e,1
b59fa6d8996f2e0b8e4a896b2d5359750b243bc6,1
d430b2e819f905c67c5fa1e897233e4618d4ea81,1
4cea468efe9bd9ad07244ee7f74fcc5e4335b8e4,1
7e4b864fb85a06e39da8721dec72f7367b706aec,1
a55658fbbbcc869440b6726735fe3487c4e371da,1
181c8b02af800b790fe9d45dd5e040cc967560a1,1
5c3dd0876dbf8978a0d80b94b885f3422e775994,1
472907a4fe5d2375db64519f340c6ec2d8c2fa4b,1
e6d96c7eba1b83a19ca129d17115da1d5c21236b,1
f786b99a5332741567eea52d734dac07680fe9ce,1
178cabf0122d82bc5f1710612bb87fd1e61e8d83,1
4a07cac93a91095bc2766f58916b3c93f44be490,1
ecf22fd6ccecc7e137486b064b969977e7234a0e,1
633c79e647798c6a7c69e4df0053c56f25634e14,1
138e3747635923e2bdb649f7229087d7edfca7fd,1
2bd743f4732b32ef4e07f15801b478f094d64edd,1
d9a1ae370d3d95bd4121aefc96f7108329475de9,1
6bb168e076a666785df8f94609d66a718d1c40f1,1
6b09666881dbe59cade20f708dc165c83e4d7492,1
efc91b16021fb2ae3fceb4802d8fd47fc68d4de8,1
b66202dff71380b700492b4b6eeecac730b33e9b,1
f2a01dfd53d5f58f899f87ef18b1b8f22ad36566,1
bc5f5628deef19e915ddcb3056f8eb2972cd3f1d,1
ade45ca2851c80a6b44d28336cb0b9197b0e005b,1
28d351d0a308fc302b42bcba15c2abeda28d3d26,1
50a085cc53afda609e827df07f834ebb44938253,1
dccc9fda66948b7ff72bf3c1e60e82771e6817b7,1
3bad5a3d542000ff541851b8e27f0a4c9d34c937,1
c67df43f17147a4d866ebecfe007b3a5b257d2c4,1
7cacffe1163f53264d47eb1580ed0d00b3b6215c,1
980fb35f0d3c6d60cdee2054c3b3a7278de987c7,1
de7aac45635d66fc47271f15401a13b897d8d1b8,1
b178297571d83ba38f033a62ce0549b53d12f890,1
f5a73a8ed950e8036a884479abbe2c40e3a46b8b,1
1b51309490235adbbf434550f1ad0335d0f2acee,1
489fbbf46c9bdcd55426d5f5897d94ffed23058b,1
7449eadc9872dc759094bd994859ff9bf934f161,1
cc560216a4506b9b75dcacb786777f52f52cd91a,1
0a08a19bd6b5bfdc94df5d01739490ba092aee90,1
4431172e2078e5c2a0af7c7cef16bb9fbc53450f,1
b2811784918a5894d5ce81e130be57e8eca07115,1
6f11c983399461379feabc68557832b0bd73c962,1
9b3692ba58595895ab671ea451a86e98b91c010f,1
93f68b377f70c73ef517a2f49b0b39f693e5746a,1
045bf1db95322e5bb02f3efcbddd1cca9caa7227,1
b50e4c929dcba742a512b4d59aaa49c1b699a055,1
522e82a9195605fbd45309537360369d89dcabff,1
8616a0da61b9098dac9e41608da932f6c8622030,1
8c03f088a737061f33c2ee03a11741c6b4f72602,1
acebfb9705d3d5b28d915213780be7133f94e8af,1
5bf1dd8f0d8205c1eb9b9b13f669d9cfbd047abe,1
fd780fce81fb07e6d454466f22c3ed8a4ca838ab,1
3c632befa4fae132c2dee8a99a5642273b124817,1
d1e2ebe5fa2a24722ff18b4b669963c9eb20ae51,1
3afeaad169faf0fd2ee344adf5e80d3b97cd2136,1
64a07e8275579c73ba0605a4ee6ade4c305d9b84,1
6334e33cc3b3f16bf4308db96b205190ca3f50a6,1
ef45f8a0aec3ee6bf21614ca11db2f8b3457ebda,1
acdf0729ba13e35e1c4b4a31dc2f3fe8d07d5b62,1
db01a27193d200bc6d626f22d40fa2a441ebe082,1
aaef3e5e526fd4bade599ccf363ee17950192442,1
67a58df21a33f36e5a875b664605c386adcae1e4,1
afc4c79a57104e0036dc37fc3a13e46c0ff37d34,1
8dd9a627749ca77b694f810bcec7096ba84171d0,1
87021c315681dad907a8e3c6a2783e20931c5413,1
833710805ab46d3f0b1998aa1de4c055a2ca36d7,1
d20fceb0abdd7a3a018fd215fcca346b034f45f9,1
65c85648a1d74eea65070bbccb3f230d0d23b17b,1
110efd7526eaecdc288f7c132a8be396f43b52cd,1
de2749c7a01c91e54873022a4aecaeb263afa3a3,1
3616818998bacd86c3ec5cd76b2f880661265167,1
adac4816bbe0fa149c727a4406337cb9c05c2001,1
dd513ff94b44c4bb7b68de71d4862ee210cc3958,1
1b2b842fda591fc3d9ac3fb6a20d5f8a318ef1a2,1
085dce3401330a747631de7f7b4ba7187e5bef00,1
325dac684d528369328790d8ba947da8156cb889,1
69061404defc4a5444b7a4a0d8e9f12b11b289d1,1
99bf9419d313509f4d4d02272d05038d43d39fe3,1
5d51864cb44a8d196baacf7abbd25d6484de04d0,1
24c23303ae0604162a28a049e40c5690eacf5b1b,1
3c97e0b6404d88ddd6e953dd86699c2b2a883b90,1
871a4d444309432d56021586b569cb16f5caebef,1
8c6bc9be38f86e280fb6b841af3de7f5dc67a176,1
328c44be879ecee3b2b815735f4cb2bf880ae5db,1
8679d0efd378a0606d57aa37615009a0227b8bcb,1
2a20deb79f6fae9b24833f788b158bead887bbed,1
62171af8da5c9fcbee4e7c2a1f9445ed756afbe6,1
61e7b08181dc31ac792b8baafc5dd874dd4a6cab,1
f1c2bdb0d6f9e481b187ba0c0b019d0238a2d1f5,1
a64dfc54e657b2d65c0dcd63504a9789b4b30dc0,1
c741a4522605f576a9e74017edcd8552c28fffb7,1
94ac3a7141bdee42181d3c49a29f98dd3335fa0a,1
c52d2e08f2923f57c47c96be4a1e61268e05d8c4,1
25cd8ad37a5365816d3bd3d45e613f901b3526bb,1
f6db4f77a3f8323c3aa0c98ab058e7143aa8e8a7,1
37362e1997c0c4894ccf23aabff26d55840d19a3,1
b3464724ce74f9d4077d02838d9c2c7830bd6155,1
d8a693a309ec5d42e5048046cb88de52cd67b7a0,1
826eafd58effb0e478ab3485ef60303e0c910368,1
bad4ffd22605ad954a403a4012264493549dd33d,1
76d5f413460089a73a60b9771caf308e497c9f61,1
3bbd9b8f55d2b05fc3b618ca7a9ee914ff4ec10c,1
5a61a618c966575538c349ce570053df5eb33d93,1
4a9102ec447a24525b95e413090ec39038ab7e28,1
5ea4020417ea5c64402579d905525d529817aa90,1
a758c29b756856788d021033b1212b63d334b23e,1
4bd13ce4aa6bee8f7f01cbe3020478f0fa395a5f,1
7a2f4da387c2062ea8d8677a846a067885aa4542,1
ad25e86febfdd47c7d88d2cc66ed494cb646c651,1
fb173f17f9b5faf8a40179709fd02d729de8c57c,1
763e30b4b358ac1ea01b7d921ee7265f75c9a62c,1
678ff4f6dd20bc25dac4c96b215d7d8c862aa2c5,1
bb3c3372383d404c06b2c8ba4f075f0b051f5ac6,1
9fbabd29e21a5b4ae12861086e166708ea22f074,1
50ae1f97321dae77a246f4e1e2fab592f4a50a39,1
2f1cf086905357cd32dca3850b56c3e72da5cb4c,1
dcb47d186c1935125db5ad5348ffb748ce61104b,1
3c92cb8d0f1591971db9c0537e9473e97b1c8802,1
7c0d46d8f29a48db28419cc55c29247e1e9fee8f,1
0a551b331a325ea181384122ac76f9805b12602b,1
bf87fe8bc28920d36408712384074ad707900ff8,1
686589aa3551c2d87449ab1dd4bd444db28cfc02,1
8b520b413fe899f1ab1612537ebbf158aad4456a,1
d15dff86e53044f8b693c13c4073730779a7c640,1
9ea1f9b98da126766ce9130e7c5221598e712927,1
84269d5d58e584ded0e8a8ecca9b6b7ccc41965c,1
11bdb758ee3aa353737cde33e2ad5d68ca143eb7,1
348e140a0c69ed8257071e520e5f2039d2bfe68e,1
46e302f3f61c2bbb0c2afb7d252a88af0a8e3628,1
317839171bb624c3317241fafd20ac026bda9072,1
2ac876728a6f3269d55165ae1a258fa0103b4c97,1
18e666662bb048187d3efa696a896c87db8d77c6,1
96bbce9db03a928b30ac168b6d4ea62c98aa5fc8,1
9a46ef282d2152b1b2844945532e3ca27ed75e71,1
6e41a3ae4259d2fed6d236a6438204fe5308fe62,1
1499e54d8fcb6b960a51dd5d12547d0bbf633d93,1
9386c734bdd91350ad82ef390de6eb5aa978cfec,1
540c846fbb69a1a01a1581f51e2ef83c168cd926,1
7bb15ec00c4084819c7dbd776ae1cc3563228167,1
b86e4242fe578478e246677bc7b821f217a6ac8b,1
88dc9ae23a1ae3d750c2ff8fbae819b472cedb7d,1
5811ab973906fd810f9b8d9608d412d922ee1347,1
5370b98c2aeb04946632854f8beced18416e47f7,1
972fb3ca3b9c2937049b99f104ac8487b2912085,1
6ce9acfa487cf48332afbf8a09e39b6710ff43b8,1
d43bf6241e880c440d9f3cef392f201464a84555,1
45785dff72fa202179135d28458b1c92c294f6c8,1
1855198286896b693a692ddcbc2fbe59d089ddc1,1
c4d7f00442e9c5c9a58d3b483f9b6463e61df703,1
db961c0c3a03dcb978b1b97dd0f1cb7c316c64f5,1
35d67ec41d642baf818675e17587ddf8f4569c0c,1
132602fbde8b3f28d4621964cafdc7c0c38c1a98,1
ffa6cb5f33fd564e8f6caaeb6a22fe70e4788a6d,1
348d61455d598df4aa96337aa12f076788f0bb81,1
2c6d5287487cdf483d729ffac9883c3b17ac93bb,1
0533fe41b9bc0ecde1031b8a30475557239dea06,1
8fc3e839e6c09eadc01bc1b78f6b3be0d6f3898b,1
471fd1729608248aecdd9a6c56df0c7d46bfec67,1
694186067e140d66d8e08d500ff4263cf662745b,1
903bc1a3fce0829d60559728582598a52d22dc99,1
0afc6e1c089edf7e21068080faa15cc0e5894c33,1
2ba518cdfa73d6772282f06a5791416313cf4a11,1
12cfea1725193445368c7749bda57698d3ae5c8c,1
34ef6f418d7b26858f5b79594179a96bfbf4e154,1
e08a7b0dda20278062ef6c76a27aee527db8cc35,1
98bc5fe17c1b54d01710122fbd7a84b634cc7d29,1
8743179fa8d2930b1a09f506da4ea0871f415609,1
d1f52d0a94962f3c07ef8cf7d0e6d85e7dbde918,1
9864c5dfc4c74773b9627d24ef4db348e762f4fc,1
8019330f2d96f522cc488e7a8a4faf1d3837fae6,1
4ff710432cf4f5b07ab1301fd058a38aea2518e6,1
47adaa6c193cd0bd3e9d1964ccf2b0d8251282b2,1
3f56143d7debbe0f712743f23856886768220fe8,1
5a76dc150d56b2fc8d6ad44678b534a5dc5024ae,1
d9259841166c4515affd50387a46bc810209a182,1
cbd7517b8ac176426f44b806b58b48db3379114b,1
0aaffde69cc2355a404873f6efe618166336aff8,1
32fb6e0847e5b047089ef7d7e157367fd119828c,1
0c5598d964e0539dddfed69d6874192493123f37,1
1c28a82759fa75595c03eb1fb6af54e755606a0f,1
16f36ab0e7210494043867eea1a1c462f1c4b37e,1
8865c4cc71215a8d469381c3212debe63677cca9,1
7bdb30cb79505a8cc66af2b6eed6fb36198adc78,1
56f74a7214cfdd2e4233c8ba478db6ac3694b0ed,1
040b84bb35d25e9db3dee009e6cad9473b222eb3,1
5512cb7bca1dd82495fde572f6cba6e5baca9790,1
31ff1fd9a3f3044789c2ab23da44199ed0e32e6f,1
47336e636aae11d34b17fbb7f920a238189949d1,1
123ce53f38af64a9584177fe07d44d12a94470ff,1
7bc36584264d735105abb746fd3453c4097e94a0,1
d11af60ce213f8be02382e50ef8c21440cefb940,1
241fe077f8b24cf0c8184eb036b427af30b42d61,1
5b39bcb4dbdc2827ef6b17008da010e77c41b6b7,1
bae7eff1d0b641260e7e83358ae5d21ddf38d262,1
8d3be9df3bdca8a3eb5bdfca416a95a9d86bd4fc,1
ce7f5ccea3d74563f33f1743d01f35c308d7fa7a,1
16553f149ec4523e5ef47033309e6e80779e7387,1
07e854014ed48eb63feebb42ca7e786a11e317bf,1
6505921b7c4f137760880db2abce6cd525c0d46e,1
9bba3fa1d3b108da3c9ae6d6c8d83e0962bc0ab0,1
2fe703fe84cbdcae94d287211f7e0e4044572a52,1
a1b80bf97252a3a2112c5774dd646d7ff159d686,1
a7a05d1aeb33b81cccf9dd68376cc438dc4576eb,1
6c4928c69f04c758c408e973b24bb640280429eb,1
b73d07e91575c262b970dd7f63f453c9a329c4ca,1
8df2a4a35777f362db9ba497c3ecf661cfd08ebb,1
9af0e0f66ec611c3570f49c68b6213398dabeaa1,1
d8cf75e0359b207662675b43348ca59aa7e38930,1
8392e4deca74a753a535d144c28cf0c5b0ec538b,1
ce651703c4fb3449ff1c5f5fda2a1370db9aa089,1
7a292d2dae926a855fb3b85de4737b685cef3a73,1
5774bbee7ad32269212024c029a81a0d502fe628,1
835c65cc16d2277c62fe3c689a72dadd48258f98,1
966d65b3c334b5c0385360e99dfed297be5859be,1
b7891e81230abfe89d5e8f7df4e240c8319cbe39,1
e1f314c3a6ec4c325ebcf27a99c4b8148f21e375,1
779f05444fd76c756782b22d11ce6c2ba47373c0,1
53ea10f6a0ca6da999c39ec4cdccc671136420a7,1
cf6e273b10622cbfd6ad78d16309545946edcb2b,1
bd834699a1abb2c93a3868eed62f4a87fcc63bc3,1
08f555228218b5523601115dddda407fe51a723b,1
4fcac9fb58bc3395738951575afeb0be6dcff031,1
4561cb4dd65718a2de7006e7bca1f246802fd1d1,1
308b957d6cf3cf9e1658aae5831c812327e0fc0e,1
0b378d2f93fea416d8794b212905170e71f8cc60,1
9f0bb946ee89c503c6b8bb8e0799562ba23fc0a8,1
d49861292b7b34b31b77b87cf972641c7a1b77e6,1
b7c2c5c109a548b93c4203c7c69ff7a8daec7b3c,1
065749d9d01e6e4fcdbf7ec7b3ddbf141db3b037,1
1287134f4f67660f80252846b0ca620af39a97d4,1
5c518cd5091b1dfe22da2a21b737e27bae0c517e,1
112ed4d07723f2b7488912cd68d810a77d71a65c,1
77dd4926f2b9bf3e413e7370e234ecd17f429217,1
e36fd83d66253e090a506d253a22c44ca2071e8b,1
0ca81aced30382fe5ca8937fb8c2dc920e97e572,1
7ef34ad8bf9637d8a2d9eafa7f9968c5be8da45a,1
03f8e0e3eb13c7688eb6dee258fbb84245f8e97d,1
6695719781f91460181a2179223df5abd5ef2738,1
da7c935404bb8c2b08517c169125d78a1cc096a2,1
1b4a29c889bb814e87d75b7c270d2f605cdfcbd4,1
87fd8c5c9ddcda3b362cf383f7eac3ec278b5408,1
112325602f3617f65e7234b40cfe64f7e65a0546,1
47558dc333e2bdd274de4a419147f4e0cacaa3fc,1
c51751cc773e46b051423b4df710ed7c0d4610cc,1
80490e81f4424f5fb4fa92372b9b1398667cfcef,1
326125c8ba84721cd89b70c2e44dd28f0f949857,1
fe5a76aa6cf20d1182747a4748322fc30ba34926,1
34a409ddbb2656508d6ccfbc41dc432456770498,1
515a071eb02fc13c36b589a400b84547129e650b,1
2b6db1bccd6f9999053d21d52dc9b4254ab09157,1
7d93e402038d53aa54a6b17105b56a59eed4a51f,1
4c7d95a0a7cdb62c11da3ce2c37fe16853dc9dd2,1
d0fef8d51d339e79efe2cfe90830cc6489b42113,1
a7137cb1947bd5a61dec305268d5e9c86741f5c5,1
ca791d9010d5ba87ba0d7c16aa168a76eaefdb2c,1
ed2024af40e79e0c2c94680956dcaac01f178340,1
815a0d9a6dcc3147e41c4a71223a0620df518792,1
39f27897d25643a1b764fc831e5a7463a003b6c9,1
1140f337a397f3b9488555e01a81a831fa80b220,1
dcbaf44efe70962d8a6bff600867af02a765f2f0,1
a68933d55132345eb8c9788dfc614dac1d897f44,1
092e32f05d6e916a3b8d90310de64f8ba3dd847e,1
bea911d2adec87054c33a8628149c3a4639011a5,1
f417e1260e54d6d639024e5df8941b8518e4dd96,1
2bfcaee62501a5de3df41e42f350174f5e595019,1
ae29f4bf25fa2fa3d1016eba3dcdcf2d8a070e9a,1
30939733f08a960c4728db8df69cd657931685e8,1
b824c5f31727108a37787a6e9d9e1c98e5af35e6,1
f7df8a879c09b7d6e5f69765ab0b9b50088789f1,1
f3c3e74a66cfb42dabe5c42a6feb3bef7b73fbdd,1
3df6d51bf4abf11bfa660736f72ebef4f87edf53,1
6a09849fb4378ee6cd9a1cc75fa1a30837a04b16,1
66d0794c45bf2c2b0f9ba272371ad36156ee0436,1
7046c8948caaaeee544b77730533b15316986fa3,1
dc79d616d66f6015759bcd75c8a5b752253e44e3,1
b7fed085d25a1b9403db5a399a776672414bdcd9,1
d2f6ec3b890f6a96106fb2c767b584236bb71e79,1
2ae8ad3ca1b3ea165a73a812d14aa1d60a26e3fe,1
f787584b1ee001d267b04208765a93b7cb13db33,1
af680a2a843c616abd7e6309222f42ba6d37d5e3,1
fe842feac724754600e492ae2b8e822259c47b01,1
85a9646680fc65c4184a1ea23089419c57ce01b4,1
3696ed0943493c285768489e12e94f0369375a43,1
c6cedc69f7d8b4f01afbad6121ae5a05110e12f0,1
d527362130aa2bc4931748eaf1f34c2e2585383c,1
489494a9a4e0898ded42cb92c549c1843a59044a,1
1100a1072b56470c2787a4dc1bdbe25f650bbd87,1
9b4bc0cf67bfe80430cd6f23c343b5a8fb06a725,1
41924e2cefc65221365f58fe81b9d16bb0d8ee1c,1
62e0ff6e7ba061d78651d50d6fc38c8f4c44881c,1
4ef6b93454fa55ce1371d74cd783c7bcd8620c8e,1
b3b2d10940e00502e53186254f542ca20fa5dcf1,1
d45eb5d0802a66a3afaf213223a06508d0acf1ea,1
0e57d27c6a6e485d82177e8cd1cea877670e90b6,1
ab87885a21c49f07831e831b65742a91f3f8fe2f,1
cce7adf5feea4588057b3cca9c7a1d580dcabb40,1
3c1a67c731780e3f1575bf56d68e827b26e3b836,1
3b2f6c5951186a743bd54e1b2e77bc95c7b599d2,1
440c5d0af80ebc43f17e7dbbb2e0e32152535c4f,1
433adb2638a67302d5889f8067c47890b9deb036,1
bffa35a22655a0d658fb9590bc38f71c1617185d,1
eefd39720256b29b91cabb9468d16449544da1c1,1
103f25d8cdc4403a1403aecc9661e35d25399069,1
42285422d73acacb340a3708861f073cab0b00a8,1
392c716b2671337dd99b6a811c187f81afd5f9f5,1
811bdb9b7e3aea5fbbefa3e367757bc913e8e3ea,1
5cfa6b6924b31349ae9b766729beefbfcb84053a,1
3e4d6cfdd84ec18be638cf547a38b91ac692fc61,1
92f5c29c71e94af97baad429e07cecf79f27d9e0,1
98999783cb00ea56aeced96502d31165942c90f2,1
2ff6d5a59b5f894e4bc8f2c053154b3fa340fd4e,1
f6f4d7b29e8312b5ee862bd9a979e1e4eb6165cd,1
9b20cb7f787322defb9073f7776592ed5f5277d2,1
556e1e56b4022e875e3c043f4bbb44c7d1e72dd8,1
3151f70ed54e786487cf4ce25f1bf3c39f8c1d00,1
bc9f292ab78361ba68badf1b79254af67ffd5c87,1
1dabd97b9dca50462505b2d096be4a8bd8c522ae,1
05524a834bf2f1e99204c0efb31f12ca2c3e8a3b,1
521ffd4d4bee45efa9b50436eead3f28207169c0,1
b58b48d4d535fa175993cf6ce5408e9917b8afae,1
ee9f04d5622db5f2fa4aa6ed5ce656688ab26129,1
e2927f91279af7231c57206fc2303d740379d666,1
1555d0850294694a55d31e41cff057b902bb43f9,1
0bee5a7fe6ce1baaaa8c8ae2b8f8b27ed4994a99,1
c18e56511b0233cce633aafb70ae82b891c17a14,1
bb96a85b0df3f493edd50d9bab8e54357de01e3e,1
b3c5817d0bb8d1527702d1c5f25697ddf18f5834,1
1355ca9c14a96d4d23d58f77a9173112853eb1ed,1
ff02628ea5c05eb97dfb75f1f22a962ae3796145,1
3981aae80840eb3e0233f9ec98d1f55be1c19883,1
9371c47e921152dff7b456ba4dd0223d92ea0df2,1
5268d302b476941255736c6eecdd04924e0d6e3e,1
3b8c1654d5f8e116cff661d7fecf082c1c0f9434,1
7060653cab6256c3e1d672334b9b56dfc3483f60,1
6678113de06c2f6fe59475f65c6b9827455eef01,1
b02b6769c9486f73f77e85fbcf74b786a5620dd3,1
0e5abc7d77ad3876930850ff5c38056ec11032c5,1
800a7808bcf0c21f8d44eaaa57bf86e48cc8c005,1
4963292029e2af13e585dc35c87bb3c453c83982,1
0cc36d4e45df2bf39eda116c35ebc058f06a1298,1
d4d63eb85233ecb68b77269fda9cfbbfe1f5a55d,1
569e5bda66033a046659111c5dd23529ccf9b3d3,1
352ed05d5e153e857371a63d47eea9be03163eaf,1
63c5d2ce588202639f3f76c803a0d58e26ddbf7f,1
3ef3708b7fdcd1c844e9950bebbdb1520f148c81,1
5200d2777937b90e148dd2fd95bbb1ef801aaa6b,1
11e2486cd31b022a11313718be16719bed23defc,1
6259b463cd3417d45d8394c1359342a9bea5cd73,1
d97174304e525e8c3e5b35061f423122feb08424,1
76454d9cca62ee3e09a147ae21f6d76d44d30984,1
0cf02e313de39ba8019e69969dbce1ed5e8a9b78,1
b96ccdd35b0adf8998ac3c9e6c09ef8f3de7ba0b,1
fd6d3aaa5dfa33f24e7efe2172d365ab29a5c392,1
73ce07c4feccc3fe785870fe119c5a8d7a696927,1
b57f1f8e31fcd25d2920420116e403b8a46e676c,1
b3b1005a53dbfc9d9f2a14f0385149903ed3103c,1
4f53d4955f88a479ab666b837d06fa0e4a7e6233,1
450a477123fa0827b44deeee92a54d6e482d1b59,1
2cf1fc7c26bbb83b2ffcafe01eaf8529f1807fe7,1
a4fd75c86cb6a0a5687ecda435bb0aa3b90a885e,1
51d336803ab74e9af7d42de719c7ca9897e1c99f,1
8b99087121c0cbef7d9a244490bfe2a9e749ba17,1
886d7b30be9b2360ee33928c9d70708ef194e12d,1
7ae835a3d2ce1f99d2207be261b505afe5047a33,1
c30b66bb77f1ffbf0d58b1b9fbab654f6a5ae4fb,1
c263bda93720f53d5b58eb3a09d522e7d0525f52,1
b6957d490491befffd10d9c4e66a00b2d7143bce,1
7c571f4bddc19b1bb861fbc11b64b6e3cf36eda7,1
2be804bd8f2b7908ac4228ec858795c74e337ee4,1
7f10d20295378dd5b345028c3234cb05a73b53d5,1
300965900389e1d01e3bd8544adf3bc42a7999a6,1
207aeafa24666ba4d76cc583f1d78d1130bd26c7,1
f16f2c1ad7f4f3c2f2b60220477d4f77d14b9763,1
edfa98242b91261c7a34e29c7a7fbee679052e06,1
2e996c007acf39c82c587d118870e6dfbd2539a6,1
f65dd618eb9a9cae26d09900be928364da6defb8,1
3b0eb53644258371d99f0863e09f9c06bd975b2e,1
73cdeb66f59ef7d11db332f37057501d54b1af31,1
81d44af7d12ed9a8364d59dcf4dc6c2498e5d2a7,1
0d384d25e7841cbf21eeb579cff6f10150ebfb4b,1
96d2cfd9c83afd152c9a2e28b8e8d9d0a8e5e381,1
bd2c06bf4c3fdf23c77d37db3e7820cc4471f428,1
104cd2e3e1657b5a3ad3f61223a7157e5168fbe5,1
c3e478bbcc667632b9e2622f85bdaf97cd80f3f1,1
f74152de6d17a738282a704499639960886bc77f,1
7ad9dc6d5799004f78934710f9d6d31aa1ed36bb,1
0db7d8da5b33f5a9eb2680a0c6eaf03bb886d4b9,1
25bbec94f8a582bad6f4d4301ba140abdb4c0fbd,1
59ce4239eeb2b7439937b1abf7b178b11546f207,1
0c72fe45ffe7b5a9bb1d65574b0d044ac923417b,1
7315625d2304ecfa20aa976bacdba4575226d0d8,1
04d932984036a0c4b1741d19758cbc20e947f900,1
658c6a1eec671d7a8fe9c37aa411b9829b2d83ce,1
4089cc9d1464f1f89f985edcd7a2e09b235f553b,1
b40897e902891e8afd622ef875acfe0822e55fb2,1
a2aa6143f220458cd7a05eab2c479f33f29970bd,1
869233215d1ed66f141fe7258f9f6d1a419f75c4,1
35f932a3b8787ad25569b64a27a05f119c41a585,1
613c19c88e0e863eb9584fb467a56f22540360b9,1
9500f78e901be7eb373d837686a883121b99807d,1
0e67d634fed32a8b775e0badad58b3b4fddede1f,1
983ee4b68310ea540e57e18eebcdd21328d62eb6,1
abe0ff68f92d82d111c65bffb128588cb9aea27d,1
e2ee47a3af0cb5eb4167c5072b638b1214e27450,1
1b90af1d8445bdd82b5dda51473058adc276772f,1
4f87754734fc846a09b87bd70c39e630ad9e22d4,1
3e8fe7bc2fcc13f7c239522a994f904faf1ad39e,1
3be9d4fff1f9916a29523b21722ef7a286aa9759,1
3c0b4bc621eceefeeb21806c29489b2a4a1a824a,1
20ac79be5a5b83c6ce3b97eda4116933f8c1551d,1
f9c132a9e105fa5d3877a54d264fab2e59e86f90,1
e159a4cae5b98ffe95023b3725beb37068a3a6d9,1
afb7fd94e064210f4f0434975843d829f571ffc7,1
22e000d435c409ca93782f8a0b75a9fb51623d46,1
bac6b656aa8b311e4cef9881488d019980386190,1
cd48b7e77ed4271b25b24de077e07992d5e7211d,1
9b2f6be9da2c076e43a9497b6b4015e4265bc977,1
27d63b01a197aa6fa22d468e80e3e66baa5ea505,1
1077d7bcaaa56882a906ac49ec0d6f9eb3b20a16,1
7ca95943dd71fd60f76b744331afe657d920eb63,1
ffba4cb44273eb741fac17c34c6c0f6740ea109f,1
06df24caef2b5c1bbe796df5a40677aa8c8a5407,1
469fedf5c4e35eb028676296385ae424ed9cf623,1
e93200ba46a72722a39971e836bbd44038b6f7b1,1
24ce3c8d323205c7c20d24d465d0efcf5121e450,1
a134db43d648e000fb05d5357a42143470b1ca53,1
7f8a4422e5d6c5261522f7f46dfcc61a8d54c474,1
e2859bba18a6c614bf3825f5e63b5d071b1d6aa9,1
f7273647b978b1a75dce2f680f45f74eb5dddae6,1
d04a55fd7bc645fd270767090f1d2c8b3694a189,1
ceec47c40a451ce5e2903d4009d6d378e591e59a,1
d70baabf8b3f618941b64595775ae196c9d02287,1
1798ba692dd1ccac5c32355e5fdb00bd35a00672,1
117b009eb1a64ab9999fbf9ca3dd33a50b664baf,1
34aa2ec3da142932fbb623610b8076764572478b,1
b2a1d0deae842936672c367ec717af9695c36028,1
24d55ede31d5bae25e8021ab83c16518dff96d7a,1
0eaa9c9a216260cb74c33d2a095b34b8486f396c,1
622e1d5c0b7d58dc5f51f64fe57de42dccd9e59d,1
15dab8c341a3ec373979282edc2dc6b9acb8ba85,1
55069a37f48a14836db7590012e442f71a102e9b,1
dd4b81769784785e8b6b6e0efdbd217618ed8d87,1
4a45e9e95a6f283c438031a8eb3188a6c5157b82,1
0cdfcfed27c0ae3b9716b168e0c8cc45943a8bf6,1
630fe48112bf387136ca19ef51767623b24503b2,1
5540785b5539ffd48e26e41543594f941f7bdb2c,1
4c78ca96b151b2d2b0f9def8a36478bf5cc99481,1
65ac70ce68daffcb0089777257202f056347c66c,1
8cd9582eaaf70c8de01164e349d394df1f57304a,1
1eaf7782c067562c2073ddd65e4c83b8ceb586de,1
f49cfff554317524b44f25b1a5e46a4c59b38fe0,1
63c7c22a4b8e1b15484bfec7c358e892a165d7a6,1
8375b5ba54952f1d733b1a1bf52414fb33ee3aaf,1
e428d51fcb9883f08b11b7ca51437a7e82c05d5e,1
83c6dc569fea914f569bfe914f038536204dae3a,1
27c5d64a2212c5b71e19f42980350713118547fa,1
652f69b4a82255f93c9c953c34080947bb3995d3,1
6e94e0f44efd89d543a6e690d2dd37f44bbf6b54,1
21937551448e2c458e89739c21455305ca87be9b,1
28584d2168cd828bdc672c5de0e4580d10ae517c,1
94880d0ce0788061f9281a9aed2a260edd121988,1
0432cf9492382406ef8d239004c3d9922ec268de,1
6ca592951bf1b2e03683e047cb93a264e505f096,1
b6368a4a4a9e218beb1ccff6500cee7f8e719fd3,1
13c57122b7591f2a86f680811809405484e4aed8,1
f76e668a9e414a74ddcb3fa62f0e496ab8c05afc,1
282431ff0943bca5d1fa72f8b5c19c9df72bb7dc,1
375393b8d3fc7338909e7a5c99c408d84859d20a,1
449275b9ab37371753fe63bba30870504c56560b,1
5ef4cc56ec5035077ca0c6fa1bf99d6669e38c69,1
2ba03b2621fcf9cbb816f72b54d0e4d482e4c7c1,1
297a40751f615f9b7f81edb33f825188b60c660d,1
b5dbc6ea2b99490d03319b21f84dae82ea490f19,1
3ae3d8d7438ddbac278e4a73cf0faf6762657cc0,1
513b3ecf8e87708af6767d552512842b7b7845f2,1
101e580f0122a97ceab695a57d7fa96a2ab123de,1
a924e03b8da5c0f36fb3f1cf710d71ca0d786c34,1
5fbf263ada09f674f2495e7f11d40140665fa41e,1
635c4d17c3c436c8268e4a1960dfd8d767889732,1
f54350baedecb0c983b8e298af721c9989427e97,1
50d521d1099ca48c3c764bc05a447f6ee4005d46,1
6cf3e53f25d9b3d67c1b8732c67fbeffff07e258,1
eced8f32ed99420b0fbe2dd31bd93fda96316393,1
9e62c7e671fbc94fc096591adfa8e82be120fd77,1
dc55f37eeac9971d759213058e8517b41696f64e,1
d8ffac1da2bd71353b35332cddfa747ee8ef2fee,1
16a261cb5b45d7b3965c30432a85f3f9a538e5d0,1
710af5f37f8f20e55a0b5e3fa781aa544c5a2ed8,1
4df46efe01b991789bd5e1dce853987c961887c8,1
80900365bb987549589ea25af1f29e185d541370,1
58ca8782b16a1ac1ba39aa91381723fdf01622c5,1
1325002f31df7c72f18154c55dfb2c78cee42753,1
d114b55262c7d355ce8be1ae6bf1c46d1bdd8272,1
7893c680e216757d236b40f752f624952dfe4386,1
0daea01ae823ff5bd0e8f7940edca60855747980,1
49870fa318202a2aa6ef150270fd3fbb2d0d7e61,1
797e9c36f99dae344365a8e47d54d888e4e4ac53,1
944d102f5ce368831e5f4d73f6122edda4916845,1
c40fa18c0b164fd78402ce3f2535af976e0ebe42,1
47ac8574c8cc3375ed6bea22a75d9df1f34337e8,1
d22dcaa666ce2217aa567e2bb7689dae0bd5ec9d,1
953bcab6fa990966038b7f84a5a1ac2eca664d82,1
408ec50c31f94dbc3e70381ecf87ee5b9b4d6c64,1
d6e345d5148aee33104541950d9584681fd9224f,1
78d81e287e65998e32b0894dafafbb9591ee9ee1,1
ada77cdb70ebb9b3fcbbf84f95566d0bcaa40099,1
de510ef8593d7fef6c7493648bfff12dc3d7d124,1
f7fa1f6048d6407bb06da0490d1eec455175aeb2,1
463a8b6b1f439f0f16901cff8db330fc8adf07bb,1
ea064cf104ffc03162a9deb25f5c24e839754461,1
cf02891c8119fd66f3bc47eed23d12eae4a240bf,1
8670b9d9199c46cf394be529c147df9ffb8313e8,1
0353252a4805e816c834e8f223669cfc173bc351,1
be8f0757c34a70f1a3113d0a56fe4dd25122c92e,1
5f55e964a99153d1e3479f48a4da0d382c65033f,1
d045b81314747ba9c88942e7d44f35f1f638c781,1
c92d4d0b25c7422f16d54dc7829c95a194b70405,1
903e1b831a639fa057e95991e15a2f8356660c3d,1
1ac93cf8863328510c0439fa3a6e864178f5af1b,1
a049ea0f53be9a4ab3ff686526b948949da58071,1
4619401a2ea7cf63d7417091860d7029229e0027,1
1f83192742735d79f539e5f0e7790c13a535d8b4,1
b995cca9e7fb984ea964090636127dac53fbf987,1
3312818f732160769ce71b8772239c4084064bf4,1
7fa828d26b17f8a320c63a55e537c8e67e79d500,1
1635d52a5468910d6977d2f7e3be973ffbd8b678,1
8787fd15716ca0855ad6fe50fa169f4cf8c3ded4,1
14af3bb4ef067d0c012402063015dca0e7c6a268,1
f412727dae3094651643def6b23780679cd1accf,1
4383efbe5d8986748bfc7e468bcb8febe513958a,1
dbdf0aead7b99927158c529711dcda81c0340323,1
6f326e201f4e7c95240576f24516ae56499312a5,1
f5bab208d7e77e1090b0c349413b5de1604c18e2,1
b6787524de84c00a570d570d2cbd61030f108412,1
f8736605439770df357e26b704645b9c1eaff506,1
c244c591f0924ea17f44f1548c6bbaf6e528e0f3,1
71297a3ae215e8d1aeda8043ca43feeed0ef012a,1
9cc173b0447509c9609957e34c1428567a52ff1f,1
8e2a50fbd099a3d7fea5c9dfd2612bcd460f4497,1
594aa39249935e3bb1a9c76c76548aa61a190f50,1
ff2f1abc9bde9d6388e7152f53767b6fa79b59f2,1
033943abd1b88eb71f63b6f8399522eff95f690f,1
4242c5ebc436418605b187510f61e0f35e789d7c,1
69af806c4d93f49e8afa604f881805ed452ad6b0,1
27e0e0d7c2aaf08e9c19e36c88a52e4def051fed,1
67630ce1770a487382bbb7c51f04f004c21d5e7c,1
1d49b183b1523bd8a9adbf589ee298f47d818d4a,1
1e24fd61ebba80cd87b4e0b793850e95ba9ab526,1
45e7afcd90eda5b96571951e8ef7cdfb41644183,1
ab21fe9202bb97dfff367dcba7809b79dec61657,1
2f797461c6260230823fb543f5ab847c35e94c42,1
ec31d1c91994be6f3f2ad08a35b58787c509a3d9,1
a2bdfd13af774a96ec9ae7ffe2c909da809c70c6,1
c088df0fb8bfd0a31276a5867507c367d02a4db7,1
20165fa722a6c0a0f342c947c9f600a1a8115009,1
7364a610548903f86569479d38085ceb65d004e8,1
c0a7c98746ea43e8a951f417f29abebabf9d06a2,1
353d70cd76f4f756401753b71434b46822f7dc99,1
8f194ea6144d666c69f1d7d0487c9075157cb951,1
12fb621a28c05b7acb89d6506dde411e04fd9d32,1
9c0187b37f7421a8b9e91d53d2199f4f1fbd52f6,1
50784601184e6d23f3f8a7c5cccdd8af0435d0e3,1
3b901cb145e57367eb55b246e9ce10bcf51f3478,1
903084a4db0383b73af81f8fed0ae39fd8a81c78,1
3d3a2c0a10cfd178bbb9dc3e10f0b36a83a0a3a9,1
67d7ca6dac10a081ecdb38265b3767caf505e49d,1
0f9c835f9c6823049fc68f0cfe80f8d71b8ab843,1
6ebcaa306da42d0a5c6dae0546f8536c2affb4ef,1
50b87c66c2ae7095f45d6f7a743c881cc32cc138,1
b61dcb5444e5e8898883e37ba9ead89aeffd539f,1
d9c2254a3eeee8b1af3fbcc5908f8b87f6c9cee8,1
60aed8106d591fdcd1562c3350c767c638610527,1
bd5caf894aa3fcd3d7fa846d52d16259809cf4da,1
0ecf93b9a596a99df5023e9aebeb5103bbc5821f,1
113902dcc651cfcaea720390578126294a98a2ec,1
ea72ae72aa6308e05df600e3b1fe5dcfc0bfd77a,1
9f77f0e516904174258a0bd63471d22c63b5e6c2,1
826e3f5977af7bce79fd9699df2e7c9f9be6c5f3,1
39acf3cd7f87f2a052ec48d3cbbbb1256fb2f300,1
04d76970af7980a8c1bf2480a2ed39254b0e46bb,1
84dff26517baf677a32e79eb2b707c7a8858ae1d,1
5b548d0077943bcda6deaf346355e8e32b15820e,1
50af7e4157467e4bf99281e146aa381b4a8165a0,1
0bd3de2e50934b42feffa4b03e6df10b597e3e2f,1
c13973fb0e70be6df84ba0c52f9f7b88b5e7c56f,1
1b91fe9b5a0a9056e7fb09d684a2e94e23fafa23,1
f91575c4c6515b2acb1e185ca30768bafbe4c921,1
f5b0e93ca06288d147ff0576eb72a9c430f7b3b1,1
e3a6a49dba3401297f57116e7cb242418383f02f,1
66c4bc9cd37b40369c7bf40c2a2dfc35f1bf15a8,1
0aeb88fc8e243cf5ad2aa80bdf7a65a27b926afa,1
d65c431c592db84b10a3649d445ee1322c2f05e4,1
a42763f5d8da77a534a4d342decbe5af3f0db43f,1
a4715396b43fe9ce817af46345e8288c36d7d19a,1
86cd1e317691ecfdccde4bbdbadb68f22e74aac3,1
6d0e526d149d5032a4376397e2c10eabe751af08,1
a83440e1df95319c13dae4a82c7214cf209dfa36,1
9702447ad51b3a228f3ef2b6d60c3926920c8c32,1
086f933db72a63ea5d17e8340bdcba1fd19e6d29,1
2ca9c0eae4260a7e8dfbb5c664cb254b0c89baff,1
827d07109f6aeb68e6fc5674b1c61bcc6bdcae2e,1
c67b16f7769812fe70b4ec5a1c7ed20930e7a3aa,1
613da21476b9ee339f7c933fc7edf58bb994ff69,1
70e6e556452f45fd9b77cadc477451b42eb48930,1
818efc07b89e52bfbd64c9cbb68fd7a02e4acf31,1
fee9972fd96dbe3b6f862ff3bfc5b5dc83823f8e,1
d457dba0dae08f1b0d613870257855f455141d7d,1
170305ca4f9e9c510f234bac3b968537309ebf91,1
128469352da7e41f6c9ef224f8120347e942ac3a,1
5ca42ed9aaa5f6e384bdefd2c9e8e33071896c1a,1
57616a35bbd660ec822def3a708166c3991d4dd3,1
0a168eb625db6bd01689abacf5aac169a362c675,1
ba2a9d42a9ac94a40962e6dda2962d98b8c7ec30,1
27f55989df811022759c6eca9926fdd40e39d541,1
0b388f24487ce09242ddabb8255c80f75a0308a7,1
2e467c1ea352d8192f93dff9c51d5f244fe7d669,1
7778da84705e4763c7007d82950f19b5ed374ef1,1
a12f25d0ef60dcba18acdcffaa798cf90c918d26,1
bd3a6ece0689b081d928ca865e75bab91f75689a,1
8f4f1f7e5a51a120328c917208d94c9dfeb63387,1
02c0bf12a29ce17a1fa22d4089f48555ca66f702,1
c4d71007d0b5ef1266aa5bb82a9f05a6435fc1bd,1
0ab614be1754223e0cea4a9e2c8d58d4b9e0502e,1
a48426d2912c66f3e27c39c32bad5de5df348f46,1
8834b07b65f054060def904f497e7621f0bc33f3,1
9d1bcf1faf891b04c6eb32c7d235f276950d0ce8,1
e35211a9d040e752d1df6f22e6fb6bd2f96b1bcb,1
4d15d29ef87fbaed5368879b019fe307a0f1ab5e,1
09b582e3a728a684e8cca4985148510196f53300,1
02f990c2f5601d92448fb94178112e2ee9f6de8e,1
130ba8b1e99c2e75e9b36a76564bbdc08a5a19f7,1
ef11d1b189672b02413b8e9e78d6db44bd464184,1
70737a6a8d0703587e239c90302858c12baa806b,1
c4761bdee767291ed9d5732e1a6addaa7737f1a7,1
8c66cf9f3d162ea9bf8c8aa65742bcac933b1e2c,1
651137ab6ead56956c1fe0830e83bf74d3f789c6,1
7478f8be90f4b01584f3aeff5c5ca13618c071ec,1
622d70371e739de0cf115b7a8f59da6935c6951b,1
4eeb50cef8414086c2fbf386ddb9f34e91a317ff,1
adb1823594a5e1c87b7a086650b2874b3ca312d1,1
6c23d10c7846abda087a2c7978913e1ccefc2ff2,1
828349a193b906d1634a9f93af59d2f0828cf2b8,1
3405954bb495f97ec54434a88ac86f801481a6be,1
9226541e777d0fef49ac4e912070d7a6daf8684d,1
47dd7a7713744aaa53d020640505f82d5a3dd9ee,1
69fba50733f57691831b6b2bebbd488f048688f3,1
46d9fe3dfc02069dc1be9ce6f447483c5286095d,1
77ba033125c0cf609009e127775159d2928e055a,1
4ec49b8f9a349535f18189cdae5ecb2877e0be93,1
a1563d0310970e955b71752818c3213998ee3a88,1
2083aad2f8d4275fbec47d47886e2e136ef56f57,1
24f81677dc39da44fe20e2a6174c329c1273e07a,1
98e1dabd06caf988ac1799563158bbdc505fefe6,1
f8eaebed17f879de4aa8533fc7abea4b5ccd5dc9,1
01d8f19e5306342b365c26cc83254628f5c8c66e,1
1b3c01d2a8a56028d82243f85e02dcd69689c580,1
6ad7c13afadf2395746d89680e5f23282718f6ff,1
05ab0deab1b70ba2d51e0d64bf5f006910992902,1
5fd10691fd7f489d2b570798c43c423c5c94798f,1
74ed8993a831c6415409c23a989716edb0e29d4f,1
cb61d9b5f52acf2e5f34bcbb694f6e92112b7925,1
fa1acadd0b4702e5b1a810b52b208df414dd3d2f,1
3d282684cafbe6367f5fe1f4ff41114dea47e773,1
1a5906aa739c2ae2c408bb2caad479f10e2335e6,1
1f2c85fae07492d357d968335cc988e9ec9ece21,1
bb6c3f93fbaf44f2f4c3d6863540f9cd5f4e5bf6,1
14d80d7593bcc6c4772af09d34d69ec14266509f,1
ee2b3e94e6ae57826f5e55145983c8dff12cb1ca,1
b8d73fce21ab628cf8ae232864cf3b64b8ace7b6,1
482f78234335afc0af856399bc278e2c4f625a55,1
82ec6d3d476ce2f1de1d78ea240c2232a74849a0,1
e83914f8bfd2754c364835d3e280021a3971df69,1
c5d4fd8a20f1cf45f4a7952f3f7f98b45a17544a,1
8c0140859e43141be3c871c8e7b4a82d8aeb673b,1
c31e3c5c8802b35d6ae06e069e3240b88dd4827d,1
b2f82f3703622d4a00909a812e76e0c0767bf4b0,1
46f246aca8ecb8419243596750440af3f840ff5a,1
714be1c46d6f186bbe741abea864cde88d509ce8,1
c420ebc81f422e851db5f6c42dc9e2feeead952f,1
be5dd355982bfd2990adb3587203b67d5f5c52c4,1
66f508f5f7d3bdcf29e2822cc8a30bc09911b317,1
d46d7fb745de6c78d6c2b588739ddd2099c6b534,1
a8f63987d62850edfa68961016ec1caa770c1155,1
8b00e2263a89f237211efcf8aa2c201089f821ed,1
d3a30ba4168cce88e9a9420b7104a7703572c8d6,1
45732001c215b14874b02caaaabc283162fd66e4,1
b944551bf5ba8830b8630928839caff498b47811,1
39bb2323960068d2e32030abd8e89de239f1781e,1
07e690ec36d7c8804623581bb2cc0658672fe600,1
675daccbc7ed22d0cdc55aea0a9fadca2422baba,1
9adbff2398ca1873e5cac7b4956a6f6e1ed297bf,1
d40bb02088e51be25e7e3aaf11101569d4f64958,1
3cd80fe1899cf26a37008188d01aa3a8d970fec3,1
e5d84168ea4fd8034dfe8ef47c029e80866ae7cd,1
d0ae78c86a1f712e728a2a71a6f4bb77fa89da5f,1
9bc888393c64cb29a0510376b2c35fc67ad84092,1
7a7d9578c2ffd31c74c5c024a39c5064556271ce,1
9c13d93f01d5921b714d48598e3e8b2d670117e6,1
ebdb64e93a29cac02f33805283f165db94e05665,1
3fed3fd0303d9060cd059219df22c771e49964e2,1
215fa6ca991e0798791fa16636249c54d2db7c6d,1
1691b6b31247c2e87e46e77dbdb7d43dd9f7c81d,1
dec1682a79e90a45a6eccd37719019f1dedaf3b2,1
1e56a6ab8abf5d0af2a880989556dbb101dfc197,1
4b692d5e205482f5e554f201832d5a3055d84646,1
f037954b2e6e14ce105590b29f2a3c2f82a3acec,1
7433357e04dea54fb0add8a407bc96dcc8926413,1
59504858ae07f8833ad55d9cac2d154d6ab99303,1
483950c95f9d89866ff8d4d2b175f605a32ac4fe,1
61a6cf86339a2f7f839c750f2f5cbea643a1a702,1
615a36bf187c48593afae4b41986c7460ffffaff,1
a1876bd6f0426c8fd169f1bf4c053326593a9d3b,1
342ca4d17f154a20e039db8e8668d567acab0f0a,1
d3ab578da97f0a1d423ef91dede86f7ddb8d8871,1
e1e44be08cf936cbc8f37425ecf1c84dd5aec362,1
f3cb62bf273f626c484df9a8bcdeb861916fc8d6,1
e7dd7cfc05e1550660735660da98b662dfb60827,1
c766c88f940aa2aea246ac0eedaceeba327e3a48,1
3e3b450c03df86d6f2b337b2e5806599259d5591,1
3a710af22d0177ddd986c52b4db337062bd5d40b,1
95cd98c6e9430173484f2a4e865c003744f23fd9,1
76824331774cf897d3f04445881c47931026cea0,1
d25df750635b132cdf4068cd106ac48b4bb649fb,1
01256d543460ac6cdff51dbb4b1dc1ceed1d3c36,1
5758a5b18e8d6274e85f37938241dbdccfb43c90,1
e60768a1006fa701419ac7e1274e87216797c902,1
a04c969759e469febffbf3707619b44114485df6,1
432e46bbf8e5ecb4bf0941f9b3584315280ecfe8,1
