Epoch,Model,train_loss_mean,train_loss_std,train_loss_min,train_loss_max,train_acc_mean,train_acc_std,train_acc_min,train_acc_max,train_auc_mean,train_auc_std,train_auc_min,train_auc_max,train_sens_mean,train_sens_std,train_sens_min,train_sens_max,train_spec_mean,train_spec_std,train_spec_min,train_spec_max,val_loss_mean,val_loss_std,val_loss_min,val_loss_max,val_acc_mean,val_acc_std,val_acc_min,val_acc_max,val_auc_mean,val_auc_std,val_auc_min,val_auc_max,val_sens_mean,val_sens_std,val_sens_min,val_sens_max,val_spec_mean,val_spec_std,val_spec_min,val_spec_max
1,Deep,0.6971586455901464,0.005698758515382527,0.6932913760344187,0.7085013687610626,0.50205078125,0.0023644557027779766,0.49853515625,0.5052083333333334,0.5065520602639222,0.006284123844311468,0.49934620299708177,0.5172419968288997,0.3006631697133579,0.3801971267698873,0.0,0.9076069213189684,0.7033228527544574,0.3749323572060136,0.10516066212268745,1.0,0.6966241955757141,0.005265928205573334,0.6931412816047668,0.7071011066436768,0.5,0.0,0.5,0.5,0.5,0.0,0.5,0.5,0.4,0.48989794855663565,0.0,1.0,0.6,0.48989794855663565,0.0,1.0
2,Deep,0.6961125920216242,0.004428952503704661,0.6933211882909139,0.7049123595158259,0.4989908854166667,0.002496980326922531,0.4957682291666667,0.5021158854166666,0.5027913709394747,0.0047623931728236,0.49778546227349174,0.5110280104460998,0.2660223679806947,0.31294800134851664,0.0,0.7397660818713451,0.7309930903059265,0.31727641865855755,0.2508153946510111,1.0,0.695799607038498,0.004503484609443847,0.693147599697113,0.7047932147979736,0.5,0.0,0.5,0.5,0.5001249999999999,0.0002499999999999947,0.5,0.500625,0.4,0.48989794855663565,0.0,1.0,0.6,0.48989794855663565,0.0,1.0
3,Deep,0.694697121779124,0.004400412949292846,0.690198540687561,0.703079010049502,0.50458984375,0.011209644415845111,0.49658203125,0.52685546875,0.5189619968740006,0.017370062414118148,0.49299403688074017,0.5389181373055986,0.27973712287412306,0.279969312056178,0.0,0.6738141650422352,0.7296953875426601,0.266921626006843,0.3793215916503588,1.0,0.6951850414276123,0.0037555383667179096,0.6931529939174652,0.7026923298835754,0.5,0.0,0.5,0.5,0.501875,0.0034460121880225706,0.5,0.50875,0.4,0.48989794855663565,0.0,1.0,0.6,0.48989794855663565,0.0,1.0
4,Deep,0.6918019523223242,0.004313681032840944,0.683641696969668,0.696175550421079,0.5075195312499999,0.013553320931552343,0.4973958333333333,0.5330403645833334,0.5332028120158407,0.029927208082247685,0.4889341769522906,0.5736511984713889,0.2749193083861405,0.23841647185093806,0.0,0.5601686668829062,0.7401709097509354,0.21821553912827027,0.45932701731460307,1.0,0.694716626405716,0.0030833242435678483,0.6929643154144287,0.7008784413337708,0.501,0.0020000000000000018,0.5,0.505,0.527140625,0.050595064811223965,0.5,0.62819765625,0.4,0.48989794855663565,0.0,1.0,0.602,0.4874587162006645,0.0,1.0
5,Deep,0.6811329573392869,0.013337478643993882,0.657772516210874,0.6941012044747671,0.5230143229166667,0.028022144764366194,0.49755859375,0.57373046875,0.5800561609981671,0.05429930759298004,0.49261240236477727,0.6424131370378827,0.30696593632064506,0.20608705024986204,0.0,0.5580182529335072,0.7396217183493157,0.17008012990507143,0.5026007802340702,1.0,0.693669730424881,0.0024405208404479134,0.6906834542751312,0.6981543004512787,0.5075000000000001,0.014999999999999993,0.5,0.5375,0.5568178125,0.08347312717749955,0.5,0.7209890624999999,0.39975,0.4895919219104825,0.0,1.0,0.61525,0.47183710112707333,0.0,1.0
6,Deep,0.6700948228438695,0.017262695272304247,0.6424672156572342,0.6931977917750677,0.5469075520833333,0.04152954426683051,0.49951171875,0.6057942708333334,0.6213995828661502,0.05944379868813488,0.5085531422274144,0.6780134415224897,0.3738290755421973,0.22369460248603387,0.0,0.6418104851839792,0.7201967815582329,0.15754726354881968,0.5698014969085584,1.0,0.6749954044818878,0.022928597121433355,0.6391175389289856,0.6932631731033325,0.524125,0.046703185116220944,0.5,0.6175,0.568811875,0.07647999096443411,0.500625,0.6662140624999999,0.5965,0.487073788044481,0.0,1.0,0.45175,0.45668205570177595,0.0,1.0
7,Deep,0.6623467445373535,0.016011367728788497,0.6501086155573527,0.6928330709536871,0.58310546875,0.06500355180996835,0.50146484375,0.6554361979166666,0.6442209691916713,0.06717294187606195,0.5146009939745024,0.7032025986576499,0.4966854509895781,0.31181549157446586,0.0,0.9270358306188925,0.6688036451394489,0.20532126375727858,0.38418998048145736,1.0,0.6783002138137817,0.010877130428937835,0.6639914810657501,0.6931613087654114,0.543875,0.038657955196828506,0.5,0.5975,0.60043609375,0.06089718870071418,0.5,0.67224296875,0.79525,0.39764965736185415,0.0,1.0,0.2925,0.36017964267848346,0.0,1.0
8,Deep,0.654837370912234,0.021315375903470064,0.6354253937800726,0.6913964052995046,0.6033528645833334,0.07403527497607024,0.5008138020833334,0.6661783854166666,0.6578950591287043,0.06076359097137614,0.5404502936524966,0.7167100027932358,0.6012922826285505,0.360915803134524,0.0,0.9675535366645036,0.605001292468863,0.2285912332596111,0.3465055519268452,1.0,0.6815293967723847,0.011688045736992898,0.6625625491142273,0.693164587020874,0.544625,0.044218208918951014,0.5,0.6,0.5761345312499999,0.051609314721903214,0.500625,0.6344585937500001,0.79475,0.39742326303325526,0.0,1.0,0.2945,0.36204851194280585,0.0,1.0
9,Deep,0.6401229153076807,0.026309206246875008,0.6168259779612223,0.6877401918172836,0.6209635416666667,0.08075301279615806,0.4993489583333333,0.70654296875,0.6748328765156765,0.048996933695495556,0.5828433387940041,0.7258654771813692,0.6546501214232611,0.38157685686295284,0.0,0.9610642439974043,0.5875481032004288,0.22888754738717162,0.3879817112998041,1.0,0.6942212879657745,0.0019967727540297054,0.692432314157486,0.6981075406074524,0.508375,0.009878954904239621,0.5,0.525625,0.54206921875,0.047133806821726285,0.4788,0.61059765625,0.7982500000000001,0.39913468904619154,0.0,1.0,0.2185,0.39128905555867516,0.0,1.0
10,Deep,0.6324377834796905,0.02009984489865994,0.6125806619723638,0.6682155678669611,0.6404296875,0.08192909944757203,0.50146484375,0.7106119791666666,0.7092970620267643,0.02930982826846723,0.6532258893433716,0.7353470854074546,0.6565492419646638,0.36151524837411797,0.0,0.942052444156685,0.6235393596957166,0.20087565554594752,0.4600847181492343,1.0,0.6902867019176483,0.010356530238075456,0.6714317500591278,0.7014206051826477,0.53225,0.03647901794182514,0.5,0.59875,0.5959339062500001,0.10285894334583018,0.4100765625,0.71878359375,0.7967500000000001,0.3983933357876359,0.0,1.0,0.26775,0.37257750871462975,0.00125,1.0
11,Deep,0.6145298441251119,0.02006558033710464,0.5963421712319056,0.6456897854804993,0.6670247395833333,0.07205647580119526,0.5322265625,0.7252604166666666,0.7317391493582794,0.017535726258976706,0.6999772065655264,0.7478284513379503,0.720603881960358,0.3060780188869771,0.12675138481590095,0.9344636452559505,0.6132011272388068,0.16487868294739708,0.49041273968150795,0.936910569105691,0.6782263934612274,0.03302477139753814,0.6158139705657959,0.7082987427711487,0.5556249999999999,0.0784209394868488,0.4875,0.695625,0.6335492187499999,0.08375909509412291,0.4769578125,0.73027421875,0.7875,0.39420093226678193,0.0,1.0,0.32375,0.36266547947109606,0.00375,0.975
12,Deep,0.6089762886365253,0.0188658915633028,0.5891644755999247,0.631555030743281,0.6936197916666667,0.051732583604866086,0.6033528645833334,0.74365234375,0.7405854289816445,0.029447543269563232,0.6919660355409929,0.7751742341100749,0.8108966380301956,0.19956340030022296,0.4135460761966786,0.9384164222873901,0.5762233944421604,0.12409683692532295,0.430939226519337,0.7930361210543443,0.6800306677818299,0.009791864460966733,0.6613423228263855,0.6896969974040985,0.574875,0.018938221933434012,0.548125,0.606875,0.6629690625,0.05216791816990252,0.5646499999999999,0.7128093750000001,0.9887500000000001,0.010307764064044142,0.9725,1.0,0.161,0.045065230499798846,0.09625,0.23125
13,Deep,0.6015720456838607,0.01754139317984502,0.5806139955917994,0.625218907992045,0.712109375,0.03465725394376061,0.6564127604166666,0.751953125,0.7523418087531311,0.022193167287322436,0.7219976730336817,0.778075302634702,0.8487557548736019,0.12039356797665794,0.6118721461187214,0.9415014624634385,0.5754231162489529,0.08719668618656713,0.46970684039087945,0.7007797270955166,0.6746584475040436,0.026491247287710986,0.644309937953949,0.7124661803245544,0.600625,0.0718581501988466,0.508125,0.68875,0.6605678125000001,0.08039393956268222,0.5543843749999999,0.7624695312499999,0.98275,0.02042363826550011,0.9525,1.0,0.2185,0.1629712397940201,0.01625,0.425
14,Deep,0.5916767179965973,0.012798498761917684,0.5757139176130295,0.6078702807426453,0.7240234375,0.01762947024627456,0.7076822916666666,0.7470703125,0.7587053671462168,0.013944621825813816,0.7432786595148126,0.775927808549669,0.8833580669368875,0.03484422528066511,0.8328990228013029,0.9374796483230218,0.5645888834845099,0.048927623057584205,0.48616986657988936,0.6279296875,0.6866566598415375,0.014363210790055637,0.669659286737442,0.7096802592277527,0.5743750000000001,0.04501562228826787,0.503125,0.6175,0.6860209375000001,0.05278622378966561,0.6079359375000001,0.7617507812500002,0.99175,0.009340770846134695,0.9775,1.0,0.157,0.0976012295004525,0.00625,0.2575
15,Deep,0.5810541381438574,0.013474745395991309,0.5633366753657659,0.596948504447937,0.7465820312500001,0.013479864480745753,0.7275390625,0.7639973958333334,0.7805697078685208,0.014210752504733129,0.7629198532413095,0.8038788620535278,0.8801930319772746,0.02639223838935097,0.8360975609756097,0.9186008499509644,0.6134552415764633,0.049478796117052255,0.553322528363047,0.6917562724014337,0.6776072382926941,0.03921382704781105,0.6143496930599213,0.7377325594425201,0.6032500000000001,0.10015019970025024,0.505625,0.779375,0.70536875,0.05470995887940278,0.6245320312499999,0.7952726562500001,0.9845,0.019678668654154425,0.94625,0.99875,0.22199999999999998,0.21904565734111234,0.0125,0.6125
16,Deep,0.572083201011022,0.013637539231603794,0.5535936206579208,0.5883601754903793,0.75458984375,0.01502566931586602,0.7296549479166666,0.7747395833333334,0.789190917844845,0.009232617996618578,0.7788812414148707,0.8031884676864324,0.8735541222335378,0.02281277245493954,0.8424813251055537,0.9111255270840091,0.6356276313831786,0.04327486522884277,0.5844495262985953,0.7066884176182708,0.6666620194911956,0.03108165523103312,0.608871728181839,0.6978239417076111,0.62025,0.09003089747414496,0.50875,0.748125,0.74226421875,0.0413535268857286,0.7090859374999998,0.8226539062500001,0.9712499999999998,0.027030075841551027,0.9275,1.0,0.26925000000000004,0.204491136727243,0.01875,0.56875
17,Deep,0.5663284728924434,0.014038130803714991,0.5473567843437195,0.5897950281699499,0.7587565104166666,0.009903219043470687,0.7443033854166666,0.77099609375,0.7944276134671323,0.009427612835176933,0.7791985989835064,0.8047373957950097,0.864244010924628,0.029400132201022056,0.8324131211432283,0.8999350227420403,0.6530872878993459,0.04086453536263259,0.6020175724048161,0.701885565669701,0.6576253592967987,0.024566325865606115,0.6158038377761841,0.6905470192432404,0.6436249999999999,0.05406506496805493,0.56375,0.723125,0.7727890625,0.032272128411630935,0.737040625,0.83077578125,0.9705,0.014439529078193628,0.95625,0.995,0.31675000000000003,0.11786538932188702,0.1325,0.49
18,Deep,0.5606167445580165,0.011107969115862861,0.5440166095892588,0.5724881986776987,0.7584635416666667,0.012042071167378843,0.7376302083333334,0.7732747395833334,0.7986041826337344,0.007270056437194475,0.7895949319606069,0.80973240008528,0.8625006606651237,0.02704975395187176,0.8310502283105022,0.8987382724037528,0.6539396066311961,0.04065435009184722,0.6092368162463151,0.7157244964262508,0.6630559504032135,0.042558896808272934,0.5997819900512695,0.7115359306335449,0.6467499999999999,0.08401859913138282,0.55875,0.755,0.755254375,0.04686337234065293,0.6860796874999999,0.83287421875,0.9722500000000001,0.020161845153655985,0.94,0.9925,0.32125000000000004,0.1865207763226392,0.13375,0.5525
19,Deep,0.5588268607854844,0.017097151198384907,0.5305271049340566,0.5784323414166769,0.7604817708333333,0.010518705952406634,0.744140625,0.7732747395833334,0.7969506772711368,0.009269999902825315,0.7829406136155079,0.810100356009678,0.8549603056115588,0.0390456718540656,0.8130689206762028,0.9151158994449886,0.6662517254863612,0.04588762132557922,0.5972086984745213,0.71502758844531,0.6483010113239288,0.013899055116125802,0.6318224966526031,0.6712165176868439,0.6318750000000001,0.02039071479865284,0.599375,0.66125,0.77346828125,0.031232613337482243,0.7287828125,0.8185335937500001,0.9734999999999999,0.015720209922262505,0.945,0.98875,0.29025,0.030997983805402564,0.25375,0.33625
20,Deep,0.5503963674108188,0.012986915629707704,0.5319875751932462,0.5711002250512441,0.7671549479166666,0.009360974027521065,0.75732421875,0.7830403645833334,0.8063725746483289,0.009519721550697004,0.7897011695998764,0.8189901384265457,0.8472304537565962,0.03846736926630438,0.8083793439428386,0.8966525836854079,0.6869627642211837,0.0477321056197773,0.6243075920495276,0.7458401305057096,0.641020679473877,0.02795753424357563,0.5893154144287109,0.6672106087207794,0.668875,0.07987627150787649,0.541875,0.77,0.7864454687500002,0.03315100327537713,0.7478671875,0.8392984375000001,0.9582499999999999,0.02505743402665166,0.92625,0.99875,0.37949999999999995,0.1831624961611956,0.085,0.61375
21,Deep,0.5470732639233271,0.01459163314273533,0.5308329512675604,0.5707936435937881,0.76865234375,0.006749044719648913,0.7591145833333334,0.7794596354166666,0.809058415861104,0.01029755567351305,0.7908287865023784,0.8214414687438408,0.8503070776260133,0.03453316723648294,0.8157040882543802,0.8947026324341891,0.6869691148039686,0.03877984486239458,0.6395575797007157,0.731245923026745,0.6259698927402496,0.0351164844347451,0.5675354599952698,0.6617288887500763,0.659375,0.10204701734984713,0.53125,0.810625,0.8085639062500001,0.035931668818359394,0.7524289062500001,0.84438671875,0.9652499999999999,0.03869269956981548,0.89375,1.0,0.35350000000000004,0.24077141649290518,0.0625,0.7275
22,Deep,0.542232515414556,0.011493578416300654,0.5300893113017082,0.5616581737995148,0.77041015625,0.0035786570709145076,0.7654622395833334,0.7740885416666666,0.8137892748478011,0.011215511891214173,0.7969676968222403,0.8323254809255803,0.8339935045093807,0.03643386940358092,0.7906749266384089,0.8906605922551253,0.7067039831513366,0.03664643219862569,0.6431129925105828,0.7446393762183235,0.6059538185596466,0.03364625035813517,0.5754672586917877,0.6563342213630676,0.7067500000000001,0.07466529481626655,0.5725,0.765625,0.8129907812500001,0.02803231033477402,0.7669359375,0.8448320312500001,0.9422499999999999,0.041633820386796146,0.88625,0.9975,0.47124999999999995,0.18671167612123243,0.1475,0.62125
23,Deep,0.5402578150232633,0.010775365232369931,0.5311732341845831,0.5594199746847153,0.772265625,0.006838572160934158,0.7620442708333334,0.78125,0.813915227633867,0.011040398279993991,0.7931646742212063,0.8258127451804209,0.8419670279440347,0.0334303797912179,0.8077549690452916,0.88582549464807,0.7022990669758913,0.03790692394776984,0.6567893194399218,0.7439502943100066,0.625057828426361,0.037738912848959555,0.566929042339325,0.6637420952320099,0.688125,0.06922337033112444,0.59375,0.79375,0.8105212500000001,0.028675673464328772,0.7648726562500001,0.8474929687499999,0.9570000000000001,0.04616275555033515,0.8675,0.995,0.41925000000000007,0.18046398532671273,0.1925,0.72
24,Deep,0.5372487679123877,0.011268343518050259,0.5218185037374496,0.5555556068817774,0.779296875,0.007341920160253709,0.7659505208333334,0.7884114583333334,0.8177891671575409,0.005050606108297138,0.8085380391475365,0.8237426454420946,0.8428615224766688,0.02769672781795639,0.8109775901266645,0.8809756097560976,0.7156167974982842,0.02888427625118536,0.6777451938742262,0.765742251223491,0.6146229863166809,0.030821420917532903,0.5803350210189819,0.6631418168544769,0.6783750000000001,0.09147199024838153,0.53875,0.77875,0.8052179687499998,0.024988172622184616,0.77849296875,0.8441406250000001,0.9570000000000001,0.03611267090648378,0.89375,0.9975,0.39975000000000005,0.214938072476702,0.08,0.66375
25,Deep,0.5323964556058247,0.008148603414244176,0.5236818790435791,0.546286091208458,0.7739257812499999,0.006237781024480987,0.7662760416666666,0.783203125,0.8208632242693457,0.004728475971061946,0.8144430917573602,0.8281079728748558,0.824002136365641,0.03684132544805741,0.7872549019607843,0.8736192332683561,0.7237921086880463,0.047088759708184165,0.6585127201565558,0.7791828793774319,0.5977468073368073,0.03473845787626949,0.560795247554779,0.6415116786956787,0.6940000000000001,0.09768620040722234,0.55375,0.800625,0.82550671875,0.02343278224705492,0.79664140625,0.8618859375000001,0.9445,0.05667120079899491,0.8425,0.9975,0.44350000000000006,0.2453637605678557,0.11,0.75875
26,Deep,0.5336037799715995,0.009714448418945634,0.5230377266804377,0.5487231314182281,0.7767903645833332,0.0029916055288770806,0.77197265625,0.7794596354166666,0.819561301405242,0.007298163866814314,0.8097986420724422,0.8306133017360023,0.8273504984388345,0.033471590901041015,0.7782495101241019,0.8723056825604181,0.726383168686401,0.03392809611737923,0.6862426995457496,0.7796885139519792,0.5957963407039643,0.026603960302114434,0.5628791749477386,0.6275365948677063,0.7049999999999998,0.06946334465025422,0.625,0.8025,0.8267651562499999,0.023453014743036973,0.79624609375,0.860659375,0.9469999999999998,0.053400608610764,0.84625,0.99375,0.4630000000000001,0.18832252918862366,0.2575,0.75875
27,Deep,0.5277121990919114,0.013550448716079976,0.5105655938386917,0.5465435087680817,0.7780924479166667,0.008209710278372636,0.7625325520833334,0.7848307291666666,0.8252204908532276,0.00877636395556675,0.8140614403546845,0.8384714813973361,0.8033912317334447,0.039078684806733086,0.7665903890160183,0.852922077922078,0.752831968241573,0.03596385266751282,0.7030026109660574,0.7935170178282009,0.5950034141540528,0.02389891341967848,0.5698952376842499,0.6237393021583557,0.7104999999999999,0.0745301952231443,0.613125,0.790625,0.8276640625,0.02624090361830317,0.7982218750000001,0.8679046875,0.9369999999999999,0.056172724698024055,0.86625,0.99,0.484,0.20011309302491928,0.23625,0.71
28,Deep,0.5265410120288532,0.005729643879289924,0.5191798234979311,0.5336902936299642,0.7792317708333334,0.004213703418042839,0.7736002604166666,0.7859700520833334,0.826054505780031,0.00605097850863404,0.818661738258012,0.836296030992506,0.806273511032097,0.035458454609728796,0.7660475724991854,0.8568181818181818,0.7520039541073581,0.03526670783629856,0.710509138381201,0.7960975609756098,0.5954413652420044,0.026847659780217466,0.5582272708415985,0.6362314820289612,0.703375,0.06540570502639657,0.591875,0.76625,0.83757515625,0.021006307288489345,0.817353125,0.8759429687500002,0.9670000000000002,0.021945956347354762,0.93375,0.9925,0.4397499999999999,0.1499404048280516,0.19125,0.5875
29,Deep,0.5272213275233903,0.009528467866794461,0.5149863585829735,0.5377398033936819,0.7758463541666666,0.0028811811996561224,0.7726236979166666,0.7805989583333334,0.8222336760112622,0.0072472167792232665,0.8152487347124666,0.8352844275669975,0.816463278300828,0.04591189054955709,0.7562091503267974,0.8857702349869452,0.7353121640302502,0.0444797491741387,0.6668831168831169,0.7889105058365758,0.6164185464382171,0.023967394977634834,0.5774789154529572,0.6453396677970886,0.6668749999999999,0.04102781068982355,0.6125,0.72875,0.83461078125,0.018909394098073327,0.8007,0.8531765625,0.976,0.01919309771766925,0.9425,0.9975,0.35774999999999996,0.10087863995911127,0.2275,0.515
30,Deep,0.5168128142754236,0.007001674499817381,0.5074032619595528,0.5232828507820765,0.7813802083333334,0.006432970348389242,0.7732747395833334,0.7890625,0.8288997915085516,0.006268605879203787,0.8226958497511054,0.8401597701347955,0.7944676114215259,0.04791990525899932,0.742458644177749,0.8570026178010471,0.7684518945587573,0.035634653762154904,0.7215025906735751,0.8088283024991886,0.5991125285625458,0.022794874103519998,0.563862532377243,0.6242896914482117,0.6941249999999999,0.044973255941726076,0.623125,0.7475,0.8408053124999999,0.020696705646294875,0.809796875,0.8729648437499999,0.9734999999999999,0.016571813419176556,0.94625,0.9975,0.41475,0.10378884814853667,0.24875,0.525
31,Deep,0.5219738552967707,0.008728175469048818,0.5098936532934507,0.535932461420695,0.7821289062499999,0.003099464353819708,0.7770182291666666,0.78662109375,0.8275145649553703,0.0066260188161354735,0.8185359927435951,0.8388008593673425,0.8155987791172021,0.04043955913650138,0.7762987012987013,0.8660162601626016,0.7486107170827015,0.040857868396166924,0.7,0.7931707317073171,0.6164072692394257,0.023260815755939586,0.5745850205421448,0.6350965201854706,0.6762499999999999,0.05014821781479377,0.61,0.73375,0.8347207812499999,0.02359155076463751,0.804671875,0.8685234374999999,0.97875,0.01389694210968732,0.965,0.9975,0.37374999999999997,0.11406686635478332,0.2225,0.5025
32,Deep,0.518844512104988,0.0073525050170461835,0.5119985590378443,0.5331536332766215,0.77998046875,0.004987378614877157,0.7736002604166666,0.7869466145833334,0.8309333757494723,0.007500580433242428,0.8250083711447699,0.8455629348754883,0.7941658052953968,0.04757102203818071,0.7342430149447693,0.8615635179153095,0.7658427900723142,0.04377823750728867,0.6951854261548471,0.8131115459882583,0.6190149366855622,0.03748457731851498,0.5537568628787994,0.6645678281784058,0.677875,0.05318981340444804,0.615625,0.77125,0.83967265625,0.01934987734260421,0.81672734375,0.87045625,0.9795,0.012908330643425567,0.95625,0.995,0.37625000000000003,0.11850105484762574,0.23625,0.58625
33,Deep,0.5168890327215194,0.005919487049774949,0.5093566253781319,0.5241559818387032,0.7795572916666667,0.005560216008540664,0.7726236979166666,0.7892252604166666,0.8338787169482684,0.004890621421903446,0.8284959611358601,0.8430735881423636,0.7990823901144886,0.03397356461775931,0.7481215289121202,0.8496583143507973,0.7600158276954723,0.03588131566497016,0.7118202539889287,0.8040869283165748,0.6281908392906189,0.01629711139893113,0.6077516973018646,0.65566286444664,0.658875,0.024923006439833868,0.626875,0.691875,0.8453025000000001,0.011809486567926887,0.8266992187500002,0.862178125,0.9834999999999999,0.007474958193863027,0.97625,0.99625,0.33425000000000005,0.056333826427822205,0.2575,0.40375
34,Deep,0.5157863631844521,0.006810587749450096,0.5074851041038831,0.5238775884111723,0.7756510416666667,0.0029969138766885186,0.771484375,0.78076171875,0.8336453877918908,0.007389542882023007,0.8240416628696283,0.8457586444548714,0.7813599156559894,0.047933344324704134,0.7243966079582518,0.8380579993483219,0.7698421945995041,0.046530292049389535,0.7235772357723578,0.8271604938271605,0.5898564994335175,0.02446227126190543,0.5501697361469269,0.6245564222335815,0.6905000000000001,0.05172704805031891,0.615625,0.753125,0.85157875,0.017276064246511964,0.8288023437500001,0.880465625,0.96975,0.018764994004795196,0.9375,0.99,0.41125,0.12053785712380985,0.24125,0.56875
35,Deep,0.5123830889662107,0.004448328634158079,0.505533350010713,0.5192582855621973,0.7818359375,0.0035993243490013644,0.7783203125,0.7882486979166666,0.8359108421483501,0.002936496290831644,0.8337402219313361,0.8416869234241584,0.793297311271208,0.03673728970347181,0.7427073090789905,0.8513337670787248,0.7703093921372336,0.03559081133066839,0.7110749185667753,0.8134497251859036,0.5915441989898682,0.040191884975377526,0.5188994705677032,0.6410927176475525,0.707,0.06055782360686357,0.65875,0.811875,0.8521206250000001,0.01621108059123592,0.8299093750000001,0.87474296875,0.9467500000000001,0.058205455070809285,0.83125,0.98375,0.46725000000000005,0.17582733007129464,0.335,0.7925
36,Deep,0.5136993383367856,0.00791270644278616,0.5029245764017105,0.5238775114218394,0.7869140625,0.005133949632515885,0.77978515625,0.7950846354166666,0.8359393283641504,0.008186243013977277,0.8206772292381637,0.8437502218623212,0.8064548395678504,0.03620158426566519,0.7652628142344107,0.850828729281768,0.7673192285004389,0.04125326181669403,0.7173133355070102,0.824732229795521,0.6165933609008789,0.04878710090477617,0.5307958424091339,0.6827877461910248,0.6924999999999999,0.06577898600617069,0.631875,0.81375,0.84417015625,0.023615989525728034,0.8139828125000002,0.87994765625,0.9522499999999999,0.07259648751833658,0.8075,0.9975,0.43274999999999997,0.20168570846740727,0.26625,0.82
37,Deep,0.5088962574799856,0.006554548154078904,0.5009955912828445,0.5195467794934908,0.78798828125,0.004273631102155294,0.78125,0.7932942708333334,0.8375861187500933,0.005932498354669783,0.8272150684844414,0.8442686268567517,0.803911866037987,0.025088767806706713,0.7795945062132112,0.8475073313782991,0.7720676849975432,0.027022583851258976,0.7317073170731707,0.8068697342838627,0.5723627090454102,0.03049216575777874,0.5319715738296509,0.6080749928951263,0.727125,0.05970186345500449,0.65125,0.8025,0.8500189062500001,0.019426113666595808,0.8300015624999999,0.885203125,0.9397500000000001,0.061701904346624516,0.82375,0.99375,0.5145,0.1740969557459291,0.30875,0.78125
38,Deep,0.5066018775105476,0.006140329825914095,0.4957118009527524,0.5124752173821131,0.7858072916666667,0.00753142941702206,0.7770182291666666,0.7952473958333334,0.8370746566516722,0.004014459455825281,0.8298101763450523,0.8408276311502118,0.7918453391154074,0.04620155020514151,0.7184655396618985,0.8519362186788155,0.7797858994802276,0.04744141456470779,0.7020514490394009,0.8402868318122555,0.5573660731315613,0.032368582958923954,0.5081067085266113,0.5957538187503815,0.752375,0.060708576412233574,0.674375,0.833125,0.8569182812499999,0.016295575860550412,0.8350734375,0.88450546875,0.9035,0.08120729647020639,0.77875,0.99125,0.60125,0.19884038825148176,0.3575,0.8425
39,Deep,0.5029880697528522,0.002985337331800983,0.4991839329401652,0.5065910493334135,0.78720703125,0.008809895255998094,0.7722981770833334,0.7998046875,0.8384021859745042,0.003344112840224264,0.8334418412091082,0.8432596358468413,0.7830731441142623,0.045502161876274275,0.7214611872146118,0.8406878650227125,0.79119190284509,0.034838672571951335,0.736120182887002,0.8327379019162066,0.5582230865955353,0.028574993488502797,0.5208175778388977,0.5849103331565857,0.7450000000000001,0.05347166305623942,0.68,0.81,0.8591953125,0.015245920360754991,0.8397953125,0.8813624999999999,0.9339999999999999,0.04922778686880002,0.84375,0.97875,0.5559999999999999,0.15122706437671796,0.38125,0.77
40,Deep,0.5027278885245323,0.006187409366081268,0.49113429586092633,0.5094488884011904,0.7864583333333333,0.002593974194418836,0.783203125,0.78955078125,0.8399497795821638,0.0036415198654523723,0.8348562316264884,0.8461118796568619,0.785474257039443,0.04112025457243153,0.7381960273526539,0.8391631252043151,0.7875124306151742,0.03942720645236336,0.7299837925445705,0.8333875691506671,0.5763967156410217,0.034172450880879356,0.5207822620868683,0.6167023181915283,0.71925,0.05365311034786332,0.649375,0.80375,0.8482425000000001,0.014818818607166663,0.8271359375,0.8678640625,0.93025,0.0854378429034816,0.76,0.98375,0.5082500000000001,0.18480665572430016,0.315,0.8475
41,Deep,0.5006007576982181,0.002047634314136329,0.4974074562390645,0.503493053217729,0.7900390624999999,0.0035629292428417153,0.7862955729166666,0.7945963541666666,0.8416694273599822,0.004405531212050654,0.8368006944470936,0.8483445204048199,0.7889860538607392,0.03549881456221806,0.7494297816878462,0.8447488584474886,0.7911156148889272,0.03344174157961277,0.7339181286549707,0.823089430894309,0.5678138494491577,0.024713491580925586,0.5406464338302612,0.6073979437351227,0.7198749999999999,0.05831273445826393,0.629375,0.800625,0.8537140625000001,0.013637311148869966,0.84101171875,0.87951484375,0.9385,0.0679356312990466,0.80625,0.9975,0.50125,0.17741547283143036,0.26125,0.795
42,Deep,0.5009507998824119,0.007385523777659974,0.488851065436999,0.5114115700125694,0.7885416666666666,0.002825475830094739,0.7840169270833334,0.7916666666666666,0.8412762937279197,0.004066174302156766,0.8366887304517958,0.847786824794005,0.7866343978213532,0.04365545779024402,0.7370478983382209,0.8466796875,0.7905347875945736,0.04106048467698072,0.7353515625,0.8364227642276423,0.5626217007637024,0.028769161882176653,0.5268078446388245,0.6023936867713928,0.729375,0.062203044539636494,0.640625,0.805625,0.854309375,0.015122148410811026,0.84123203125,0.87742890625,0.93,0.07036511919978533,0.80125,0.995,0.52875,0.18837296780589302,0.28625,0.81
43,Deep,0.4936593800783157,0.006900916688191961,0.4850488578279813,0.5047267079353333,0.7898437500000001,0.010458493498732058,0.7727864583333334,0.8017578125,0.8453532375208234,0.0054995089770291,0.8352982901638352,0.8517943800671367,0.7715801684125625,0.04959191230675578,0.7183235867446394,0.8362687540769732,0.8080606127505703,0.0325690999713125,0.7673814165042235,0.8483365949119374,0.5548196971416474,0.027437662367761816,0.514579713344574,0.5788601040840149,0.743125,0.05967097284274827,0.663125,0.806875,0.8587831250000001,0.016578300751601334,0.8388835937500001,0.8841953124999999,0.8955,0.0971326412695547,0.76375,0.98875,0.5907500000000001,0.2109496385396287,0.3375,0.8475
44,Deep,0.4984909450014432,0.006994681882497827,0.4867722764611244,0.5077735260128975,0.7859700520833334,0.009906749393191317,0.7708333333333334,0.8020833333333334,0.8423035433844912,0.004647699818925053,0.8335074173348246,0.8471595635932381,0.7690390587783965,0.04211985104079285,0.7113435763321346,0.8236061297685034,0.8028408321199084,0.03293995175642542,0.7474813129671758,0.8403908794788274,0.5434361547231674,0.029380835456725044,0.5018866807222366,0.5815651714801788,0.744125,0.05666044696258583,0.660625,0.80625,0.8616582812500001,0.016123782033701406,0.8408234375,0.8847359375,0.892,0.10185344864068176,0.74375,0.99,0.59625,0.20865941148196504,0.33125,0.8575
45,Deep,0.4976587762435278,0.002713669316544438,0.49504553774992627,0.5021772210796674,0.7838541666666667,0.007996821937850415,0.7732747395833334,0.794921875,0.8432440799983214,0.006663025085598574,0.8313651084899902,0.8501735699026822,0.7696840772953,0.03919630691313784,0.7061889250814333,0.8247389033942559,0.7980488144389672,0.034689297141354984,0.7604302477183833,0.8568640208197787,0.5528393685817719,0.04531606767156767,0.5063309371471405,0.6286599636077881,0.7348750000000001,0.05992886408067484,0.65125,0.79875,0.85988078125,0.019964340723828317,0.83623046875,0.8930125,0.923,0.07343194127898295,0.78625,0.985,0.54675,0.1826567819709961,0.3175,0.81125
46,Deep,0.4966874649127325,0.004776045894512384,0.489242747426033,0.5035394951701164,0.7904622395833333,0.005428102598923099,0.78271484375,0.7989908854166666,0.8455252408900156,0.0030439258668850367,0.8410474989149305,0.8491817201651977,0.78533898149463,0.03826895764621576,0.7338762214983713,0.8465298142717498,0.7955949521698445,0.03285385192664094,0.7401626016260162,0.8314899154196487,0.558627861738205,0.03197946286896486,0.5275398790836334,0.6160711944103241,0.7334999999999999,0.05164421555217973,0.673125,0.801875,0.8617375,0.018136133010006338,0.8416203125,0.893228125,0.93475,0.07188706420490405,0.795,0.995,0.5322500000000001,0.16619905234386867,0.35125,0.80875
47,Deep,0.4942934761444727,0.009666648930039767,0.4831244796514511,0.5071110650897026,0.7892578125,0.0071060534346134635,0.783203125,0.8030598958333334,0.8455436183957106,0.006695821665055933,0.8361820563195808,0.8547052889465341,0.7719489247326518,0.039036026946924526,0.7260586319218241,0.8202614379084967,0.8065657813968482,0.033914135411875566,0.7547843010055141,0.8474300585556278,0.5493515074253082,0.03148941883112395,0.5109463334083557,0.5815010070800781,0.7375,0.052092165917727036,0.674375,0.806875,0.8665157812500001,0.02142379803891244,0.84433984375,0.9071984375,0.92425,0.08286132994346639,0.76,0.98,0.5507500000000001,0.1749081902027461,0.37375,0.85375
48,Deep,0.4924005011717478,0.005131326642836869,0.4864816690484683,0.5011374751726786,0.7891601562499999,0.001970947331148528,0.7862955729166666,0.791015625,0.8456504871693926,0.004057877717227561,0.8388785732231596,0.8509378025271988,0.7664377165903367,0.03134303201175947,0.7203389830508474,0.8144899285250162,0.8118439186328429,0.02936225155179096,0.7667971298108285,0.8540312093628089,0.531667560338974,0.0209948483255458,0.5070810914039612,0.5631233751773834,0.755875,0.03560547710675984,0.700625,0.795625,0.86723625,0.015172506822580442,0.8439921875,0.89144921875,0.937,0.042724407544166135,0.8525,0.96625,0.5747500000000001,0.10483737406097121,0.435,0.73875
49,Deep,0.49393310993909834,0.006639558619063895,0.48260172208150226,0.5027959595123926,0.7890299479166666,0.007754914725035851,0.779296875,0.7999674479166666,0.8467949651364499,0.007205525649803526,0.8360938082144868,0.8565277394980219,0.7766932604997192,0.05601890486765727,0.687256176853056,0.8350146436706801,0.8014888585644627,0.046039463632978075,0.7372191468577011,0.8715775749674055,0.538238799571991,0.02189355801350497,0.5110287070274353,0.5773344933986664,0.75425,0.03727725512963637,0.705,0.7975,0.8655970312500001,0.017262152630183044,0.84346796875,0.8965734375000001,0.9105000000000001,0.08673811157732224,0.74625,0.98375,0.5980000000000001,0.15125640482306857,0.44625,0.84875
50,Deep,0.48993761142094927,0.006087656239752338,0.4832368567585945,0.49781056741873425,0.7926106770833334,0.00797984296490693,0.7801106770833334,0.8045247395833334,0.846993677495935,0.005222075756535562,0.8390368939857533,0.8527258537681193,0.7783122835023446,0.04429369539899634,0.7042345276872964,0.8234146341463414,0.8068680303676595,0.03036535870613774,0.7800978792822186,0.8558880936890045,0.5262642621994018,0.023703690229045685,0.4999811351299286,0.5698826611042023,0.760125,0.03571895505190485,0.706875,0.80125,0.8647709375,0.01638730005598853,0.8483750000000001,0.8949117187500002,0.9040000000000001,0.09105080999090562,0.72375,0.96375,0.61625,0.14866909564532907,0.45,0.87875
51,Deep,0.4913516456882158,0.004792313127071793,0.48420464247465134,0.4973149324456851,0.7897460937499999,0.0022039467291420276,0.7858072916666666,0.7921549479166666,0.8480848063695902,0.00492017429659218,0.8388549845859723,0.8519761966725611,0.7674024696636976,0.03502575211168053,0.7281584930172134,0.8191593352883676,0.8121545987819146,0.032678525061312656,0.7629268292682927,0.8502446982055465,0.5179992318153381,0.03301945452907925,0.4714263826608658,0.5682685077190399,0.7725000000000001,0.05038445940962353,0.71125,0.8375,0.86469375,0.016448663324005502,0.84932890625,0.8955734375,0.8797499999999999,0.07958250435868426,0.78375,0.97625,0.66525,0.17805617091243986,0.44625,0.87125
52,Deep,0.48217416157325105,0.006478857181604322,0.4718725035587947,0.48929478724797565,0.7919596354166667,0.005905669258357251,0.78564453125,0.8017578125,0.8507520463872673,0.004999169043148059,0.8448929129252596,0.859815145952046,0.7680388775187298,0.036230682523936124,0.7228562112813824,0.8239482200647249,0.8156750565104529,0.036259028664887595,0.7488539620170268,0.848228794280143,0.5177327424287796,0.022790401875162524,0.4867531359195709,0.5430949926376343,0.767,0.04083771235022842,0.731875,0.845,0.86555078125,0.014156903234100578,0.8544476562500001,0.89244765625,0.9225,0.04557960070031329,0.83875,0.96375,0.6114999999999999,0.1258357063793898,0.50875,0.85125
53,Deep,0.4824471965432167,0.007639314805629544,0.47199326753616333,0.4949481139580409,0.7940755208333334,0.006022927172051382,0.7874348958333334,0.8038736979166666,0.8526105588255163,0.009071301934547703,0.8385997311267087,0.865288561215778,0.7692569438747824,0.02881139500054939,0.7351984385165907,0.808130081300813,0.8189100329309008,0.019654814929700583,0.787227109807755,0.8429967426710098,0.5280189335346221,0.03478721619151313,0.4864368587732315,0.5878734290599823,0.767,0.04235342371048651,0.713125,0.836875,0.8680525000000001,0.01396906826748719,0.8524929687500001,0.89401953125,0.9149999999999998,0.05400810124416521,0.8275,0.965,0.619,0.13708665142894108,0.46125,0.84625
54,Deep,0.4855842232704163,0.005565690780531223,0.4779275829593341,0.4943070113658905,0.791796875,0.006026444826347331,0.7858072916666666,0.8004557291666666,0.8514550365722361,0.00534312418265749,0.8461374869280045,0.8589438411342973,0.7616111384255615,0.03979197370226705,0.7273318167045824,0.831924577373212,0.8218888082224739,0.03129641664172563,0.7627118644067796,0.8516465601565048,0.5295277088880539,0.04236758726102419,0.4882240444421768,0.6088084578514099,0.77125,0.048331537322953026,0.69375,0.818125,0.863555625,0.01400364909892912,0.8427984374999999,0.886028125,0.8850000000000001,0.08482702989024195,0.76375,0.9725,0.6575,0.16777030428535317,0.415,0.85
55,Deep,0.4873671531677246,0.003487113771844925,0.4831337556242943,0.49360908816258114,0.79384765625,0.005736560096851752,0.7872721354166666,0.80419921875,0.8507738796866293,0.005180519509564972,0.8439373308551918,0.856170404046473,0.7675402775035087,0.03475614893925448,0.7162382037097299,0.815359477124183,0.820112021524497,0.02654402812129746,0.7931258106355382,0.8661673721914686,0.5385484755039215,0.03697925009336974,0.5022396445274353,0.6045506000518799,0.779625,0.046861831483628553,0.721875,0.83125,0.8660456249999999,0.014963860212230413,0.8424375000000001,0.8879859375000001,0.8815000000000002,0.07271261926240863,0.8,0.98125,0.67775,0.16608055274474495,0.4625,0.8625
56,Deep,0.4858090440432231,0.008367174292867758,0.47204505403836566,0.4960565467675527,0.7915364583333334,0.0038700032713287927,0.7859700520833334,0.7972005208333334,0.8505873362985564,0.005710725308447925,0.8440299034118652,0.8588503731621635,0.7481817370576478,0.03639331342731852,0.7093098958333334,0.8140670791273201,0.8349232751609698,0.03071401726897687,0.7803449397982427,0.8701171875,0.525883463025093,0.03409114883659644,0.47800593078136444,0.5739015638828278,0.771125,0.055921820428165604,0.684375,0.83875,0.8669803125,0.015087233756129984,0.8471515625,0.8934585937499999,0.87425,0.07825678884288571,0.78125,0.98875,0.6679999999999999,0.1876809127215658,0.38,0.8575
57,Deep,0.4783574069539706,0.006064731886455498,0.4737144311269124,0.49009959648052853,0.7945638020833332,0.003392920369998808,0.7887369791666666,0.79931640625,0.8545057090314725,0.007893895262377711,0.841399938265319,0.8629249851359245,0.7547070753810231,0.029876369855057882,0.7123332248616987,0.7960376745696655,0.8343674523791138,0.027305002489855186,0.802610114192496,0.8769130576359492,0.5267493396997451,0.015952447824399252,0.5015076845884323,0.5498596727848053,0.7437500000000001,0.020687405588908456,0.723125,0.76875,0.86381609375,0.015396469437587906,0.842840625,0.88896640625,0.9575000000000001,0.008909264840602726,0.945,0.97125,0.53,0.04664359548748361,0.4875,0.5925
58,Deep,0.4878292103608449,0.009671715318371531,0.47786659995714825,0.5048244372010231,0.7904947916666667,0.010491370313123636,0.77783203125,0.8030598958333334,0.8498251620960925,0.008979778214684268,0.8345499328756224,0.8604667735066283,0.7564994695667135,0.04818695162505801,0.688556566970091,0.8146944083224967,0.8245971174351157,0.03142083709553828,0.7764015645371578,0.8679921773142112,0.5361016988754272,0.029020435570670508,0.501679003238678,0.5844866335391998,0.756125,0.033495335496155285,0.71125,0.81,0.86931875,0.017291361170902013,0.8416742187499999,0.8961671874999999,0.9410000000000001,0.039924929555354274,0.86125,0.96375,0.57125,0.10188228501560025,0.46375,0.75875
59,Deep,0.4789580523967743,0.007263763166109273,0.47259262204170227,0.4917723536491394,0.79423828125,0.011651372421406006,0.7804361979166666,0.8089192708333334,0.8561970115068356,0.004810381573410156,0.8476140647947799,0.8617174147617124,0.7503159608597383,0.045438418051809336,0.6891848002598246,0.8131724812520378,0.8381682329993343,0.023591005226700597,0.8046798830029249,0.8721044045676999,0.5192652314901351,0.04465446560515282,0.4604445993900299,0.5799157023429871,0.772875,0.04440333602332149,0.714375,0.815,0.87040109375,0.017376007148193266,0.8473929687499999,0.89816953125,0.8732499999999999,0.0965615088945901,0.75125,0.97,0.6725000000000001,0.17146610452214744,0.45875,0.86
60,Deep,0.47913002620140716,0.007130230631349515,0.4711456298828125,0.4894023264447848,0.7955729166666666,0.007103517981900511,0.7872721354166666,0.8068033854166666,0.8537347035206434,0.006055804038076135,0.8426889670480955,0.8606125693867894,0.7635435279472714,0.035250386529639986,0.7161458333333334,0.8095393662201895,0.8276324376347161,0.023899671585904163,0.7904638339279922,0.8583984375,0.507673653960228,0.027864407920415005,0.47607822716236115,0.551016628742218,0.779875,0.032618533841973954,0.728125,0.806875,0.8691367187499999,0.015020990952312468,0.8482492187500001,0.8913515625000001,0.8699999999999999,0.09573074218870345,0.75,0.9575,0.68975,0.1492070708780251,0.49875,0.86
61,Deep,0.47686509788036346,0.0072778622007407655,0.4671715125441551,0.489676296710968,0.7994791666666667,0.008378605257964685,0.7859700520833334,0.8108723958333334,0.8551421135553176,0.006497900730841924,0.8446788093438476,0.8626491549159663,0.7656483540976813,0.04152978398880701,0.6971279373368147,0.814718332790622,0.83320958324644,0.027984062207198915,0.7943377806703547,0.8743506493506493,0.5121344208717347,0.01603932849769579,0.48552119731903076,0.5332365036010742,0.7827500000000001,0.03276955523042691,0.748125,0.8325,0.86912703125,0.013170915775422813,0.85143125,0.89154140625,0.88125,0.07791421564772373,0.76375,0.95375,0.6842500000000001,0.13838487995442278,0.54375,0.8525
62,Deep,0.4712408492962519,0.00917904334269387,0.45631995300451916,0.48496981461842853,0.8010416666666668,0.008550484920281532,0.7879231770833334,0.8133138020833334,0.8583743972753611,0.007239952598101058,0.8460540280728287,0.8667003172985794,0.7587959212700592,0.0445228842763065,0.6856957508919883,0.8058536585365854,0.8434410717581233,0.029433139850944843,0.8035190615835777,0.8908853315909834,0.5203079074621201,0.042610756714826496,0.4636368751525879,0.5949148237705231,0.7853749999999999,0.03618226430172661,0.731875,0.83625,0.869059375,0.015401561913487932,0.8481640625,0.8959140625000002,0.8955,0.06512296062065974,0.78125,0.95875,0.6752499999999999,0.12900193796993903,0.505,0.845
63,Deep,0.47420516808827723,0.011228574591312346,0.4652988115946452,0.4943712080518405,0.7955078125,0.008989091455256896,0.7794596354166666,0.8040364583333334,0.8555002555141478,0.008389823889162115,0.8396104766521761,0.8626744023280736,0.7527523507276948,0.028516676692583596,0.7228562112813824,0.8014993481095176,0.838321037175399,0.019364942664068983,0.8065669700910273,0.861878453038674,0.5213727444410324,0.0454660983310835,0.4607400894165039,0.5979812443256378,0.774875,0.029260147812340223,0.731875,0.808125,0.8700084374999999,0.015500196188589555,0.8505859375,0.8977703125000001,0.9112499999999999,0.0735696948478108,0.765,0.955,0.6385,0.12008434535775259,0.50875,0.85125
64,Deep,0.4748817568023999,0.011547051539437336,0.46031125138203305,0.49583269904057187,0.79794921875,0.006911934946122941,0.78759765625,0.8048502604166666,0.8564394930418835,0.010279662103752515,0.8392685840836904,0.8668266191948333,0.7664079709097543,0.038209487685804636,0.7039792947266257,0.8215444516547696,0.8296804563482582,0.030734810179073473,0.7851077726975833,0.8807730101539469,0.5059401214122772,0.01518318600260049,0.4885268807411194,0.5311005711555481,0.7849999999999999,0.03238682216581306,0.748125,0.83125,0.870541875,0.013662477007428628,0.854290625,0.89527109375,0.8879999999999999,0.06895469527160569,0.75625,0.95,0.682,0.11847362575695908,0.54625,0.85625
65,Deep,0.47245606780052185,0.011386302310191613,0.4532402232289314,0.48457348098357517,0.7994140625,0.011499504336672498,0.7804361979166666,0.8128255208333334,0.856226894017453,0.010107137827408488,0.8450223337493878,0.8723051801491546,0.763643578966142,0.04448808346707015,0.6799347471451876,0.8104234527687296,0.8351375099265695,0.02342173278933746,0.815224463240078,0.8804806755440078,0.5213879644870758,0.04486994945208898,0.479795441031456,0.6077938973903656,0.776375,0.028805381441668144,0.7275,0.8025,0.86770640625,0.01771051910346115,0.84320078125,0.89710234375,0.8875,0.07688058922771077,0.76,0.95,0.66525,0.12345393877880124,0.505,0.84125
66,Deep,0.4751781081159909,0.008219242806404561,0.461543507874012,0.4849781816204389,0.7961263020833333,0.0058490577569280545,0.78564453125,0.8037109375,0.8552616078161671,0.007341601425702662,0.8439911591512778,0.8649038901192034,0.7612020621725388,0.033191377382143755,0.7059015324421258,0.8015042511445389,0.830966317922481,0.024520488976894014,0.7939079714841218,0.8651283717907052,0.5085706859827042,0.04283931717276582,0.44910329580307007,0.5828300416469574,0.776375,0.040782195870256895,0.7125,0.82,0.86985828125,0.018237404783903722,0.8508679687499999,0.8995304687500001,0.881,0.08466256551747058,0.76125,0.96375,0.67175,0.15150618799243815,0.46125,0.8375
67,Deep,0.475592399140199,0.00451561157506434,0.47096211463212967,0.48149724553028744,0.8010416666666667,0.007334411310670315,0.7919921875,0.81103515625,0.8552121861660442,0.005337945494032065,0.847592995261226,0.862855621518092,0.7783454885911771,0.024429581701519085,0.7301794453507341,0.7964227642276422,0.8236396320113378,0.02328821538760783,0.7875529488432714,0.8567716791165964,0.5058897793292999,0.034293125463030344,0.46453092992305756,0.5678037405014038,0.7876249999999999,0.04108565747313778,0.73,0.841875,0.8690787499999999,0.018833646249589796,0.8446453125,0.8973828125,0.874,0.0693965056757183,0.7875,0.9575,0.70125,0.14355747977726555,0.5075,0.83
68,Deep,0.47163883497317627,0.006785608646083908,0.4613017862041791,0.48216718931992847,0.80009765625,0.006094633293799878,0.7898763020833334,0.80908203125,0.8586496717734766,0.0041374997637525675,0.8534544473511546,0.8647649409786798,0.767749351013778,0.03952616063597648,0.6984645540672982,0.8196027352653859,0.8324518209961276,0.031528228477655226,0.7813211845102506,0.8806357444048005,0.5022306412458419,0.028217550808106905,0.4791437089443207,0.5567508637905121,0.7891250000000001,0.03847807817446187,0.73375,0.8325,0.8711593750000001,0.014053763614367361,0.85298125,0.89130859375,0.8604999999999998,0.0779487010796203,0.78875,0.96125,0.71775,0.15344054223053308,0.50625,0.85875
69,Deep,0.473638794819514,0.0024530260896801527,0.4695320924123128,0.4760995954275131,0.7965169270833333,0.004698563694010701,0.7872721354166666,0.7999674479166666,0.8566684233139437,0.0034138036299929623,0.8509993395274841,0.8612606561075449,0.7617124232898606,0.033615654296863556,0.7116823950536935,0.8130871396177518,0.8313572464486727,0.026730514835895693,0.7867190055610075,0.8629111038749593,0.5048824787139893,0.031621604037608456,0.4713301956653595,0.5623555183410645,0.78275,0.04080938923826229,0.71625,0.83375,0.8750307812500001,0.014142145365435576,0.8582585937499999,0.89406953125,0.8674999999999999,0.08643639279840407,0.7675,0.97125,0.698,0.1620621022941514,0.46125,0.85875
70,Deep,0.4695588916540146,0.005197205117687292,0.46295659989118576,0.47514869769414264,0.7978515625,0.006588078458684112,0.78662109375,0.8068033854166666,0.8605568107174555,0.004520871157224513,0.8551825173466899,0.8680354724610531,0.7516989678447457,0.04043686971840432,0.7089141004862236,0.8231270358306189,0.8441217566807684,0.029366385494971687,0.7905009759271308,0.8745928338762216,0.4956720381975174,0.02833316291312569,0.4535756856203079,0.5370473265647888,0.7875,0.03552507916951064,0.734375,0.84,0.8754703124999998,0.01308661743569372,0.86027734375,0.8964734375,0.8772500000000001,0.08796092882638291,0.74125,0.96125,0.6977499999999999,0.14614504781209658,0.51375,0.87375
71,Deep,0.4689512804150581,0.007892536573480354,0.4587420125802358,0.4819740528861682,0.7960611979166667,0.010207556870183439,0.78564453125,0.8136393229166666,0.8600769364157704,0.006109435104314334,0.8504068766633094,0.8685014264902913,0.748597491710149,0.040457970872159243,0.6942633637548892,0.8190383365821963,0.8434105597679544,0.02239037513361688,0.8082191780821918,0.8784135240572172,0.5101848483085633,0.030345005786674945,0.464061439037323,0.5552322268486023,0.7855000000000001,0.03089650061091059,0.73875,0.830625,0.8730265625000001,0.013191080443674237,0.8570453124999999,0.895,0.8702500000000001,0.08385031305844957,0.7625,0.9475,0.70075,0.14026448231822622,0.53,0.8875
72,Deep,0.46590633938709897,0.009802481627768013,0.451890508333842,0.47648144761721295,0.7950846354166666,0.0116566460581637,0.7771809895833334,0.8136393229166666,0.8616389718729656,0.005927337750947298,0.8567572169833714,0.8717409749198453,0.750532827868235,0.0405749877068255,0.6828951639078221,0.807979240999027,0.839664725913293,0.018006380338832697,0.8193400849395622,0.8720208945478289,0.5289907425642013,0.050223720371945224,0.4679865837097168,0.6069082021713257,0.773625,0.02873749728142658,0.733125,0.8025,0.875535,0.01354092633052376,0.856115625,0.89796953125,0.9065,0.08309031231136396,0.74125,0.95875,0.64075,0.12363909171455444,0.51125,0.85875
73,Deep,0.47083777785301206,0.011003054700279076,0.4552033891280492,0.4862277035911878,0.7972005208333333,0.007588895329996585,0.7882486979166666,0.8072916666666666,0.8581806455747341,0.0078064595313534655,0.8455759091623869,0.8690998710091434,0.7536321545495678,0.03957878875047246,0.6940639269406392,0.8085037325543655,0.8406539730637157,0.027099174904492627,0.8060724779627816,0.8820662768031189,0.5153229981660843,0.04259491769876001,0.47160206735134125,0.5957434773445129,0.7773749999999999,0.036764452940306336,0.718125,0.824375,0.8798171874999999,0.01140105271146866,0.86224296875,0.8982195312499999,0.9127500000000002,0.07006871627195692,0.775,0.96625,0.642,0.12672460297826937,0.47,0.83875
74,Deep,0.46943321774403246,0.012208972917080368,0.45440294593572617,0.4829583540558815,0.7962565104166666,0.012660375270762232,0.7789713541666666,0.8111979166666666,0.8590412515318635,0.008328720808664104,0.8511552880988106,0.87092561077956,0.7471224253746136,0.04586415242377832,0.6750162654521795,0.801948051948052,0.8454435267483916,0.021385017275119145,0.8204960835509139,0.8830618892508143,0.5015603601932526,0.02701837160156156,0.4616931527853012,0.5451126992702484,0.78425,0.0358782664018205,0.730625,0.838125,0.87717890625,0.010425847830201422,0.863503125,0.8933015625,0.89225,0.07475543458505209,0.7875,0.96625,0.6762500000000001,0.1408279091657616,0.495,0.86
75,Deep,0.4649372746547063,0.007566700986392739,0.4536753644545873,0.4736723576982816,0.80068359375,0.008831518790571674,0.78857421875,0.8134765625,0.8619325930697146,0.005839887459437299,0.854759738278742,0.8723656157810857,0.7576027365649984,0.030458356501706703,0.7177814029363785,0.7941558441558442,0.8437484391473342,0.014165713129096917,0.8201697127937336,0.859045144527444,0.5018236219882966,0.03866752194538314,0.440949022769928,0.554731160402298,0.7805000000000001,0.032099454824030885,0.7275,0.82625,0.8694915625,0.021153820613839493,0.8388164062500001,0.8976710937500001,0.9167500000000001,0.05733999476804998,0.805,0.96625,0.6442500000000001,0.10148460474377381,0.48875,0.78
76,Deep,0.4694876576463381,0.013340980582931634,0.4525851955016454,0.49220024794340134,0.7996419270833333,0.010819834588824077,0.7843424479166666,0.8136393229166666,0.8587751321550406,0.010165352002649132,0.8403514823027018,0.870269561457978,0.7623813516560701,0.032431620729896186,0.7283387622149837,0.8117263843648208,0.836858210336161,0.020740315232082435,0.80644111906311,0.8708523096942095,0.503234225511551,0.02921694686248758,0.4494226425886154,0.53041011095047,0.770625,0.033196856025834734,0.7325,0.831875,0.86765796875,0.02083247025660158,0.83514375,0.8913062500000001,0.91175,0.06168265558485625,0.805,0.9625,0.6295,0.12519135353529812,0.5025,0.85875
77,Deep,0.4668682192762693,0.013405778392869582,0.4510873183608055,0.4849823663632075,0.7970052083333333,0.005219917131320752,0.7936197916666666,0.8072916666666666,0.8603073995301445,0.00855398343377781,0.8476396703024806,0.8704416511424351,0.7500087748077517,0.025180870214864173,0.7036795831976554,0.7781402936378466,0.8440679229997929,0.02324603357163835,0.8139006170834686,0.883501464367068,0.5028233140707016,0.027435718340934223,0.4624093472957611,0.5486317574977875,0.78125,0.030986388140601347,0.731875,0.82625,0.87445453125,0.011444400170549443,0.8587921875,0.88990234375,0.89875,0.07047605976500106,0.76625,0.96125,0.6637500000000001,0.12853258341759105,0.5025,0.88625
78,Deep,0.46525019854307176,0.015621632403885265,0.45107447107632953,0.4872509191433589,0.7996419270833334,0.007849710645695002,0.7931315104166666,0.8108723958333334,0.862390841997834,0.011027603591735853,0.8461129560713438,0.8743675539102409,0.7576032012894403,0.04140869844296012,0.7015945330296127,0.8169700910273082,0.8416081293100832,0.0283599578487435,0.7979139504563233,0.8850537284272224,0.5014200329780578,0.035688908409928236,0.45670852065086365,0.5632840692996979,0.7855,0.032838144740530026,0.733125,0.83125,0.875470625,0.012474854342602213,0.86083984375,0.89226875,0.851,0.0856789063889123,0.74875,0.9625,0.72,0.14596232390586278,0.50375,0.88375
79,Deep,0.460109909872214,0.010542257049324735,0.4464593455195427,0.46990247815847397,0.80419921875,0.007156277718969239,0.79345703125,0.8126627604166666,0.8650879496775644,0.009393928205689751,0.853038167806274,0.8775871605712724,0.7579887335166934,0.02050329651271379,0.7284231018818949,0.7813411078717201,0.8504448595137906,0.0071757503120337485,0.8410206084396468,0.8589157413455258,0.5039679884910584,0.030892602254054644,0.47045180201530457,0.5561317503452301,0.77875,0.02326142192558316,0.735,0.795,0.87451078125,0.01360221697879729,0.85801875,0.89316015625,0.89775,0.06417943595888016,0.78,0.95625,0.65975,0.09800956585966493,0.51375,0.80875
80,Deep,0.4581526433428128,0.007473682741402356,0.44978296756744385,0.47155701617399853,0.8020182291666668,0.007603960426355587,0.78955078125,0.8108723958333334,0.8658433532758524,0.006947183624814351,0.8549171438153635,0.8741897391185667,0.7521687163066908,0.03801076757616136,0.6817737202477991,0.7900065316786414,0.851760138170549,0.02643970203235209,0.8199221284879948,0.896977575560611,0.5028061091899871,0.030106565496522974,0.4474378824234009,0.5382933914661407,0.7799999999999999,0.029572474532916615,0.74625,0.82625,0.874979375,0.01333478385095018,0.8587953125,0.8953437499999999,0.877,0.09868700522358556,0.7525,0.96375,0.683,0.15390053606144458,0.54,0.9
81,Deep,0.46060051669677105,0.008495656095381042,0.4504962017138799,0.4711301177740097,0.8066731770833334,0.01007927308948268,0.7908528645833334,0.8206380208333334,0.8643306785000217,0.007107146610263684,0.8540335405706457,0.8752247371686429,0.7677341372719899,0.041516306928287866,0.6895200783545543,0.8049495278410941,0.8455016524388052,0.023406360974684397,0.8267536704730832,0.8915936384290815,0.49785013496875763,0.0392405729128655,0.44846875965595245,0.5690178275108337,0.7871249999999999,0.026950765295256463,0.74875,0.826875,0.8760909375000001,0.01587028232989159,0.85308828125,0.8981460937500001,0.9172500000000001,0.046154631403576396,0.83,0.95,0.657,0.09009231376760174,0.5475,0.7825
82,Deep,0.45710271348555886,0.006419230325299815,0.44865572452545166,0.46751466393470764,0.8061197916666666,0.0062219626660176665,0.79736328125,0.81494140625,0.8634145278576378,0.006141872796639613,0.8564482418509786,0.8725372409978404,0.7742684252154027,0.023349782332003882,0.7378387202089455,0.7990228013029316,0.8377864167943503,0.016126445588361404,0.8233571893298633,0.869198312236287,0.4923660933971405,0.03970427375118495,0.45165255665779114,0.5680283308029175,0.791,0.022846635419684905,0.745625,0.805625,0.8755892187500001,0.016778085030917184,0.8488578125,0.8962109375,0.9019999999999999,0.06547709523184422,0.77375,0.95625,0.6799999999999999,0.09582862307264986,0.535,0.8375
83,Deep,0.4536991183956465,0.010924158122734774,0.4407656863331795,0.46723075956106186,0.8087890625,0.009376130212544343,0.7989908854166666,0.8224283854166666,0.8678701992071336,0.009093677422539201,0.8530729184327421,0.8775101810204078,0.768290360667003,0.035190868293231294,0.7095191364082434,0.8083441981747066,0.8491759795399693,0.021074413558290327,0.826072821846554,0.8875931324910917,0.49433535933494566,0.029829568348935492,0.4626574069261551,0.5505305528640747,0.7875,0.029312433368794202,0.735,0.825,0.8754289062500001,0.015306878041614444,0.8579195312500001,0.8977328125,0.86525,0.091622186177803,0.7475,0.95375,0.7097499999999999,0.14080660495871633,0.51625,0.9025
84,Deep,0.4562408501903216,0.014830288357778665,0.4370802268385887,0.4706897884607315,0.8044921875,0.00999587503763487,0.7898763020833334,0.818359375,0.8667735630835383,0.011806783556700435,0.854394773859762,0.881406172712349,0.7607228507144513,0.03400954359373625,0.7047526041666666,0.8053559764859569,0.8481636022966382,0.021538849552616205,0.8260162601626017,0.875,0.49007818698883054,0.020643876880855318,0.45714685320854187,0.5202890932559967,0.79,0.028917987481842506,0.751875,0.834375,0.877895,0.014470209890239281,0.85653125,0.8990875,0.8719999999999999,0.08252499621326859,0.77,0.9525,0.708,0.13409791198971,0.55875,0.89875
85,Deep,0.4584699471791585,0.0071797812930836,0.44745813061793643,0.4656558930873871,0.8061848958333332,0.004227261218944783,0.8009440104166666,0.81201171875,0.864897217682145,0.005913755815217198,0.8595512166320394,0.8738637308886648,0.7652722194675607,0.010919667689892434,0.7492701913720402,0.7822842310188189,0.8472554572672804,0.009088038493745844,0.8358791030224244,0.8549493629532833,0.4919180393218994,0.0310891533683388,0.4487215429544449,0.54449263215065,0.794625,0.02450318856802113,0.756875,0.83125,0.8746540625,0.013309103938892695,0.8547015625000001,0.8908109375,0.86725,0.07873769745172893,0.765,0.95125,0.7220000000000001,0.1197956593537512,0.57625,0.88125
86,Deep,0.4557184423009555,0.0057531401529571004,0.4462828040122986,0.4635392874479294,0.8079752604166666,0.0056834856149029995,0.8004557291666666,0.8152669270833334,0.8665384562600027,0.006459683919410932,0.857572048838768,0.8756497270330528,0.7779812090578508,0.027182171919654836,0.7387768379960963,0.8042483660130719,0.8380058755817996,0.018103612789683823,0.8205882352941176,0.8680781758957655,0.4955225020647049,0.032026397645670016,0.46009187400341034,0.5551068186759949,0.7935000000000001,0.027005786416988503,0.756875,0.831875,0.8760284375000001,0.00911140286980323,0.8652140625,0.8881843749999999,0.8675,0.08132880793421235,0.7525,0.955,0.7194999999999999,0.12762885645495695,0.58,0.875
87,Deep,0.45167881846427915,0.009308137148310403,0.44055186957120895,0.4631832664211591,0.80908203125,0.0071466466146159376,0.8015950520833334,0.8191731770833334,0.8691829213231632,0.006377304194480597,0.8634077563188083,0.8775934049643542,0.7661688736699667,0.020232439125071864,0.7339419628301271,0.7916530811868275,0.8519904810099309,0.009328607690110353,0.8427406199021207,0.8696782580435489,0.49233769476413725,0.03171388609136652,0.45302191376686096,0.5494734346866608,0.793125,0.026537120228088063,0.75625,0.823125,0.8758617187500001,0.011951525801927626,0.85495234375,0.8896382812500001,0.85825,0.0839702328209229,0.76,0.9575,0.728,0.13238579984273235,0.5725,0.88625
88,Deep,0.45709137221177426,0.008721989049165532,0.44538021335999173,0.4685458540916443,0.8026041666666666,0.009953381699931917,0.7849934895833334,0.81494140625,0.8651107775372775,0.005348035273618686,0.8572023558301243,0.8709127038959146,0.7541163115993167,0.03975288870645175,0.6766721044045677,0.782042940793754,0.8510708048513648,0.02264040005081825,0.8277434060566591,0.8928223449171809,0.49142849147319795,0.019243489400449156,0.4598289728164673,0.5203852355480194,0.782625,0.02620054865837738,0.749375,0.81625,0.876835625,0.011974071726074271,0.85764375,0.894740625,0.88125,0.08184970983454978,0.7275,0.94875,0.684,0.12915446178897577,0.55,0.905
89,Deep,0.45556869357824326,0.013606135381689708,0.4388374735911687,0.4759451101223628,0.8027994791666666,0.016976028495621617,0.779296875,0.8219401041666666,0.8661744033294096,0.007895896102788394,0.856820513037876,0.8746814578789007,0.7492583742974182,0.04941935026022322,0.6876623376623376,0.7929128738621587,0.8564036949981109,0.017513243805580798,0.8351219512195122,0.8817029574260643,0.4852516919374466,0.017928134677573947,0.45843978226184845,0.5104539096355438,0.7911250000000001,0.024670959648947593,0.74875,0.815625,0.8768092187500001,0.013151235306536465,0.8631109375,0.9011382812500001,0.8869999999999999,0.08351122679017475,0.745,0.95375,0.69525,0.12039881643936538,0.54375,0.87
90,Deep,0.4556292980909348,0.012886598898079965,0.4386407732963562,0.47270628809928894,0.8070638020833332,0.013460827670120074,0.78515625,0.8209635416666666,0.866654968678821,0.008665436727861287,0.85564754863819,0.8789689349574844,0.7709186209306356,0.03906194976355868,0.7133094695737064,0.8076673164392463,0.8432669410537657,0.013580009023485861,0.8299186991869919,0.8623164763458401,0.4965323477983475,0.0298335760719901,0.45880119502544403,0.5464001595973969,0.783375,0.023424079490985322,0.7425,0.806875,0.8742901562500001,0.0129575522873457,0.8552078125,0.8958851562500001,0.907,0.08190161781063912,0.745,0.9625,0.6597500000000001,0.11036983283488293,0.53,0.8525
91,Deep,0.45695726076761883,0.005314625239119041,0.4481460303068161,0.46208561956882477,0.8050455729166666,0.007600336373007153,0.7942708333333334,0.8175455729166666,0.8654897530800547,0.004942321661920901,0.8592692861842353,0.8722654174174684,0.7579541054202477,0.018764905587276323,0.7365328109696376,0.7907503234152652,0.8521840756015842,0.004986353753402041,0.8446920052424639,0.8595230316889906,0.4851036578416824,0.026575278699866974,0.44767917692661285,0.5299344658851624,0.79125,0.030682344271583926,0.748125,0.84,0.8771346874999999,0.01376654601593965,0.8537765625,0.88910546875,0.8780000000000001,0.08237338769287082,0.7525,0.9475,0.7045,0.13540817922119772,0.54875,0.87375
92,Deep,0.45355745305617645,0.009630287883710181,0.4424611081679662,0.46642516801754635,0.8094075520833334,0.009107605215684145,0.7991536458333334,0.8260091145833334,0.8669027520898677,0.006813018589483361,0.8588909985330214,0.8760484593914707,0.7745097919965129,0.025023524484621418,0.7478882391163093,0.8136422976501305,0.8443709277097978,0.013865576341086067,0.8263843648208469,0.8688845401174168,0.48787508010864256,0.027418770718570046,0.44410502910614014,0.5229026079177856,0.7893749999999999,0.033946189035000664,0.744375,0.83,0.87927765625,0.014063107370564168,0.8542757812499999,0.89173671875,0.8790000000000001,0.07648284121291518,0.77375,0.96,0.6997500000000001,0.1397372534437399,0.52875,0.88625
93,Deep,0.45231310675541553,0.011650139806915566,0.4362460946043332,0.4678408255179723,0.8087239583333334,0.01045393317519202,0.79541015625,0.82421875,0.8659777936107818,0.007546083292472157,0.856719424131104,0.8776027372583759,0.7618640840824693,0.027718137019140256,0.7178734507501631,0.8033799155021124,0.8555370079523641,0.01015439658502567,0.8451255298337137,0.8726445743989604,0.48450563848018646,0.026013906058842594,0.459438756108284,0.5328080952167511,0.7918749999999999,0.030321197205915206,0.750625,0.8225,0.87567859375,0.014293048844234466,0.84802734375,0.8889765625000001,0.8567499999999999,0.08399255919425244,0.7625,0.96375,0.727,0.14261530422784224,0.55625,0.8825
94,Deep,0.454159074028333,0.011896550708336789,0.4358319242795308,0.4661717762549718,0.8090494791666668,0.010012292723852413,0.7950846354166666,0.8221028645833334,0.867798397378645,0.00598698895115513,0.8597105065869818,0.8750030199891492,0.7671507939305876,0.03913598153243707,0.6956380208333334,0.8048701298701298,0.8510301899359571,0.022376187812642414,0.8328981723237598,0.89453125,0.4849078953266144,0.013229000285317523,0.46749043464660645,0.5009928196668625,0.7935000000000001,0.026758760247814147,0.753125,0.825,0.8755503125,0.013127449563081517,0.8501281250000001,0.8880148437500001,0.866,0.08147238796058455,0.76125,0.96625,0.7210000000000001,0.13023872312027635,0.54,0.88875
95,Deep,0.4539802933732669,0.008216624707602498,0.4468781476219495,0.46917981654405594,0.8065104166666666,0.008027504792754693,0.7967122395833334,0.8181966145833334,0.8684878419490889,0.00667275457185612,0.8576025664459969,0.8781157470401919,0.747775570680359,0.027408841534903687,0.7174829711320143,0.791219512195122,0.8654150065285471,0.016013618565927385,0.8452264581296839,0.8892518784710879,0.486930376291275,0.024480985402559274,0.45748935639858246,0.5218130648136139,0.799,0.02599158517674518,0.755625,0.830625,0.8776817187499999,0.011286389341813434,0.85742109375,0.89177734375,0.868,0.07708599094517755,0.75375,0.94875,0.7300000000000001,0.12070366605865789,0.5675,0.8675
96,Deep,0.4556474655866623,0.008477077702122582,0.44461654623349506,0.46612749993801117,0.8035807291666666,0.0055265730285687965,0.7967122395833334,0.8107096354166666,0.8669043610989868,0.0073484232911510934,0.8594390038792286,0.8792340032518231,0.7437108233712066,0.015434250013428612,0.7145637366201751,0.7602472348731295,0.8636248566228192,0.009357525904573704,0.8524214659685864,0.8794511597517152,0.4843044072389603,0.017054201975775538,0.46171845495700836,0.5075060129165649,0.7852499999999999,0.02075376471872032,0.7625,0.815,0.87817640625,0.01115926792382471,0.8604273437500001,0.8938,0.9179999999999999,0.03331291041022986,0.86125,0.95875,0.6525000000000001,0.06836025892285665,0.56625,0.76875
97,Deep,0.44988703678051634,0.011426896951427241,0.4272685597340266,0.4586690713961919,0.8109375,0.007519178946472798,0.80322265625,0.82421875,0.8690470051573291,0.008113716372558732,0.8642580575429792,0.88523231122941,0.7735390503505594,0.020227192819354384,0.7496736292428199,0.8037871367939928,0.8482692811686455,0.007103571977087774,0.8377235772357724,0.8590909090909091,0.4755053877830505,0.02135094759754966,0.4421878010034561,0.507501870393753,0.79525,0.024998749968748433,0.754375,0.819375,0.8786740625,0.012612742748453764,0.8574031249999999,0.8925867187500001,0.89925,0.05974738488000962,0.7825,0.9475,0.6912499999999999,0.09660486530190907,0.58125,0.85625
98,Deep,0.4496071820457777,0.008412080537835777,0.4329252764582634,0.45586755871772766,0.8097981770833332,0.007711890147515856,0.80078125,0.8229166666666666,0.8692961858155173,0.006532809683215099,0.8644941143484394,0.882114437539816,0.7723506412856992,0.021791976932806087,0.7449773169151005,0.8010386238234339,0.8473962632547216,0.013267269703879397,0.8230492980737839,0.8626553302812295,0.47894913256168364,0.026536090049877285,0.4529915153980255,0.5291048586368561,0.8009999999999998,0.029167083330357182,0.750625,0.835,0.8761387500000002,0.011881356240894682,0.8544914062500001,0.8869296875000001,0.8685,0.07150349641800743,0.75125,0.9425,0.7335,0.1197116326845474,0.56,0.87875
99,Deep,0.4485113129019737,0.004182998917566071,0.4412106970945994,0.4533790349960327,0.8104817708333334,0.003338136391482896,0.8074544270833334,0.8167317708333334,0.8683714577316621,0.0046695006627530174,0.8626412140148179,0.8755110113542537,0.7636420512955894,0.00950372981464858,0.75,0.7738481505515898,0.857489850208322,0.006334752687158066,0.846304135460762,0.8657105606258149,0.47901470959186554,0.02165048573998833,0.4566952884197235,0.5187077820301056,0.804625,0.02689272671188251,0.763125,0.83375,0.8779196875,0.00986491987502304,0.8594570312500001,0.8871460937500001,0.8560000000000001,0.07149912586878245,0.775,0.95,0.7532500000000001,0.1226468507545139,0.5925,0.8725
100,Deep,0.4417355438073476,0.00801118905101828,0.4301728705565135,0.4513409013549487,0.8100911458333334,0.0051091218108563815,0.8035481770833334,0.8167317708333334,0.8750117081259365,0.00468518875431662,0.8692908190253686,0.8824692241057308,0.7580323910068534,0.012014988982672798,0.7372881355932204,0.772238514173998,0.8621584391060548,0.010219583979641258,0.8494623655913979,0.8764629388816645,0.4669929802417755,0.020111303541534127,0.4335562586784363,0.49651584029197693,0.803875,0.022801452804591196,0.7725,0.835625,0.8806623437500001,0.010417490660899162,0.86194453125,0.8936062499999999,0.87575,0.06170798165553626,0.79375,0.94,0.732,0.1052306989428465,0.61375,0.86125
101,Deep,0.4443052704135576,0.009327371556761997,0.4314841106534004,0.45597533136606216,0.8079752604166666,0.0038809401400231123,0.802734375,0.8136393229166666,0.8730272107840029,0.006051097266153672,0.866847060149952,0.8815090850810756,0.7566565274644411,0.017082157202849307,0.7309197651663405,0.777088772845953,0.8592312169595033,0.010521196736413276,0.8428571428571429,0.8742690058479532,0.47574594616889954,0.02696387452150713,0.4405265748500824,0.5236863493919373,0.8008750000000001,0.02612948526090786,0.75625,0.825625,0.87819859375,0.01211603987352288,0.86033828125,0.8969640624999999,0.866,0.08689936708630275,0.7375,0.94625,0.73575,0.12373004889678173,0.57125,0.885
102,Deep,0.447533388932546,0.008583061611802254,0.43121021737655,0.4549657851457596,0.8097005208333332,0.0065034142029004776,0.8001302083333334,0.81787109375,0.8711238820469382,0.00608043257053754,0.8643690330956594,0.8811374270582916,0.7630389045484749,0.0220149511428709,0.7364996746909565,0.799412915851272,0.8563481458374029,0.013111364927237136,0.8362573099415205,0.8705575480925987,0.490231853723526,0.048063893537300284,0.4461812973022461,0.5836668610572815,0.8003750000000001,0.03520387052583849,0.739375,0.84,0.87959203125,0.010385920791321007,0.86533203125,0.8965906250000001,0.8554999999999999,0.07530189240649932,0.76875,0.95375,0.74525,0.13866866985732573,0.525,0.865
103,Deep,0.44555046409368515,0.00969715323631278,0.4339374750852585,0.4593115175763766,0.8111979166666667,0.007322410077605488,0.8004557291666666,0.8196614583333334,0.8718746602849189,0.006226889047806261,0.8650113360519514,0.8800681969133686,0.7567109592915224,0.026834145709542317,0.7224396607958252,0.7906219472484532,0.8657603312924067,0.0171584606729741,0.8402212821347218,0.8818923327895596,0.4651140958070755,0.01650339418010391,0.43955400586128235,0.49111373722553253,0.8088750000000001,0.019738129343987998,0.781875,0.838125,0.880859375,0.008253400592355287,0.869284375,0.89480546875,0.8322499999999999,0.06835751604615253,0.74,0.9175,0.7855,0.09945979087048193,0.64625,0.8775
104,Deep,0.4405667304992676,0.008387188359328236,0.43190156916777295,0.4558258106311162,0.8094075520833334,0.007994171350459779,0.7947591145833334,0.8175455729166666,0.8760189552758015,0.00499936309902406,0.8693540508121123,0.8828860995136354,0.7491878162468903,0.03372501770472818,0.7052872062663186,0.8070802208509257,0.8697255984461023,0.021322223329037007,0.8280587275693312,0.8843892880470281,0.46984597146511076,0.019743788327148452,0.44146469235420227,0.4939318299293518,0.805125,0.024944939366532828,0.76,0.835,0.8811767187499999,0.009186795723963175,0.87018046875,0.89705,0.8474999999999999,0.05155700728320062,0.79875,0.935,0.7627499999999999,0.10018233377197798,0.585,0.87125
105,Deep,0.4495619907975197,0.0066623152231891246,0.43653225898742676,0.454511654873689,0.8029947916666667,0.007860232869916389,0.7913411458333334,0.8125,0.870967678774248,0.0064311014220350265,0.8636439111497667,0.878737069091121,0.7441549654020905,0.03345242872845581,0.6949429037520392,0.7740477727566172,0.8618249664318232,0.018626848245172425,0.8426016260162602,0.8873010717765508,0.4806585252285004,0.030064619188860494,0.44039663672447205,0.5244427621364594,0.7961250000000001,0.03509228903904673,0.734375,0.84,0.8805909375000001,0.009726875253505893,0.8701062500000001,0.89678828125,0.8780000000000001,0.05901588769136664,0.80125,0.95625,0.71425,0.12460838655564083,0.5125,0.8625
106,Deep,0.44558268884817764,0.010275767312970507,0.4266563802957535,0.4541638121008873,0.8058268229166666,0.007665307187055115,0.7975260416666666,0.8201497395833334,0.8727371960166928,0.006542055889629625,0.8659196056779377,0.8823337056196872,0.7399999812672513,0.017243749598622866,0.7131732641142116,0.7615635179153094,0.8716187231442489,0.0097263708592555,0.857189435930877,0.8824297844546048,0.4699344217777252,0.01644247919257421,0.44160987436771393,0.48558802902698517,0.7926249999999999,0.027060118255469615,0.7625,0.834375,0.8815453125000001,0.008311628610929161,0.8711312499999999,0.89650546875,0.8939999999999999,0.0518193979123648,0.8,0.94875,0.6912499999999999,0.10478549517943789,0.57625,0.86875
107,Deep,0.442663411796093,0.009147877603078277,0.4287826791405678,0.45297665894031525,0.8079752604166666,0.007072422375493287,0.7991536458333334,0.8204752604166666,0.8747208657029937,0.00654633300515767,0.8671583036457924,0.8833516054063013,0.7521074577308415,0.018203536796009036,0.7273615635179153,0.7734986945169713,0.8638253860955626,0.008933138131361106,0.8495776478232618,0.8737390172469899,0.46675166189670564,0.02349713570219663,0.4378384202718735,0.5075264275074005,0.8,0.02468235705924376,0.755625,0.825625,0.8815925,0.010545773120681627,0.8644992187499999,0.89768125,0.9097500000000001,0.028122499888879014,0.855,0.93375,0.69025,0.06856748500564973,0.5775,0.785
108,Deep,0.44120672047138215,0.00849608003219719,0.42557570338249207,0.4494441548983256,0.8112630208333333,0.0066684911138798165,0.8050130208333334,0.82421875,0.8755208722219473,0.005883680598011038,0.8692616497405988,0.8837353721696428,0.765054685550644,0.02177802235240689,0.7423252775963423,0.801819363222872,0.8572863989999713,0.011046122023650455,0.8467058056099152,0.8737012987012988,0.4834088861942291,0.04594958690677432,0.4450080692768097,0.5734427273273468,0.7962499999999999,0.034512226094530606,0.7375,0.83875,0.8809250000000001,0.00694137247635283,0.868490625,0.8893289062499999,0.8942500000000001,0.05729092423761377,0.8025,0.9525,0.69825,0.11950313803411192,0.5225,0.83875
109,Deep,0.4413200681408247,0.009349025816591063,0.4231313318014145,0.44941161572933197,0.8130208333333332,0.0038768424299373177,0.8074544270833334,0.8185221354166666,0.8737294313613473,0.0067949547128464014,0.8670793337139568,0.8866839988216819,0.765752097620036,0.01325929910050165,0.7438151041666666,0.779305828421742,0.860256500785626,0.007352853675160446,0.8523468057366362,0.87109375,0.478439536690712,0.040465108491334036,0.44361327588558197,0.5570485889911652,0.7931250000000001,0.034282830979952654,0.73125,0.82875,0.8832725,0.009722114738586219,0.8660078124999999,0.8927421875,0.86725,0.08431859225580088,0.75,0.95125,0.719,0.14351698505751853,0.515,0.8825
110,Deep,0.4445266221960386,0.01012935319729174,0.42883600294589996,0.45461257298787433,0.8111002604166666,0.008064511753751046,0.7962239583333334,0.8206380208333334,0.8728397958358614,0.00794536338709849,0.8668648053932333,0.887435116695904,0.7652441849837214,0.026038024737315327,0.7143321416964575,0.788399222294232,0.8570463966480698,0.01455429927228329,0.8378024852844996,0.8783827844799479,0.47815237641334535,0.023985923066536668,0.4379742443561554,0.5064064562320709,0.789375,0.027880885028994322,0.755625,0.8325,0.8827575,0.010820685988590203,0.8663484374999999,0.89694296875,0.87475,0.08829071298839987,0.74,0.9575,0.704,0.1387047223421034,0.57125,0.87875
111,Deep,0.44407572994629546,0.010468601643736291,0.4295254051685333,0.45525530229012173,0.81083984375,0.006882591295001309,0.7989908854166666,0.8204752604166666,0.8723194312921588,0.007935348817544673,0.8630320710212162,0.8854021540333024,0.7669018285967356,0.020523846518372007,0.7355910126994465,0.7996096291476903,0.8547058728730486,0.016231707704462903,0.8231270358306189,0.8693957115009746,0.47924341857433317,0.029014065104731774,0.44063161313533783,0.52764493227005,0.8018750000000001,0.028608346684140976,0.74875,0.83125,0.8828553124999999,0.009996903150847336,0.86570234375,0.8925609375,0.87675,0.06187487373724491,0.7925,0.945,0.727,0.11353578730955277,0.5525,0.87
112,Deep,0.4385764017701149,0.010540618534620575,0.4220591013630231,0.4501819809277852,0.8123046875,0.006956860780516472,0.8024088541666666,0.818359375,0.8752354777166305,0.009408942276270694,0.8667546593525925,0.8924075795987676,0.7685681770805103,0.02248997901606634,0.7378009108653221,0.7943285528031291,0.8561353159148399,0.0116196394741083,0.842002600780234,0.8729641693811075,0.46777955293655393,0.021258451382173287,0.44564230740070343,0.5038072764873505,0.795125,0.027786574995850064,0.761875,0.83875,0.8799753125,0.009011871898080987,0.8639023437500001,0.8891546875000002,0.8864999999999998,0.05789214109013417,0.8125,0.9425,0.7037500000000001,0.11063735806679405,0.58125,0.865
113,Deep,0.4412930483619372,0.012768227040314006,0.4237119530638059,0.4531775216261546,0.8111328125,0.00963871529966717,0.7939453125,0.8204752604166666,0.8741655790298376,0.008571402561438351,0.8657452442715089,0.8877540596939548,0.7711974880196176,0.03283797293362296,0.7149821254468638,0.8156862745098039,0.8510973965933694,0.019677170462493825,0.816147859922179,0.873165960221715,0.4646118372678757,0.022643972421874086,0.4289742112159729,0.49981726706027985,0.7969999999999999,0.025990984013692132,0.7525,0.830625,0.88264890625,0.009004807616216873,0.87161640625,0.893728125,0.8852499999999999,0.056939661045706975,0.78875,0.945,0.70875,0.10508330029076933,0.56,0.8725
114,Deep,0.44125018070141475,0.013324858930732044,0.42045527696609497,0.45414337267478305,0.8110677083333334,0.010042937603267531,0.7957356770833334,0.8211263020833334,0.8746412184719855,0.010009200670550885,0.8614662258847146,0.8895320608894532,0.7534171327499724,0.03157049653657689,0.7084282460136674,0.7984395318595578,0.8688762517661086,0.01788906952346802,0.8360495436766623,0.886245110821382,0.4635109156370163,0.0225250248966305,0.42997168004512787,0.49895118176937103,0.7985,0.029484105887749103,0.746875,0.825625,0.88247375,0.010184848097135251,0.8687499999999999,0.89896640625,0.8935000000000001,0.04818194682658641,0.82125,0.95125,0.7034999999999999,0.09799681117260907,0.5425,0.81375
115,Deep,0.44142127186059954,0.011076775837617094,0.42682352165381116,0.45405187209447223,0.8091471354166668,0.011244660040288379,0.7890625,0.8221028645833334,0.8755763788306936,0.00865386612830522,0.8668949304771127,0.8903871707438027,0.7566926351921938,0.038022274750367395,0.6899577510562236,0.7960912052117264,0.8616119903046281,0.018200031921275846,0.8353936239427456,0.8884903814802739,0.45973774790763855,0.01810435085634452,0.43085721135139465,0.48156583309173584,0.796375,0.023721693657915762,0.7625,0.828125,0.8827182812500001,0.00982430876077061,0.8709843749999999,0.9004664062500001,0.898,0.041000000000000016,0.81875,0.93125,0.69475,0.07662979185669241,0.59375,0.805
116,Deep,0.44385680854320525,0.015647119627108755,0.42376380910476047,0.4639689152439435,0.809375,0.011017521784341776,0.7932942708333334,0.8263346354166666,0.8740983679048062,0.010724904288953568,0.8598744709575008,0.8905977141331254,0.7622661858722807,0.036006492416892806,0.6997397527651269,0.7961038961038961,0.856534395164104,0.018445225287251576,0.8359223300970874,0.886970684039088,0.4655124008655548,0.02873841084446327,0.4252641499042511,0.5150561928749084,0.8073750000000001,0.02528092166041422,0.761875,0.836875,0.8844915625,0.011872955934272969,0.8673734375,0.9020468749999999,0.87775,0.058145292156803176,0.785,0.93875,0.737,0.09083157490652688,0.585,0.83375
117,Deep,0.4373537694414457,0.013845837061976344,0.4127186710635821,0.45151106516520184,0.8123046875,0.00914672995468502,0.8001302083333334,0.8255208333333334,0.876308349923306,0.009227329473631163,0.8679190531246719,0.8932657527946777,0.7527723234485967,0.019972021812238144,0.7205354227881162,0.7797657774886142,0.8717221894364764,0.006290329947491291,0.8602534936626585,0.8792599805258033,0.46078058183193205,0.019204447351031387,0.4427579939365387,0.49694351851940155,0.8078749999999999,0.012084339038606942,0.785,0.81875,0.8827996875,0.011713819656596462,0.8637953125,0.89743046875,0.8452500000000001,0.08001328014773545,0.735,0.93125,0.7705,0.08597819491010497,0.66125,0.87875
118,Deep,0.44122304519017536,0.011145801367333381,0.42303409179051715,0.45294705778360367,0.8137369791666668,0.013280531919925955,0.7950846354166666,0.8304036458333334,0.8744700578739764,0.00925461786373235,0.8655580304160592,0.8912620820144348,0.7690968359684509,0.038020130287382,0.7139133268165526,0.8207301173402868,0.8582492061710761,0.014819027093259041,0.8400520156046815,0.8760975609756098,0.4614851862192154,0.02141319248784645,0.43501901626586914,0.49715517461299896,0.8108749999999999,0.023320457757085303,0.7775,0.849375,0.8841539062500001,0.012352839523247651,0.8622242187500001,0.8958960937500001,0.8935000000000001,0.016552945357246836,0.86875,0.91375,0.72825,0.06053717865906867,0.64125,0.83
119,Deep,0.4366052920619647,0.011093552098975187,0.4234368900458018,0.45179885625839233,0.8139322916666666,0.011633624561238752,0.7986653645833334,0.83251953125,0.8766170197556094,0.007702178478221258,0.8675212298589198,0.8905463284582894,0.7623056692733748,0.030769155909540404,0.725,0.811284046692607,0.865626678985542,0.020515267662706522,0.8327911515940143,0.8926480156148341,0.47157132923603057,0.025982964716253436,0.42925943434238434,0.510665625333786,0.8012500000000001,0.030406105472421167,0.759375,0.8475,0.88111453125,0.010298611002179785,0.8634796875,0.8957453125,0.9099999999999999,0.022748626332154645,0.8725,0.93,0.6925000000000001,0.08095909460956192,0.58875,0.8225
120,Deep,0.4313110619783401,0.015591644797315903,0.407405545314153,0.45320143302281696,0.81767578125,0.0127612470499372,0.80517578125,0.8336588541666666,0.8784793342613686,0.008409600917881756,0.8692902272131227,0.8942035120661046,0.7749374369620504,0.030711313718124293,0.7318417639429312,0.814416177429876,0.8604632312684689,0.015690507887776012,0.8341463414634146,0.8790849673202614,0.46214075982570646,0.02314732222065642,0.4253041744232178,0.49574314057826996,0.8015000000000001,0.02598857922241999,0.75875,0.836875,0.88098046875,0.012767754536652198,0.86000390625,0.89973359375,0.9037500000000002,0.026303516875125294,0.86125,0.9325,0.6992499999999999,0.06777997491885047,0.59125,0.77375
121,Deep,0.43006887684265765,0.013530058783005415,0.40388431896766025,0.4409267082810402,0.81845703125,0.012186658346561473,0.8024088541666666,0.8349609375,0.8796457007225993,0.009001273155356412,0.8734946104104248,0.8974979270809326,0.775036613564662,0.038355652192390684,0.7093403004572175,0.8208130081300813,0.8617160449696184,0.01886023294609818,0.8390355164548713,0.8948734587929915,0.4616931676864624,0.02369312137563847,0.4255027025938034,0.4977327287197113,0.803375,0.031198958315943822,0.750625,0.84375,0.8807084375,0.01618671445819601,0.8512515625,0.900734375,0.8855000000000001,0.040424311991671576,0.83,0.95125,0.7212500000000001,0.10189455333824277,0.55,0.8575
122,Deep,0.43362224747737255,0.012157971078024419,0.41248268882433575,0.4455553814768791,0.8167317708333333,0.009892299087905424,0.8056640625,0.8287760416666666,0.877537082412803,0.007374342474109432,0.8712920891119325,0.8918865937006837,0.7649125920353386,0.02375908241975104,0.7293233082706767,0.7886178861788617,0.8684752576497139,0.012430228679944526,0.8462793733681462,0.8826580226904376,0.45331190824508666,0.016530573979686512,0.43107111752033234,0.48238955438137054,0.8185,0.01776847629933418,0.793125,0.8475,0.8845182812499999,0.010524274298578438,0.86553203125,0.8977796875,0.8545,0.03996561021678514,0.78875,0.89375,0.7825,0.06117086724904265,0.6925,0.84875
123,Deep,0.4297930950919787,0.010072719675466267,0.41271838049093884,0.4419375906387965,0.8172526041666666,0.005707671561016594,0.8121744791666666,0.828125,0.8794752847194062,0.00605077540226109,0.8741307784740782,0.8911953041056757,0.7673883594178401,0.01719790284846145,0.7499185932920873,0.7912479740680713,0.8672471923987196,0.012209092833081836,0.8452768729641694,0.8814332247557003,0.4522172749042511,0.024030425323021156,0.4170946180820465,0.49217689037323,0.8145,0.021615966321217272,0.780625,0.84625,0.8829925,0.01171925072471903,0.8615921875000001,0.89746875,0.8815000000000002,0.04226700841081609,0.80125,0.91875,0.7474999999999999,0.07268080902136412,0.6425,0.8425
124,Deep,0.4334925989309946,0.007530820258335756,0.4241979047656059,0.4417265107234319,0.81728515625,0.007966020902161374,0.8050130208333334,0.8284505208333334,0.8777701086715497,0.006888750731862624,0.8721837360185514,0.8907636950560351,0.7855652192952345,0.022195744262848132,0.748128864301985,0.805275154672745,0.848991291444511,0.010246001314961421,0.8350683148991542,0.8619342233800065,0.45851971209049225,0.02424147878306172,0.4232790172100067,0.4977818876504898,0.8087500000000001,0.030197268088355277,0.759375,0.8525,0.8829829687500002,0.0138691438884045,0.859540625,0.9017617187500002,0.8877499999999999,0.05036988187399291,0.79625,0.94125,0.7297499999999999,0.09746281342132494,0.5775,0.84
125,Deep,0.42813993593057004,0.010474761480203492,0.4096958513061206,0.43842799961566925,0.8193684895833332,0.006424729075246749,0.81103515625,0.8297526041666666,0.8817348072334269,0.007035812423519776,0.8749253484621466,0.8951425364049894,0.7681423251003059,0.019257951215793035,0.749185667752443,0.7930587090496269,0.8706102761258163,0.016339579743579316,0.8448275862068966,0.8960234680573663,0.4553277313709259,0.024918838306929564,0.4160527437925339,0.4936565160751343,0.8201250000000002,0.00967761592542294,0.81,0.838125,0.882674375,0.012499628250331475,0.8616296875,0.89939140625,0.8255000000000001,0.03569488758912124,0.7775,0.8675,0.8147500000000001,0.04339066719929529,0.76375,0.8725
126,Deep,0.43224610934654867,0.011399707803019616,0.41349227478106815,0.4438471049070358,0.819140625,0.008696586217794462,0.8055013020833334,0.8297526041666666,0.8792225024128495,0.006090431966204985,0.8728037786731728,0.890148608735578,0.7688262230779148,0.022747642241987324,0.728780487804878,0.79403178722024,0.8695462500271909,0.008632679382339222,0.8592931937172775,0.8823721081785598,0.46432491540908816,0.01687115830125399,0.43521174788475037,0.48565566539764404,0.807,0.023239244824219213,0.764375,0.834375,0.8812585937499999,0.01059621907297968,0.86501796875,0.8977796875,0.89275,0.034445609299299663,0.85125,0.94375,0.72125,0.07411140263144397,0.585,0.78375
127,Deep,0.43486068149407703,0.011747176847497622,0.4138971691330274,0.4470125635464986,0.8157877604166668,0.009952849385138237,0.8046875,0.83203125,0.8774416435364973,0.006621744358282972,0.8731202896973549,0.8905571977088386,0.7732125490408228,0.03079601244366485,0.7310074991848712,0.816260162601626,0.8582492899335923,0.01856834568509373,0.823069403714565,0.87812804679883,0.46554046869277954,0.02108628041312556,0.4323892444372177,0.4918418675661087,0.7947500000000001,0.02655948512302149,0.75375,0.82375,0.8819029687500001,0.013658464033195535,0.8585687499999999,0.9012648437500002,0.9102499999999999,0.04299273194389953,0.82625,0.94875,0.6792499999999999,0.08745570307304153,0.55875,0.82125
128,Deep,0.4318965648611387,0.00922325149040261,0.4157987559835116,0.4445182258884112,0.8150065104166668,0.007280759373745064,0.8064778645833334,0.8245442708333334,0.8804728171359916,0.005797088165691912,0.8741158768381428,0.8913077387040319,0.7596792660927548,0.0202791556645684,0.7308569566634083,0.7920598763423364,0.8702675893734279,0.012378783697680246,0.8534679257570824,0.8828682673588579,0.4674688071012497,0.03075624813126711,0.4305664151906967,0.5242144167423248,0.8009999999999999,0.026227966943703423,0.754375,0.828125,0.8824610937500001,0.013054422689564369,0.85858046875,0.8980898437500001,0.9045,0.02996456240294523,0.8475,0.9325,0.6975,0.07435136178981527,0.57625,0.8
129,Deep,0.43201148957014085,0.011964824218021763,0.4091004903117816,0.44300632178783417,0.81513671875,0.010525654610286398,0.80615234375,0.8302408854166666,0.8802580931487451,0.00791278694567451,0.8741724071831363,0.8958640694911348,0.7614495891919832,0.03215354237641216,0.7338340953625082,0.8108547286317842,0.868696944221738,0.014533808220578811,0.8402347570916204,0.8798828125,0.4621924966573715,0.03139937796065935,0.423978328704834,0.5197650492191315,0.8011250000000001,0.03177164616446559,0.750625,0.8475,0.8821640625,0.011237768274484718,0.86558359375,0.89929765625,0.9029999999999999,0.03201171660501823,0.85625,0.94875,0.6992499999999999,0.09212287989419349,0.5525,0.815
130,Deep,0.4303837706645329,0.010577784236728248,0.41236011187235516,0.440068540473779,0.81748046875,0.008460160582661469,0.8028971354166666,0.8289388020833334,0.8795325252248108,0.006955086768306869,0.8744161913828387,0.892634988216744,0.770985621234014,0.019118694210283692,0.7352461688946854,0.7928897586431833,0.8639935613654751,0.013188695171254004,0.8424301494476933,0.881201044386423,0.4558526545763016,0.024831359153686026,0.4233991205692291,0.5002133697271347,0.809375,0.02808747496661103,0.7575,0.843125,0.8841929687500001,0.00984557709978116,0.8669242187499999,0.8968,0.908,0.02480675311281187,0.8825,0.9425,0.71075,0.0747270031514713,0.5725,0.785
131,Deep,0.4268320908149084,0.011396706290600722,0.4069930339852969,0.43848157674074173,0.8203125,0.007213794322816613,0.8102213541666666,0.83203125,0.8817767073245694,0.007475419097174574,0.8733164885049676,0.893650443968877,0.7798191704227367,0.01473090076786142,0.7611891538712839,0.7985705003248863,0.8606950950512668,0.011621799712012264,0.839425587467363,0.8737012987012988,0.45229909718036654,0.024415219117006434,0.4267912954092026,0.49854403734207153,0.8063750000000001,0.02848354788294464,0.75,0.82625,0.8853759375000001,0.009327056254206927,0.8699375,0.89868515625,0.906,0.02846489065498056,0.86875,0.94875,0.70675,0.07989289705599614,0.55125,0.77625
132,Deep,0.4303521121541659,0.00860905439453596,0.41533708820740384,0.44138214985529584,0.81962890625,0.006478109946148834,0.80859375,0.8279622395833334,0.8805191304875567,0.005145865809221957,0.8777160537978792,0.8908053047382536,0.7744415603450487,0.020458570335409893,0.7422914638104512,0.8,0.8650106451093793,0.014956276978509831,0.8458781362007168,0.8851924331376386,0.4576669275760651,0.02434651616986913,0.4340009391307831,0.5046011358499527,0.8088749999999999,0.030226747261324703,0.75625,0.848125,0.8833565625,0.012175977812617733,0.8617328125,0.89892578125,0.89125,0.03372684390808012,0.82875,0.93125,0.7265,0.08428152229284896,0.58125,0.82
133,Deep,0.42567214717467633,0.010257458222153243,0.4096456716458003,0.43576901654402417,0.8166015625,0.004701945334705171,0.8072916666666666,0.8196614583333334,0.8831626382482971,0.007330036588272232,0.8763223261304921,0.8954209546980434,0.7641577249471613,0.015551749646952856,0.7343496594226403,0.7786483839373164,0.8691752273046317,0.00712315555361571,0.860434923726063,0.8807579222476315,0.45139058828353884,0.02182099619689806,0.43069007992744446,0.49298396706581116,0.80975,0.02074999999999998,0.77375,0.831875,0.88454390625,0.00973339287531512,0.8668093749999999,0.89487109375,0.85225,0.06304462705100254,0.77875,0.93125,0.76725,0.10271745226591245,0.61625,0.885
134,Deep,0.42814073264598845,0.0152830116999191,0.4024885396162669,0.44413774212201435,0.81767578125,0.009554133504085478,0.8055013020833334,0.8331705729166666,0.881948138829857,0.008717773645338503,0.87345082986224,0.8961643011419008,0.7730796700599927,0.01788198877353153,0.7393703343070431,0.7883925660254321,0.862284052387278,0.010818305508404413,0.8502916396629941,0.8778030549236269,0.46040632128715514,0.024511088262651772,0.4287220388650894,0.5035214871168137,0.803375,0.03106595805701152,0.75375,0.844375,0.88371625,0.010127618698294599,0.8659296875,0.8947828124999999,0.9,0.04410215414239991,0.81875,0.9425,0.70675,0.09174216587807371,0.57625,0.83
135,Deep,0.42248690128326416,0.009766079316320364,0.405195248623689,0.43423006186882657,0.8216145833333334,0.005542464196508161,0.81640625,0.8318684895833334,0.883935171647963,0.005737377630548798,0.8770643739768531,0.8943399575294158,0.7718953598111122,0.015151984280463519,0.7525236079452947,0.7890117035110533,0.8712547063267104,0.012808992561979435,0.8503911342894394,0.8831592689295039,0.457649165391922,0.0248183416426329,0.41971367597579956,0.49540822207927704,0.811375,0.023053606008605235,0.783125,0.84625,0.8817187499999999,0.011584524915994543,0.8631835937499999,0.8977718750000001,0.89175,0.03254420071226208,0.8375,0.93125,0.731,0.07719860750039471,0.6525,0.855
136,Deep,0.42998855710029604,0.008474955337696693,0.4169560447335243,0.44100356101989746,0.8193033854166668,0.005531364329581909,0.81201171875,0.8258463541666666,0.8803303504648999,0.006074581915796975,0.8750745329366438,0.891566965315077,0.7775662700805243,0.01682103478850607,0.7496749024707412,0.7983606557377049,0.8610558955944546,0.014925596418976533,0.8319327731092437,0.8745110821382008,0.4564459264278412,0.014199508013745093,0.43470361828804016,0.47139541804790497,0.80725,0.021075014827990055,0.78625,0.83875,0.8818028124999999,0.012967802719545327,0.8606171874999999,0.89819375,0.9085000000000001,0.01836096402697854,0.89125,0.9425,0.7060000000000001,0.050146036732726953,0.635,0.765
137,Deep,0.4277260045210521,0.009555468672020992,0.4114537388086319,0.4390351225932439,0.8187825520833332,0.005537299785147116,0.81201171875,0.82568359375,0.8822438406398252,0.006638590741120279,0.8774392381273703,0.8954126632175413,0.7693830781406745,0.017940253224368277,0.7502435855797337,0.8015614834092388,0.8683203567939426,0.014736227921921327,0.8478827361563518,0.8921472792440535,0.4580056399106979,0.02764369263771277,0.4266953617334366,0.5036005973815918,0.798875,0.03001405920564561,0.754375,0.836875,0.885664375,0.012160620745826571,0.86255625,0.89756328125,0.9115,0.04443675280665767,0.82625,0.94875,0.68625,0.09736529155710469,0.56,0.8475
138,Deep,0.42625203927357996,0.00910314341278958,0.40874189386765164,0.4346908281246821,0.8233072916666666,0.004914825612007092,0.81689453125,0.82958984375,0.8825481184458541,0.006824184283116373,0.8769596287366686,0.8959327163624993,0.7869183337676313,0.02083548982746285,0.7630639402791302,0.8185076572173346,0.8597908120909781,0.013778594619633893,0.8341463414634146,0.8736532810969637,0.45646280944347384,0.025534580019942982,0.42547398805618286,0.4949871003627777,0.8011250000000001,0.023529901189762788,0.77,0.831875,0.8865609375,0.011081790153131665,0.866453125,0.8975828124999999,0.9204999999999999,0.02114828598255658,0.88375,0.94375,0.68175,0.062131916114023085,0.60125,0.76375
139,Deep,0.4220902706185976,0.011462884959883348,0.40233668436606723,0.4336219976345698,0.8236328125,0.007269835716092622,0.8155924479166666,0.8321940104166666,0.884583210925183,0.006875976591079369,0.8774670871374923,0.8966519129655257,0.7818484416936025,0.014132078942657203,0.7643790849673202,0.7996742671009772,0.8653754150751732,0.0069724165039171775,0.8542483660130719,0.8761408083441982,0.440628844499588,0.027243402007472852,0.4051194041967392,0.480884850025177,0.8154999999999999,0.02059429532661898,0.776875,0.838125,0.89021609375,0.015311461489018215,0.86727421875,0.91287890625,0.87675,0.04779252033529932,0.81625,0.93375,0.7542500000000001,0.08439342391442595,0.62,0.86
140,Deep,0.4215357954303423,0.011372803583986598,0.40046833952267963,0.43286188691854477,0.8224934895833333,0.006788182650201112,0.81396484375,0.8343098958333334,0.8849659549419991,0.006979980774713011,0.8790322093549259,0.8984046934344708,0.7819397156930803,0.020441686748095857,0.7535096310806398,0.8112228349010704,0.8630339027041455,0.01809845853954789,0.8301208755308722,0.8798436991208075,0.4515079230070114,0.02340030579526962,0.4252690076828003,0.4871697425842285,0.8103750000000002,0.028615446003863048,0.771875,0.848125,0.8877331250000001,0.005691232669367412,0.8779171875,0.89450390625,0.8800000000000001,0.049478530697667236,0.83625,0.95375,0.74075,0.103021842344233,0.61375,0.84875
141,Deep,0.42495253781477604,0.007257608678065856,0.4121030618747075,0.4320770998795827,0.82314453125,0.0067709898319253435,0.81591796875,0.83447265625,0.8830621242745252,0.005505069185213291,0.8757100252750135,0.8926237498913872,0.7862052519772018,0.01772123685524427,0.7644199611147116,0.8096010379500487,0.8602111108657544,0.018879540715811362,0.8248938255472068,0.8814332247557003,0.4509805738925934,0.019073029059310916,0.4206532686948776,0.47332580387592316,0.81075,0.023853065840683873,0.77625,0.844375,0.888463125,0.011859445748718478,0.8708890625,0.90368046875,0.87675,0.04842261868176896,0.82,0.955,0.74475,0.09415545655988292,0.5975,0.85
142,Deep,0.42077192564805344,0.01056592331028447,0.4070199131965637,0.43705130120118457,0.8235677083333334,0.008330408218718617,0.8089192708333334,0.8343098958333334,0.8845124136849197,0.005041150214267416,0.875912150420047,0.8902336484843758,0.7688601937686504,0.021295067044382793,0.7308690012970168,0.790962288686606,0.8783905933811441,0.011091034336049417,0.8596147567744041,0.8914174252275683,0.45422528982162474,0.02133329548105127,0.4301096796989441,0.49159348011016846,0.811375,0.02529327973988347,0.77375,0.84125,0.88552609375,0.010128044748602124,0.86799140625,0.8966546875,0.8692499999999999,0.060164358219796536,0.80125,0.9525,0.7535000000000001,0.1082543301674349,0.62,0.865
143,Deep,0.4199518437186877,0.01018531343415041,0.40688688556353253,0.43235722680886585,0.8270182291666666,0.006478109946148848,0.8180338541666666,0.83349609375,0.8850367010315627,0.005628110965354067,0.8780912941070755,0.8935237877659042,0.7870087816534934,0.0172825121757654,0.7623376623376623,0.8120325203252032,0.8671465054752382,0.006483249323994798,0.8550016291951776,0.8740208877284595,0.45261275470256807,0.021451048806182496,0.43050141632556915,0.4857480227947235,0.81075,0.0227156333832011,0.781875,0.841875,0.8845659375,0.009716111134408241,0.8676421875,0.8944296875,0.8815,0.05164421555217969,0.8125,0.94875,0.74,0.09504932929800189,0.6325,0.8475
144,Deep,0.4184421981374422,0.006437524405357285,0.4063488766551018,0.42480312784512836,0.8259765625,0.00593787833452895,0.81787109375,0.8349609375,0.8866370661570636,0.004154732296949061,0.8816505261971095,0.8928412632546239,0.779821917763764,0.024596656993800124,0.7501624431448993,0.8153344208809136,0.8723667291261931,0.01693215512658645,0.8431308866515103,0.8920065252854812,0.462087681889534,0.023777583611957597,0.42621126770973206,0.49694080650806427,0.804125,0.02553979737586031,0.7775,0.84125,0.8814585937499999,0.012355144888855397,0.8583531249999999,0.89200234375,0.8785000000000001,0.06237687872922143,0.8,0.94875,0.72975,0.11218957170789091,0.6225,0.875
145,Deep,0.42364727606376007,0.00475322616512069,0.41780707985162735,0.42988912512858707,0.8246744791666666,0.008708153827770137,0.81103515625,0.8338216145833334,0.8831448162237964,0.0037391443517773237,0.8783556748288784,0.8887851915131878,0.7823214909416183,0.026565803948331676,0.7348927875243665,0.8077922077922078,0.8671973991336515,0.010770636094701634,0.856537332898598,0.8874755381604696,0.4590130716562271,0.0202333255697196,0.42507192492485046,0.4835499972105026,0.8076250000000001,0.02483508103469768,0.765,0.836875,0.88578828125,0.013986376489102574,0.8624445312500001,0.90312109375,0.8632500000000001,0.057050416299971034,0.79,0.95625,0.752,0.1062414702458508,0.57375,0.88375
146,Deep,0.42594639013210933,0.007898132237926098,0.4120478456219037,0.43474094072977704,0.8216145833333334,0.007744386232662982,0.8063151041666666,0.82763671875,0.8812447209601066,0.0039413646507626705,0.8778345368017184,0.8886805522368274,0.7810459295799698,0.02847467038125191,0.7334200260078023,0.8207054212932724,0.8623149250421429,0.01939985743768566,0.827384815055159,0.8794002607561929,0.460159096121788,0.016627381665439016,0.4367564022541046,0.47735758125782013,0.803375,0.023784842862629958,0.775,0.838125,0.882164375,0.008855572880673613,0.86746171875,0.89282421875,0.873,0.0629116443911618,0.79375,0.95375,0.7337499999999999,0.10958159060718184,0.59625,0.87125
147,Deep,0.421265738705794,0.012000224452043337,0.40581832577784854,0.4371003930767377,0.8208658854166666,0.008394777747499005,0.80517578125,0.8282877604166666,0.8847494888553202,0.006136618450377362,0.8789479372799593,0.8944528097555186,0.7752347200486028,0.031250557328674364,0.7215354586857514,0.8188073394495413,0.8664898443086784,0.020492918693879807,0.8292367399741267,0.8889250814332248,0.4504546731710434,0.027349525110658426,0.42308856546878815,0.503037616610527,0.806125,0.028246681220985944,0.754375,0.838125,0.883365625,0.011734897926514026,0.8641351562499999,0.8983343749999999,0.8480000000000001,0.0765857362698825,0.7825,0.95375,0.76425,0.1276288564549569,0.555,0.88625
148,Deep,0.4258012468616167,0.009276676463516547,0.4115932782491048,0.436227522790432,0.8201497395833334,0.006997562286740617,0.8068033854166666,0.8260091145833334,0.8814312092539506,0.00712289609123997,0.8741635012354958,0.893802230146385,0.7712492517100189,0.01900481859519368,0.7413290113452188,0.7976501305483029,0.8691098701447999,0.010616976345687078,0.8496753246753247,0.8808981451350472,0.44943921864032743,0.027113809692018973,0.4084368646144867,0.49405093491077423,0.807625,0.02878096158921727,0.761875,0.84625,0.8854248437500001,0.009849758451491837,0.87156796875,0.9020218750000001,0.8702500000000001,0.061529464486536824,0.79,0.94,0.7449999999999999,0.11472793905583765,0.58375,0.87625
149,Deep,0.42134465624888734,0.007016302447319407,0.40921565145254135,0.4285467515389125,0.8191080729166668,0.00393678387516142,0.8142903645833334,0.8245442708333334,0.8855020689134274,0.005032819352580246,0.8792446472357209,0.8939844078074768,0.7700096644403251,0.023808704290312205,0.7391304347826086,0.8016260162601626,0.8682661787722077,0.01870985970385293,0.8387096774193549,0.8899412148922273,0.4535157263278961,0.028602025679705625,0.42015698552131653,0.5050213783979416,0.805625,0.030976301425444577,0.765,0.839375,0.8878415625,0.011289377649147803,0.86782734375,0.89944375,0.8747499999999999,0.07155155483984957,0.76875,0.95375,0.7365,0.12183852018142705,0.59,0.87375
150,Deep,0.41980420102675764,0.0113574453826668,0.4041791136066119,0.4331267476081848,0.8212239583333334,0.008238700140982252,0.8118489583333334,0.8352864583333334,0.8868242483632874,0.006306404697050577,0.8800315348440955,0.8967972750161066,0.7641711817584103,0.0250002926427758,0.7389033942558747,0.796242306446388,0.8782608276395084,0.01931818726158962,0.8478900883218842,0.9064935064935065,0.44689042270183565,0.0259330991150476,0.4246911108493805,0.4970492422580719,0.815625,0.024186773244895644,0.7825,0.83875,0.8891876562500001,0.012883765830402858,0.86365,0.8988328125,0.8852499999999999,0.05392935193380317,0.80125,0.94125,0.746,0.09272742312822027,0.63875,0.86375
151,Deep,0.4229976286490758,0.009332307827126933,0.4071905016899109,0.4336695497234662,0.8217122395833334,0.004925593833171283,0.814453125,0.8291015625,0.8851358915623042,0.0072983570276351425,0.8782935627131004,0.8990743303499524,0.7769669267566999,0.018583940738255467,0.7527687296416938,0.8000653381247959,0.866345571720716,0.010789778089399413,0.8472267272137528,0.876057254391672,0.45069252550601957,0.02101125498718116,0.43600423634052277,0.49218952655792236,0.8089999999999999,0.020373849660778404,0.791875,0.84125,0.888366875,0.01375351271359032,0.8619578125,0.90003046875,0.8985000000000001,0.042759501868005874,0.82125,0.945,0.7195,0.0687731779111595,0.64375,0.82875
152,Deep,0.41977050950129835,0.005117493898283261,0.4101571987072627,0.4255459929505984,0.8240885416666668,0.004242274624386702,0.8190104166666666,0.8287760416666666,0.8845171936797082,0.0042861813543229104,0.8796279606979842,0.8920557860872809,0.7768541808686349,0.022036428659176394,0.7534959349593496,0.8164988632672946,0.8713317710897023,0.016372856260109796,0.8411092985318107,0.8853896103896104,0.4527488797903061,0.017139048289262014,0.43174996972084045,0.47462692856788635,0.8098750000000001,0.027634331003300934,0.763125,0.843125,0.8859845312499999,0.011958811876358832,0.8653656249999999,0.9007921875,0.88575,0.05470717503216558,0.80875,0.96,0.7340000000000001,0.09627889176761437,0.56625,0.83375
153,Deep,0.42186783353487645,0.015755854275221918,0.40405771632989246,0.44266602396965027,0.82392578125,0.00807357293199472,0.8138020833333334,0.8367513020833334,0.8855202855133125,0.0085824102425482,0.8752321667141385,0.8979046997997704,0.7758989895423059,0.025071902881559638,0.7438391699092088,0.8086139896373057,0.8720359665476854,0.015135730318110935,0.8442408376963351,0.8868660598179454,0.4537546843290329,0.006749336609666343,0.4436980187892914,0.4599893391132355,0.804625,0.014456832294800976,0.786875,0.82625,0.8848625,0.010489842312830386,0.86814453125,0.89938828125,0.90425,0.035747377526190664,0.84625,0.9475,0.705,0.05190134873006675,0.62625,0.78625
154,Deep,0.4168255731463432,0.012382851034758786,0.3951592793067296,0.42946746697028476,0.82265625,0.011021945063206641,0.8064778645833334,0.8333333333333334,0.887468265427189,0.008063332651401764,0.879086750007285,0.902643362681071,0.7727986493276264,0.033869432075138345,0.7184339314845024,0.8156697009102731,0.8723583737616254,0.01741361808054759,0.8458279009126467,0.8941214680090939,0.4416903585195541,0.0183239198562829,0.41990238428115845,0.4692230224609375,0.8195,0.016767714513313974,0.798125,0.84875,0.8857756250000002,0.012052707644851663,0.86536953125,0.90188359375,0.85825,0.06163197222221597,0.76125,0.93875,0.78075,0.07923304234976716,0.68125,0.8775
155,Deep,0.4184520587325096,0.012897152557344435,0.39435721685489017,0.43093737463156384,0.8223958333333332,0.010843020289698838,0.8069661458333334,0.8346354166666666,0.8870164646407606,0.009081884146783355,0.8804619496830355,0.9045398783927652,0.7709003693272749,0.03377554182380778,0.7262059973924381,0.8175895765472313,0.8738437532606159,0.018764927132330425,0.8405985686402082,0.897594278283485,0.4396225422620773,0.0261011068319455,0.40702061355113983,0.4862152636051178,0.819125,0.0214206384125217,0.785625,0.8525,0.88699890625,0.013988190903959821,0.8610093750000001,0.90047109375,0.8520000000000001,0.0639022691302899,0.735,0.91,0.7862499999999999,0.08402008688403031,0.66125,0.89375
156,Deep,0.4143125320474307,0.01301009693227164,0.39938629418611526,0.4295561263958613,0.82763671875,0.006732066754859441,0.8186848958333334,0.8347981770833334,0.8887452663523991,0.007232143394291998,0.8810354742511617,0.9004160213796418,0.7843075943193353,0.014380609420713895,0.7661999348746337,0.8041203400915631,0.8709946146023639,0.008364075778160939,0.857096565132858,0.8816606734226872,0.4377032667398453,0.011433911341310292,0.4232418090105057,0.4553464204072952,0.8261249999999999,0.01662265020987927,0.80625,0.85625,0.8866509375,0.010574771040942633,0.8676265625,0.8965812499999999,0.8625,0.036716821757880956,0.79375,0.9025,0.7897500000000001,0.048253238233304074,0.7425,0.86125
157,Deep,0.41493000735839214,0.013596363236098231,0.3914356380701065,0.43282676488161087,0.8267578125,0.008836916406748519,0.81396484375,0.8357747395833334,0.8872673739592898,0.008075745891195434,0.8785747482719393,0.9018253646241681,0.7815724855433517,0.020751363918123423,0.758732212160414,0.8078559738134207,0.8720657252221045,0.013657980798026685,0.8562641631595985,0.8951481602084012,0.4399338036775589,0.026498323944932917,0.4123900681734085,0.4897880256175995,0.818125,0.02130507568632414,0.78,0.843125,0.88821171875,0.010617068995383547,0.86982890625,0.90092578125,0.8550000000000001,0.04916172291529253,0.805,0.91875,0.78125,0.0887869641332555,0.64125,0.88125
158,Deep,0.4183159475525221,0.011301861105265655,0.4010099619626999,0.4312043637037277,0.82275390625,0.0076417705610638985,0.8115234375,0.8308919270833334,0.8861899461069438,0.006629796210477834,0.8775332335574265,0.8957719622088094,0.7696276689648426,0.018662241157517464,0.7401960784313726,0.7900713822193381,0.8758255190261636,0.007857790623363939,0.8605486610058785,0.882295719844358,0.44040475189685824,0.0167282562347537,0.41347262263298035,0.46609222888946533,0.814125,0.021652800049878074,0.785625,0.845625,0.8847901562499999,0.013152433518961558,0.86047734375,0.89948671875,0.8714999999999999,0.03950791060028359,0.8075,0.9125,0.75675,0.08076431761613542,0.665,0.88375
159,Deep,0.41875171661376953,0.010794972907684098,0.4052661210298538,0.43351902067661285,0.8208984375,0.01173979952685619,0.8020833333333334,0.8323567708333334,0.887634907772294,0.004073882492451003,0.8837358304949111,0.8939576922424828,0.7729882789383413,0.04671203660810934,0.6989596879063719,0.8204878048780487,0.8687498098111931,0.026871817136655953,0.8315412186379928,0.9054758800521513,0.4465261161327362,0.016687634645521334,0.42126236855983734,0.4648643881082535,0.805125,0.023269481085748348,0.774375,0.838125,0.8864262500000001,0.011769787906884592,0.8675796875,0.90373203125,0.8664999999999999,0.06800459543295585,0.7825,0.935,0.74375,0.10990052320166632,0.61375,0.89125
160,Deep,0.41808846443891523,0.01575121764246675,0.39528796821832657,0.43701521803935367,0.8206380208333333,0.015653118687576347,0.7957356770833334,0.8388671875,0.8861046061181762,0.007720996339934325,0.8780205411047268,0.8981600337558323,0.7673675727729327,0.04192596937689047,0.7083740632127729,0.831644328211834,0.8738164635246946,0.026476596956115216,0.8220421393841167,0.8974609375,0.4455410987138748,0.019407488740655107,0.4145185798406601,0.4752226918935776,0.817,0.01103545422717162,0.803125,0.835,0.8866923437499998,0.011912486918359177,0.8680328125,0.90487265625,0.866,0.06301983814641228,0.765,0.935,0.768,0.06837671387248734,0.6825,0.8675
161,Deep,0.41739568263292315,0.012696735725416002,0.4000919312238693,0.4330674409866333,0.82138671875,0.012108587423985379,0.80419921875,0.83642578125,0.88707424030379,0.006269735814021951,0.8777381579081218,0.8955435839943713,0.7736734847745251,0.033227281940356346,0.7219876583306268,0.8098179453836151,0.8691548055797824,0.014862186265296708,0.8415906127770535,0.8867862969004894,0.44659269154071807,0.03322785044044386,0.3954995274543762,0.4992865175008774,0.8063749999999998,0.02703412195725985,0.770625,0.85,0.8853512499999999,0.014674922794795285,0.86618671875,0.9099328124999999,0.8852500000000001,0.04565084884205331,0.8025,0.93375,0.7275,0.08304366321399846,0.62125,0.83625
162,Deep,0.41297238518794377,0.01382716534920531,0.3937977080543836,0.43333248297373456,0.8308268229166668,0.009029081853595293,0.82080078125,0.8435872395833334,0.8874228410903642,0.008823295394637016,0.8742579325872605,0.901013974602421,0.7948472456574072,0.02103041962911137,0.7649544863459038,0.8213002286834368,0.8668371079411058,0.016639302604735073,0.8417126175802789,0.8893603133159269,0.44655583798885345,0.03207582505784187,0.40381039679050446,0.5021491646766663,0.8099999999999999,0.025319829185837712,0.774375,0.84875,0.8836060937499999,0.01423776129794794,0.8609828125,0.90474296875,0.8809999999999999,0.04019017292821718,0.81875,0.92625,0.7390000000000001,0.08330816286535189,0.635,0.84625
163,Deep,0.41687994947036106,0.011982606609271494,0.4006197502215703,0.4337681134541829,0.8261067708333332,0.008040825834441788,0.814453125,0.83447265625,0.8866117684910524,0.008502592440863347,0.8753554093055219,0.8995717794259782,0.7769504780442814,0.01942291071396387,0.7487700885536241,0.7970731707317074,0.8750652843224502,0.004200018524523636,0.8673835125448028,0.8791599353796445,0.44502479434013364,0.019287973751234134,0.4141715317964554,0.4703540951013565,0.820125,0.014396180048887956,0.80125,0.844375,0.88413671875,0.012429624636468913,0.8630359375000001,0.89913984375,0.8542500000000001,0.03819031290785662,0.8,0.9,0.786,0.05741515479383469,0.73,0.87
164,Deep,0.41950251062711075,0.012190715808730525,0.399124450981617,0.433082881073157,0.82294921875,0.006736315257681195,0.8121744791666666,0.8299153645833334,0.8847571291260508,0.006754119109525742,0.8777119330138875,0.897199997668784,0.7689057126533707,0.018564189588807414,0.7483702737940026,0.7981770833333334,0.8769538729344791,0.012705049793107222,0.8567708333333334,0.8952691680261011,0.4447494238615036,0.01656155431254542,0.414213627576828,0.4643937945365906,0.8168749999999999,0.014763764763772131,0.805,0.845,0.8843762500000001,0.011098648550981513,0.8655195312499999,0.900090625,0.8539999999999999,0.04371355624974934,0.805,0.90625,0.7797499999999999,0.0687177196944136,0.70375,0.885
165,Deep,0.4159406051039696,0.0137489082593072,0.3898736760020256,0.4270040715734164,0.8238932291666667,0.009169061521325827,0.8115234375,0.8396809895833334,0.8873895124564457,0.0071545692847053465,0.8806270414610304,0.9009682601867175,0.7838894653016751,0.025549267694655497,0.750568366352712,0.8142625607779579,0.8640400305998966,0.014797430114731015,0.8372016999019287,0.8807817589576548,0.4446145921945572,0.01482338845018895,0.42064453661441803,0.4627860486507416,0.812125,0.018710792340251133,0.78375,0.839375,0.8824640625000001,0.009229902536326075,0.86668359375,0.8948796875000001,0.867,0.04756968572525997,0.82,0.935,0.7572499999999999,0.08320682063388797,0.6325,0.85875
166,Deep,0.4136298825343451,0.01321444512612097,0.39239510397116345,0.4272347316145897,0.8282552083333332,0.010199456539926637,0.81591796875,0.8408203125,0.8877441890667086,0.00663889542509294,0.880560466709441,0.8999780972775456,0.7856163746907974,0.02574431153662664,0.7380097879282218,0.8122966818477554,0.8708700648204941,0.019104873739368495,0.8408721119427269,0.8934719064631373,0.44805470407009124,0.012853499616412242,0.4255398362874985,0.4639097601175308,0.8154999999999999,0.013442005058770053,0.8,0.834375,0.8831893749999999,0.011189514762714263,0.86464140625,0.89878515625,0.8682500000000001,0.04994121544375947,0.7975,0.94375,0.7627499999999999,0.07494748161212622,0.665,0.87125
167,Deep,0.41573331505060196,0.015270602286395946,0.38932260622580844,0.4312794382373492,0.8222330729166666,0.01146803936097792,0.8050130208333334,0.8341471354166666,0.8877712064896457,0.009255698143173442,0.8796409700275344,0.9053784575594237,0.77186868929839,0.03559430994731927,0.7124352331606217,0.814416177429876,0.8728712742588696,0.0340472718414283,0.8118908382066277,0.9103065883887802,0.4408177763223648,0.02062626667101445,0.40973977744579315,0.4731900691986084,0.8246249999999999,0.014079018076556317,0.810625,0.850625,0.8867804687499999,0.012278381722150655,0.8657812500000001,0.9032,0.84275,0.05537034404805518,0.77125,0.93875,0.8065,0.07238525402317796,0.6825,0.88125
168,Deep,0.41179238855838773,0.009771670225392019,0.39853543043136597,0.42232946554819745,0.8261067708333332,0.011987213528060555,0.8092447916666666,0.8401692708333334,0.8902733494551036,0.00569558608811324,0.884379957451286,0.9004796888555126,0.7782755589551394,0.029422182583258894,0.732444733420026,0.8089047773805654,0.8740515244262277,0.013927542529949698,0.8489465153970827,0.8866818625854771,0.4389223575592041,0.01942273881211105,0.4033769220113754,0.45662544667720795,0.8195,0.017555269864060752,0.803125,0.850625,0.8864440625000001,0.012441948821567938,0.867284375,0.904015625,0.8554999999999999,0.046169524580614844,0.80125,0.94,0.7835,0.07146852454052764,0.66625,0.86375
169,Deep,0.4174403165777524,0.008096883844106943,0.40525035311778385,0.4269854699571927,0.8220377604166667,0.007759149435124772,0.80908203125,0.83056640625,0.8879967142054376,0.005922891863101386,0.8816181693202305,0.8975879089205938,0.7733940552175291,0.02092646323639471,0.7396680767979174,0.8021442495126706,0.8706492737228728,0.014488665018152215,0.8421395955642531,0.8821998047510576,0.4504122018814087,0.024826240815982812,0.41045987606048584,0.4828130155801773,0.8088750000000001,0.027258599560505664,0.764375,0.848125,0.88593875,0.012946530839997862,0.86475625,0.9046015625,0.87375,0.04687749993333686,0.8275,0.96,0.744,0.09991996797437439,0.56875,0.86875
